ced1;bed1;bed2;aimp;adfl;bso2
315.8286080099149;2.337589802113265;1.1457628592689029;0.0;1.0;0.0751617894591281
366.4642794773848;1.0528892422651532;0.0547309437328406;0.0;1.0;1.1480530449956503
318.67749648774304;0.1437702400347615;3.3611610060769783e-06;0.0;1.0;1.425816064461245
321.12458851117657;0.1481710689537571;3.920292761133668e-06;0.0;1.0;1.3619517669530317
323.58042072568594;0.152706607915454;4.572436519765175e-06;0.0;1.0;1.2555929132826928
324.40091686837565;0.154249098904499;4.8130910734370265e-06;0.0;1.0;1.211383185869153
330.1694655197536;0.1654917214236908;6.8922154098882345e-06;0.0;1.0;0.8129239062170225
333.48428386401145;0.1722802506994494;8.461832441295858e-06;0.0;1.0;0.5592696821779469
340.1498379608583;0.1867041357590889;1.2754856561854828e-05;0.0;1.0;0.1897996571455924
350.22220696113953;0.2106355170498467;2.360436466917236e-05;0.0;0.0;0.4262599677634523
351.9077257700887;0.2149122712476755;2.615442068606356e-05;0.0;0.0;0.4946013410371079
355.2831671979129;0.2237280490553729;3.2110767334275895e-05;0.0;0.0;0.5833184799122654
357.8179361208875;0.2305763986723401;3.745241852663758e-05;0.0;0.0;0.5954770738286723
359.50897123202134;0.2352580335397817;4.149852468325494e-05;0.0;0.0;0.5733271523648221
360.35477753107466;0.2376343773129109;4.368265756132099e-05;0.0;0.0;0.552670369218744
363.7393808554508;0.2473822239933215;5.363084391472869e-05;0.0;0.0;0.4057294597464125
364.5857558991547;0.2498810343366884;5.645351991024073e-05;0.0;0.0;0.3534831453729534
367.97140682583625;0.2601312432441692;6.931011261146337e-05;0.0;0.0;0.0910565206975169
373.65813038463625;2.751273045826047;1.4585997920086584;0.0;1.0;1.1736201613166055
363.602733816616;2.8071350329823965;1.6161770548572394;0.0;1.0;1.1472311237816692
350.9406216692589;2.864131244752981;1.7907779001188249;0.0;1.0;1.112533383496061
329.1107156668609;1.9707159343570968;1.0865838887622183;0.0;1.0;0.9952701880970072
321.1916884416483;1.0628181131093288;0.2636031181377797;0.0;1.0;0.7967736368128067
320.94168225089646;1.0843976258640229;0.2920810173271797;0.0;1.0;0.743945379601999
320.4532807066926;1.117591202159358;0.3406689223818979;0.0;1.0;0.6771510601384851
320.25692383705683;1.1288800021811696;0.3585988656651557;0.0;1.0;0.659424460494841
320.0420566483692;1.14028283048603;0.3774724901738481;0.0;1.0;0.6444463247309685
319.8074117037288;1.1518008388747778;0.3973394633408928;0.0;1.0;0.632481509328197
318.969132408606;1.1870576377743127;0.4634371929912731;0.0;1.0;0.6169971537779981
312.9248721650782;0.4289399990043555;0.0005830488415757;0.0;1.0;1.644723189020733
313.9448025697524;0.4376492184515411;0.0006460374975908;0.0;1.0;1.6966121687450977
315.94992295908133;0.4556017450577805;0.0007931645676025;0.0;1.0;1.7234354236761569
316.4436521700347;0.460203782886647;0.0008349100711605;0.0;1.0;1.712027367425485
317.9058335408826;0.474290690690856;0.0009737980127255;0.0;1.0;1.631052765660394
318.3867029581428;0.4790815057483394;0.0010250505397111;0.0;1.0;1.588330855881049
318.8642140935982;0.4839207128771106;0.0010790005681169;0.0;1.0;1.537867871390753
319.80892628086946;0.4937462635211821;0.0011955684965285;0.0;1.0;1.41459769890071
320.73949291700006;0.5037713126427733;0.0013247296360426;0.0;1.0;1.2638528740134485
322.55622610321683;0.5244361910713883;0.0016264204676669;0.0;1.0;0.8971189072544786
323.8779323231323;0.5404892626617035;0.0018969767810665;0.0;1.0;0.5886510220106105
324.3103741761728;0.5459487501633369;0.0019968176642806;0.0;1.0;0.4843671252782412
325.58237935263526;0.5626603244601271;0.0023289898402456;0.0;1.0;0.1819169343549136
326.8149543954944;0.5798834425884466;0.0027164191167757;0.0;1.0;-0.0814522568665204
328.0061827824589;0.5976337629827987;0.0031682975556504;0.0;1.0;-0.2757619767399272
328.7763888399732;0.6097681491509016;0.0035105790090309;0.0;1.0;-0.3532789751304504
329.52673562928715;0.6221489125098476;0.0038898382371534;0.0;1.0;-0.3810843742833864
331.98752159790894;0.667494949690943;0.0055701424783006;0.0;0.0;-0.1588648086882319
332.9584893006038;0.6879270716458978;0.0064967400242608;0.0;0.0;0.0026017381388615
333.87595832522027;0.7089846239621991;0.0075774777947349;0.0;0.0;0.18440779879215
335.01188558659214;0.738067425412478;0.0093031548803154;0.0;0.0;0.4327436465509547
335.5407549989263;0.7530531837694909;0.0103082048535351;0.0;0.0;0.5479838867864605
337.76320818341054;0.8326715053061614;0.0172165840755501;0.0;0.0;0.8265966802793099
337.94436466893023;0.8410823285920822;0.0181227200795264;0.0;0.0;0.814163653861367
338.1176292760673;0.849578109688972;0.0190765474521331;0.0;0.0;0.7929234788011673
315.8304028625572;1.5080889064324443;0.5736153220149351;0.0;1.0;1.3609502519904233
320.53470484767325;1.3915810371361423;0.3805481243251626;0.0;1.0;1.503093511021297
320.9980157162028;1.3776652267647809;0.3615207181089045;0.0;1.0;1.4973825746380962
321.8600853418036;1.3502496887521616;0.3262724480932863;0.0;1.0;1.4723013726286531
323.0072667575665;1.3101459227465335;0.2797378401839813;0.0;1.0;1.405234846304983
323.354057700562;1.2970444635190683;0.2657509481747823;0.0;1.0;1.3764602450839811
325.3421815944691;1.2089301991407355;0.1855837985827277;0.0;1.0;1.126317030929894
325.56847607852745;1.1968408971493285;0.1763046086535913;0.0;1.0;1.0884722600146537
326.1678540310555;1.161293525663096;0.1511591638443729;0.0;1.0;0.979981128535956
326.34199230381057;1.149680590406465;0.1436012056521542;0.0;1.0;0.9465552136265316
326.5036890083548;1.1381837845024003;0.1364211453695465;0.0;1.0;0.9149634120722924
335.6204606499777;2.0311606650843244;0.9526429737873816;0.0;0.0;0.646632911520868
338.9798603060907;1.9907405678491463;0.859760283843112;0.0;0.0;0.5275044179079608
341.8754941602251;1.9511248305489484;0.7759336561684086;0.0;0.0;0.3973242193878078
343.1820200535215;1.9316135822434588;0.7371369733599882;0.0;0.0;0.3299212150519341
344.40818338788785;1.9122974464210245;0.7002801246919887;0.0;0.0;0.2619297170330394
352.1424190227156;1.7645623228530602;0.4645801423463176;0.0;0.0;-0.22762565168731
356.3570281178559;1.6613003993470747;0.3415090951841862;0.0;0.0;-0.4358167628498605
357.55341201761195;1.628240521400068;0.308211958403728;0.0;0.0;-0.4649427975506634
358.66081999752225;1.5958385350242068;0.2781612924593646;0.0;0.0;-0.4740157527861049
361.5060167311436;1.5024503023744633;0.2044741103726479;0.0;0.0;-0.3958926813362672
362.6856272483279;1.4578260259436393;0.175310990380749;0.0;0.0;-0.3120840805619759
363.0454376670924;1.4432477656842029;0.1665454408617115;0.0;0.0;-0.2799005703915602
364.0289758254653;1.4003818637956162;0.1427918973588099;0.0;1.0;-0.1566064296960489
364.874242067076;1.3587891220590227;0.1224262029980096;0.0;1.0;0.0456131561091816
365.126393808006;1.3452012308384325;0.1163048928481091;0.0;1.0;0.1271792276404683
365.7970846747144;1.3052474090813002;0.0997169075056476;0.0;1.0;0.3997360392278656
365.9927384697818;1.292194934990487;0.0947310621303652;0.0;1.0;0.4963465607452317
366.6409048700449;1.2412772986940714;0.0771590421743207;0.0;1.0;0.8844113131631444
367.0825240726698;1.1923660204291031;0.0628465220949978;0.0;1.0;1.2319623694974564
367.2846864921401;1.1569515572563382;0.0538830368811988;0.0;1.0;1.4384432716663555
367.3283486046829;1.1453820416837748;0.0511888850371388;0.0;1.0;1.494283468540415
367.360406780132;1.133928221266937;0.0486294407852819;0.0;1.0;1.5430928853605637
367.38846858782335;1.1002494191670875;0.041693666793281;0.0;1.0;1.6457046968458438
367.27243606175983;1.0568952020567222;0.0339597521885449;0.0;1.0;1.6805314786447607
367.21697858234745;1.046326250036155;0.0322617645791176;0.0;1.0;1.6721086638063754
366.8934863465496;1.005096820942993;0.0262774088857199;0.0;1.0;1.5799845766807463
366.672612427248;0.985095394206227;0.0237153615193622;0.0;1.0;1.5052292664713862
366.2703130709425;0.955837075902908;0.0203329580826632;0.0;1.0;1.3689604461649776
365.01772330888485;0.890902616693844;0.0141992629690345;0.0;1.0;1.015101312947627
364.5834279445361;0.8731736546216364;0.0128148348295537;0.0;1.0;0.9229386862399788
364.3541213830825;0.86444191807542;0.012174093088076;0.0;1.0;0.8804582685885269
363.8717483408345;0.8472395239057192;0.0109871190119886;0.0;1.0;0.8042840755796689
363.61890136164055;0.838767128666662;0.0104377630613891;0.0;1.0;0.7711030969238694
363.3584250899098;0.8303794573799954;0.0099158749083197;0.0;1.0;0.7414650858766867
362.2423454695114;0.7976591935451887;0.0080765420870445;0.0;1.0;0.6607421925693103
361.9453014864096;0.7896826016097368;0.0076727149826923;0.0;1.0;0.6502581443074947
358.2369052865852;0.7070330419437433;0.0043642409901663;0.0;1.0;0.7549687267703183
357.86215735351817;0.6999627115243059;0.004146028940658;0.0;1.0;0.7789004399231705
357.09512293084333;0.6860334535649723;0.0037417911189439;0.0;1.0;0.8301508609857141
354.65990002922223;0.645886878356434;0.0027505603079483;0.0;1.0;0.9904304032149284
353.3709624333823;0.6267033921823695;0.0023582616440271;0.0;1.0;1.0615702952374002
352.9312859155874;0.6204363582605458;0.0022403485618258;0.0;1.0;1.082547409226574
346.79801025073573;0.5444459478065484;0.0011500651979999;0.0;1.0;1.1829375018275468
345.28224067272697;0.5282753587107462;0.0009860371491351;0.0;1.0;1.1620126077420148
342.6816866296426;0.5023846097412729;0.0007629767496676;0.0;0.0;1.02914419404672
337.2297189742432;0.4543476358103007;0.000456822363806;0.0;0.0;0.2690048821318891
333.8172824292977;0.4277592800426731;0.0003358064150899;0.0;0.0;-0.2117957590500383
331.4905951813828;0.4109038576494645;0.0002735164238808;0.0;1.0;-0.3695185040785343
329.126247639164;0.3947126061516836;0.0002227808367286;0.0;1.0;-0.3041134291056426
328.52963437634617;0.3907654800901667;0.0002116417948921;0.0;1.0;-0.2573503021513402
327.3300998356623;0.3829892470363724;0.0001910067198902;0.0;0.0;-0.1382811953609877
316.2100041728019;0.3196097971392599;7.587060406212694e-05;0.0;0.0;0.4281573139068814
313.03660005458147;0.3039457369299936;5.8707227139883886e-05;0.0;0.0;0.3481017494675421
338.8617127790746;0.8933617231624118;0.0246536797788884;0.0;0.0;0.5526834323780675
339.47058331088056;0.9488906629957068;0.0335382284763434;0.0;1.0;0.0020639637509382
339.5402757509099;0.9584754171673804;0.0353033983961509;0.0;1.0;-0.1046672907268946
339.6005580080844;0.968156987037758;0.0371614719959483;0.0;1.0;-0.2044931347691994
339.7236712650975;0.9977924196951228;0.0433433118483142;0.0;1.0;-0.4497108612105049
339.7563354196363;1.0180516474799743;0.0480258303028412;0.0;1.0;-0.5559301590269994
339.7482258201229;1.0387222196510295;0.0532142164020401;0.0;1.0;-0.6064173633853964
339.6982431358426;1.0598124881655235;0.0589631206670804;0.0;0.0;-0.5994983361829181
339.6571972453032;1.07051766481366;0.0620664428074531;0.0;0.0;-0.5839333369529753
339.5422732306588;1.0922535096558106;0.0687716817811115;0.0;0.0;-0.53299648622381
337.646248293438;1.244703523937221;0.1339685251241453;0.0;0.0;0.3388389059909332
336.6234872862363;1.2957617052117687;0.1644782039722167;0.0;0.0;0.681274295859308
335.3689249357152;1.3489143112428386;0.2019360857847521;0.0;0.0;0.9664845015151188
335.0168265174163;1.3625397083260995;0.2125643008260548;0.0;0.0;1.0218273265991946
333.86223147958594;1.4042472560788988;0.2479245380680039;0.0;0.0;1.135709457469063
331.06322759723565;1.4915314539263795;0.3372701307549592;0.0;1.0;1.2007891020259884
329.9634520399969;1.5218155840489538;0.373706516071977;0.0;1.0;1.2080934221158417
328.7658161069727;1.5527146046821283;0.414079242185016;0.0;1.0;1.2073691569711589
326.02226431364306;1.61640751004382;0.5083806811611526;0.0;1.0;1.1795870529354002
325.2502159983745;1.6327348586301211;0.5351375591170028;0.0;1.0;1.1670069632425006
323.5803175387978;1.665885989827692;0.5929502040077592;0.0;1.0;1.135259460512044
317.1882835227613;1.7694329411911471;0.8066341250256657;0.0;1.0;0.994742267438513
314.3852298697757;1.8053595971749283;0.8937774238511532;0.0;1.0;0.937307415772658
314.14691898404647;0.2694412449203348;0.0004555559920025;0.0;0.0;-0.4688445645924279
319.5258656086308;0.291999776912705;0.0006866776639926;0.0;0.0;-0.6970370996641257
321.5287438433762;0.3009379345054515;0.0008009070290043;0.0;0.0;-0.6837552458645798
322.1943890755838;0.3039777116216681;0.0008430600305309;0.0;0.0;-0.6646983713078601
324.1849127038977;0.3132825156180395;0.0009833037241941;0.0;0.0;-0.5621329056312132
324.84616869340914;0.3164469854727672;0.0010350565517832;0.0;0.0;-0.5129450561794808
326.165092284001;0.3228721410802645;0.0011468770656878;0.0;0.0;-0.3931398656956333
329.4397761109878;0.3395115870184085;0.0014821728090036;0.0;0.0;0.0125964749937373
333.3213214695172;0.360614705721004;0.0020163095633437;0.0;0.0;0.6039877533271953
333.96259453921647;0.3642572785060647;0.0021224311193092;0.0;0.0;0.7011186511407919
342.7395554839864;0.4192909745890539;0.0043521427389171;0.0;1.0;1.5234654088319148
344.5645543061013;0.432125535107275;0.0050761250781946;0.0;1.0;1.5993859928561056
345.16793243750976;0.436490439502298;0.0053432895559943;0.0;1.0;1.614708030339831
346.9624836057364;0.44985147825804;0.0062321499413842;0.0;1.0;1.625558994417257
347.55529777875984;0.4543954325838787;0.0065601578330361;0.0;1.0;1.6165374896090985
349.31687886580005;0.4683045459017053;0.0076514452054656;0.0;1.0;1.5491707712546057
350.4766632504145;0.4778130251012196;0.0084780556293248;0.0;1.0;1.4703802681823366
353.3216910912198;0.5024374599413142;0.0109566612699408;0.0;1.0;1.16437178872598
354.9890172407041;0.5178171470251068;0.0127793104183594;0.0;1.0;0.9219952406191144
356.62455029401565;0.5336676086702211;0.0149051586742783;0.0;1.0;0.6561197749306794
357.69639360137;0.5445032228040211;0.0165154112734386;0.0;1.0;0.4766541587623653
359.7932778998998;0.5668389386751889;0.0202765924428924;0.0;1.0;0.1457774532167304
361.3228391766849;0.5841899648203172;0.0236496194114505;0.0;1.0;-0.0473637089182099
362.3209649028906;0.5960513874301776;0.0262045644448205;0.0;1.0;-0.135972197252793
366.1279635187975;0.6459548248063516;0.0394991821308602;0.0;0.0;-0.0467467010673025
366.58169214437737;0.6524796210165168;0.0415780864535371;0.0;0.0;0.0158162285950083
367.47349767407496;0.6657276002617251;0.0460699018875757;0.0;0.0;0.1475535729485532
372.7156429051177;0.7586457564134141;0.0897450323831945;0.0;0.0;0.8729753937978089
374.1142548235574;0.7897656751805726;0.1101833563378974;0.0;0.0;0.90174475054842
374.7715021656844;0.8058011174171743;0.1220868214270331;0.0;0.0;0.8609958078265737
379.1649102794752;0.9655935643493516;0.307357554231457;0.0;0.0;-0.3893850740577133
379.3082056739705;0.9753470346963148;0.32353426761206;0.0;0.0;-0.4082735794858714
379.6489865097144;1.0052025558063182;0.3773544453851116;0.0;0.0;-0.4434320464261432
378.83422687594384;1.1340475090240945;0.6983388558866053;0.0;0.0;-0.1800625587687873
378.0304012175687;0.2301735865276725;3.038505717848416e-06;0.0;0.0;0.5959453049838321
376.8140967424955;2.464387370636989;1.6696770533208325;1.0;1.0;0.9908045238353654
370.80736995722873;1.479179162259585;0.7049232140219286;0.0;1.0;0.974581555877018
370.0881671526095;1.4941203659187727;0.7420244358125564;0.0;1.0;0.9579556358377852
365.1297517929039;1.5711209240053403;0.958959312450827;0.0;1.0;0.8744182162403389
363.2252880792892;0.6049587110041611;0.0109996853318523;0.0;1.0;0.8176910587572684
364.1929703784743;0.617241823287584;0.012188016988202;0.0;1.0;0.7966684832211391
366.9797077676972;0.6556078996251733;0.0165802631530044;0.0;1.0;0.7781095190944572
367.8677421419309;0.6689193955975649;0.0183714827180105;0.0;1.0;0.7897771356896036
369.99215207557535;0.7033926334643609;0.0237424855377889;0.0;1.0;0.8610871403131055
370.8018381908657;0.7176743530908691;0.0263074631997661;0.0;1.0;0.9054565113833324
372.7195852837585;0.754660212445267;0.0339985930446446;0.0;1.0;1.0462778687789511
374.13807120321127;0.7856166427812531;0.0417413531751839;0.0;1.0;1.1741221352618985
375.1303162152911;0.8096644877313622;0.0486850598340095;0.0;1.0;1.2661897943006046
376.35250725286136;0.8428772130037916;0.0597724815911597;0.0;1.0;1.3663015651781354
377.4530798952997;0.8774523360801714;0.0733849268696952;0.0;1.0;1.421069152423068
379.55935712937566;1.2855416145382752;0.515359000036299;0.0;0.0;0.2712678148578741
377.2098454786847;1.365447391913869;0.7010810574962586;0.0;0.0;0.4585986183859434
372.4083404447306;1.450319895520485;0.95373254206379;0.0;0.0;0.51567679246087
370.4785892349668;0.4744103575500799;0.0043534533474734;0.0;0.0;0.4752850883162068
371.1175313890748;0.4792023813637171;0.0045825824710246;0.0;0.0;0.4506415651792073
373.0168250930532;0.4938708391575351;0.0053448986394805;0.0;0.0;0.3434917532777625
373.6438857584783;0.4988594334924597;0.00562620909419;0.0;1.0;0.2971674204339396
374.2678296357999;0.5038984176691512;0.0059223253623053;0.0;1.0;0.2509863208812301
379.7329499229767;0.551602522072989;0.0093967963649393;0.0;0.0;0.1616987850181619
376.2512989031193;1.7305037941560284;0.2162844239597893;0.0;1.0;0.5107615919755654
375.63759032122994;1.7479836304606349;0.227667814694515;0.0;1.0;0.5290756995618496
372.2418127867752;1.8380672128424915;0.2942277376722208;0.0;0.0;0.6193546975456917
369.9182831971034;1.8943307298497591;0.3431727513307722;0.0;0.0;0.6080253687506809
369.09081028834106;1.913465383686625;0.3612344750850234;0.0;0.0;0.5912552599329822
368.2349120291044;1.9327933168551767;0.380246815878972;0.0;0.0;0.5677733867579088
366.43204214076405;1.9720368501736325;0.4213261117772543;0.0;0.0;0.5006035719000635
353.49282935567845;2.202560697918972;0.740727924447088;0.0;1.0;-0.247608865483157
351.93966664671194;2.22480878577674;0.7797136046811453;0.0;1.0;-0.3107305410949079
350.2917035082874;2.2472816017946866;0.8207511628222581;0.0;1.0;-0.3630664136085391
340.143132717884;2.363096861035503;1.0607022259736891;1.0;1.0;-0.4319409613408628
336.85350824888747;1.404821463317496;0.0708000886119715;0.0;0.0;-0.3169366201071262
333.2420698820104;1.522437865858933;0.1067197892509927;0.0;0.0;0.1956857127632626
329.8259698659837;1.617068471202029;0.1451788417367195;0.0;0.0;0.6357574949875835
327.8716272701067;1.6665671831075048;0.1693294552986959;0.0;0.0;0.8171844877321179
326.4721026164852;1.7004052475334197;0.1876226651509096;0.0;1.0;0.914208380462417
325.74231958502605;1.7175810581145654;0.1974975422641154;0.0;1.0;0.9646612558029792
321.7766061647572;1.806097822259208;0.2552370221243857;0.0;1.0;1.2438577891750389
315.1875883491643;0.1408171188760321;2.568418159681308e-06;0.0;1.0;1.0546031737550494
315.99475549677857;0.142239514016194;2.7035980628224285e-06;0.0;1.0;1.0366180021833384
318.42222385370684;0.1465934871788944;3.153343709371545e-06;0.0;1.0;0.976632478431386
320.0453923050422;0.1495699287612431;3.494009650273181e-06;0.0;1.0;0.933303394096102
320.85839756898787;0.1510807361224678;3.677904895024401e-06;0.0;1.0;0.9112167483509396
321.6723338343685;0.1526068041641089;3.87147883686779e-06;0.0;1.0;0.8891338575535472
322.48718859599234;0.1541482870344534;4.075240880913464e-06;0.0;1.0;0.8672799369124469
323.3029491564272;0.1557053404388418;4.289727243066804e-06;0.0;1.0;0.8458871143577553
324.1196026238599;0.1572781216553958;4.515502361122952e-06;0.0;1.0;0.825192290186135
318.978349763896;1.576373576044216;0.6739438913029286;0.0;1.0;1.4383223440293202
324.04592794941505;1.469283185587038;0.4706401547713874;0.0;1.0;1.2589541499291643
333.15912948698696;2.401387565634998;1.3333393475622624;0.0;1.0;1.1203414398478693
339.6557051061783;2.3535999530788616;1.2033387611749418;0.0;1.0;1.0508037621392037
351.5250649031971;2.2382501368231043;0.931120594752035;0.0;1.0;0.8966991876529904
355.10547857690136;2.1937089591003245;0.8403363367637116;0.0;0.0;0.8287212644596401
358.2368217376758;2.150054150814228;0.7584035439292497;0.0;0.0;0.7342182297434096
370.6293506639638;1.9250257299517173;0.4313800057697514;0.0;0.0;0.0027131433571076
373.8979636916396;1.849172035338957;0.3513617108244986;0.0;0.0;-0.2330165909189052
376.7315299759287;1.7763072789501813;0.2861863094772467;0.0;0.0;-0.3998960163670376
377.3799759510793;1.7585442061606795;0.2718769940033844;0.0;0.0;-0.4288758680008714
378.61032867527246;1.723549176458082;0.2453689870880544;0.0;0.0;-0.4708024969118057
327.39488080225647;0.1637297261472029;5.543852316815189e-06;0.0;1.0;0.7541705398711233
329.0375274922357;0.1670541027927792;6.142772650210736e-06;0.0;1.0;0.7289673670609034
331.50743845609446;0.1721676542929336;7.164627671918048e-06;0.0;1.0;0.7087770513924189
333.9841234014118;0.177437732382424;8.356469073530309e-06;0.0;1.0;0.7136519124961135
335.638805409627;0.1810404370803224;9.259245510836908e-06;0.0;1.0;0.732266343086766
338.9561334393977;0.1884667802027644;1.1367924446051711e-05;0.0;1.0;0.8072394472119266
339.7870277424222;0.1903704850532974;1.1966236259001804e-05;0.0;1.0;0.8335225466950337
343.11633612116793;0.1981795500621508;1.4691398941385415e-05;0.0;1.0;0.964352614396039
348.1254900087624;0.2104978529693261;1.9985799229664047e-05;0.0;1.0;1.2078591536224583
348.9618777891605;0.2126240939084102;2.1037683399646367e-05;0.0;1.0;1.2493982885878248
353.9875466978715;0.2258402304538109;2.86191205044575e-05;0.0;1.0;1.4650286268305863
354.8261850224851;0.2281214449028393;3.0125390004692102e-05;0.0;1.0;1.4911795368046137
357.3434225216872;0.2351042770350575;3.513677212968899e-05;0.0;1.0;1.5444720105696927
358.1828668451876;0.2374790677121793;3.698607592598841e-05;0.0;1.0;1.5526578783571516
362.3817708087993;0.2497177207449764;4.779915623856837e-05;0.0;1.0;1.509896199881288
363.2217182427825;0.2522401219646226;5.031490130375618e-05;0.0;1.0;1.483584234403335
371.6167212360234;0.2789088029660108;8.403507117459475e-05;0.0;1.0;0.9254580376421208
373.2933318990521;0.284571781416193;9.311365227101913e-05;0.0;1.0;0.7696171280005807
379.6184851674994;0.7559788340245742;0.0036572555175182;0.0;1.0;0.881572496413445
379.22804879962206;0.7484190456843285;0.0034743927416423;0.0;1.0;0.9127774588588669
378.0192364677738;0.7261902516084583;0.0029788574768656;0.0;1.0;1.0030443097141584
377.1830338937679;0.71173906560145;0.0026884188728712;0.0;1.0;1.0577895428907698
376.7561064836916;0.7046216749454355;0.0025539979292276;0.0;1.0;1.0828475861394553
370.712390323651;0.6183203330253648;0.0013110746176812;0.0;1.0;1.213187610990884
369.7077688735093;0.60601575839816;0.0011832448424573;0.0;1.0;1.2006192155166688
368.6849614116397;0.5939560448060366;0.0010678784703177;0.0;0.0;1.161917946134513
363.3183521271618;0.5371632002657057;0.0006393782867966;0.0;0.0;0.4816542474900195
362.7601886392675;0.5317915682630486;0.0006074093724567;0.0;0.0;0.3909940635860179
362.1983817261223;0.5264736525804181;0.0005770389038339;0.0;0.0;0.300059133963144
361.6329954971632;0.521208916054614;0.0005481869586422;0.0;0.0;0.2097508911768393
361.064093337707;0.5159968268940678;0.0005207776107101;0.0;0.0;0.1209292840904326
356.39367570543624;0.476133334358143;0.000345494507103;0.0;1.0;-0.3763973619877339
353.37598343783;0.4527980634003037;0.0002673370636072;0.0;1.0;-0.2778437521526339
350.91287967132826;0.4349560130380588;0.0002177477091647;0.0;1.0;-0.0018325565057499
350.29074748523084;0.4306064529076782;0.0002068603237065;0.0;1.0;0.0864091965792685
346.50846439452124;0.4054074276165555;0.0001520613464487;0.0;1.0;0.6917371049354558
345.2300212974266;0.3973398198069861;0.0001372353651699;0.0;1.0;0.8962871449898657
343.29707564743654;0.3855384298188988;0.0001176621712126;0.0;1.0;1.179004394556063
342.6488674660163;0.3816830455207098;0.0001117790626519;0.0;1.0;1.2636453938965475
341.34687827036475;0.3740875529148477;0.0001008806040434;0.0;1.0;1.4146843076399902
339.3806115052085;0.3629767785057238;8.649250789172058e-05;0.0;1.0;1.588807318859691
338.7218166814141;0.3593470107206666;8.216788249713455e-05;0.0;1.0;1.6316414844725775
336.73589235834254;0.348674045155252;7.044868825598073e-05;0.0;1.0;1.712889571083817
336.0708719859715;0.3451873047036995;6.692625384318169e-05;0.0;1.0;1.7243661204562952
331.37708437833754;0.3217371252517298;4.673709914653144e-05;0.0;1.0;1.6118299727923835
328.6678290872962;0.3090593987856819;3.806765936171953e-05;0.0;1.0;1.434976634181733
327.9877944048322;0.3059688047978251;3.6164276393633554e-05;0.0;1.0;1.3834515185231693
327.3067401383676;0.3029091167498469;3.4356062573951874e-05;0.0;1.0;1.330191025569019
326.6246999435349;0.2998800255823484;3.2638259445254283e-05;0.0;1.0;1.2757848559883869
323.88733884000976;0.2880635560531018;2.6584066307281143e-05;0.0;0.0;0.9830715799672006
321.13679130840075;0.276712702571021;2.165288815769492e-05;0.0;0.0;0.5902114972337776
316.9905193429342;0.2605195165577193;1.5916862493331625e-05;0.0;0.0;-0.0306231404388407
313.5205046628339;0.2477514680511493;1.2316164782148732e-05;0.0;0.0;-0.4458760459525318
312.8252171022161;0.2452739533706378;1.1700356543041297e-05;0.0;0.0;-0.509478168374406
374.9686131740366;0.2903497412674146;0.0001031730219069;0.0;1.0;0.6103588125483193
375.8056804741906;0.2932825669367824;0.0001086031809546;0.0;1.0;0.5314061751623099
378.17549172327006;2.3503881067672365;0.5269965984406282;0.0;0.0;0.1023289704979124
370.7722659223679;2.4715170332375065;0.6810669181684619;0.0;1.0;-0.1852155720150784
365.4741112929225;2.5471705456127505;0.7943629312359959;0.0;1.0;-0.2937807461942346
351.6686394427115;2.7054957528667414;1.0806307910166195;0.0;0.0;-0.1702122628765194
345.5795381329746;2.7604282755501903;1.1973748376915452;0.0;0.0;-0.0379203933291563
334.20410843004424;2.8449254050042208;1.3965590758904158;0.0;0.0;0.1826064964475612
318.89588083622897;2.932009004445249;1.6288777674767936;0.0;0.0;0.4139189870272474
318.75635652224;0.3726532006842966;0.0009380001017017;0.0;0.0;0.7561858344576076
322.81009916279385;0.3998144567021102;0.0013431906142612;0.0;1.0;1.1398379905522016
323.38042598161326;0.4038529865677881;0.0014138848571171;0.0;1.0;1.199705397016508
323.9484182469599;0.4079323096644324;0.0014882998495969;0.0;1.0;1.2599801374637427
327.3046221737311;0.4332882747702882;0.0020246446309338;0.0;1.0;1.5954471639674543
331.0972813217268;0.4648689877198671;0.0028992360028012;0.0;1.0;1.7958622768664796
331.62729419221387;0.4695646340604718;0.0030518273713697;0.0;1.0;1.7971683094465647
333.7156233691861;0.488826342366831;0.0037468434052774;0.0;1.0;1.7194321002755817
336.2502646588885;0.5140183563626484;0.0048422534385288;0.0;1.0;1.431085534511917
338.6935820858869;0.5405086587569441;0.006257912548445;0.0;1.0;0.9620570735222616
340.57707777779564;0.5626805161900933;0.0076830749284552;0.0;1.0;0.5136205398842746
343.27351298863954;0.5976552097758926;0.0104518564637174;0.0;1.0;-0.1249106882135236
344.135691180544;0.6097900314007679;0.0115810043919307;0.0;1.0;-0.2900684524210397
345.8015133081004;0.6348038353821269;0.0142184352691348;0.0;0.0;-0.4975637715827602
346.2053225659618;0.6412159953354818;0.0149667739675103;0.0;0.0;-0.5310741116737616
346.99720975725;0.6542352773548432;0.0165836830664934;0.0;0.0;-0.5854904920980327
349.94285873032226;0.7090100667123894;0.024997245011388;0.0;0.0;-0.5782399509548382
350.62035817685603;0.7234058429878476;0.0276977784059701;0.0;0.0;-0.5106468593348417
350.9497804263276;0.7307129727149976;0.0291555562168107;0.0;0.0;-0.4667136733698357
351.89962270376947;0.7530802079719731;0.034005605734726;0.0;0.0;-0.2966733668876152
353.0728484399238;0.7839718259624804;0.0417499629189168;0.0;0.0;0.0052204787517992
353.3488503924733;0.7918907332954347;0.0439473293883335;0.0;0.0;0.090531789470959
353.6177279646166;0.7998896295913481;0.0462603467245615;0.0;0.0;0.1784018243693553
355.4995026767149;0.866859093768359;0.0697300603701263;0.0;0.0;0.8697379492721046
356.4153838239382;0.9115332950744462;0.090116022495225;0.0;0.0;1.1476440693037513
356.72140717465544;0.930041113227677;0.0998515484711635;0.0;0.0;1.1937784544798624
357.3259149649261;0.9779714449435872;0.1290436913498706;0.0;1.0;1.1845672188591765
357.41804879542667;0.9878499443874618;0.1358354645788111;0.0;1.0;1.175356556968754
357.684731718204;1.028371900469857;0.1667703158555397;0.0;1.0;1.1172702840784456
357.46380159896466;1.1485847896907788;0.2931967102679065;0.0;1.0;0.8347088082412863
357.36209865207024;1.160186656253312;0.3086281160714805;0.0;1.0;0.8067607100529675
356.9565176239541;1.1957001462985244;0.3599686439090019;0.0;1.0;0.7291346678688371
356.3778253888543;1.23230070967663;0.419849708597757;0.0;1.0;0.6673186915443331
355.5852525387172;1.2700216218677234;0.4896920351045424;0.0;1.0;0.6291954318824595
354.5165045818436;1.3088971769194064;0.5711526871025425;0.0;1.0;0.6214038732040978
352.48808627869687;1.3625886046720166;0.7012256653678747;0.0;1.0;0.6657781684424501
351.83620139353667;1.3763521259313298;0.7381322793346049;0.0;1.0;0.6871158204865594
350.30260838140697;1.4042976491494028;0.8178751017557948;0.0;1.0;0.74187916007295
349.39941622790013;1.4184824738882855;0.8609211597429419;0.0;1.0;0.7750741873535013
347.2526923446532;1.4472834138233708;0.9539292628730658;0.0;1.0;0.8521805022273042
344.53451874875395;0.4665681193994191;0.0043537538759731;0.0;1.0;0.9418440019264872
345.1032603278118;0.4712809286862819;0.0045828988168138;0.0;1.0;0.990574137259236
346.23163972646165;0.4808498405124803;0.0050780042291566;0.0;1.0;1.093855881778962
346.79116324474137;0.485706909608566;0.0053452676096385;0.0;1.0;1.1475071135302524
351.6762109417073;0.531688822456813;0.008481194154508;0.0;1.0;1.5945161787157625
353.2394647551732;0.5479638981971671;0.0098920474174172;0.0;1.0;1.684458265768558
354.262044280293;0.5590897849170157;0.010960717360019;0.0;1.0;1.7154207263342611
354.76725494341497;0.564737156481834;0.0115375972210727;0.0;1.0;1.7209071741894004
355.7651733713181;0.5762036082867401;0.0127840412421858;0.0;1.0;1.7102304478204209
359.57964938515266;0.6244453224886571;0.019269893779644;0.0;1.0;1.3618086470593942
360.0353028156443;0.6307528509986435;0.0202840987154147;0.0;1.0;1.2857516569207612
360.4859996177146;0.6371240919178217;0.0213516828583313;0.0;1.0;1.2036777318675207
361.3722063508649;0.6500602917231116;0.0236583743582618;0.0;1.0;1.0239229463796489
362.6623362062012;0.6699587361453652;0.0275939633862217;0.0;1.0;0.7264414392951161
363.49533677132496;0.6835616122287166;0.0305750286827941;0.0;1.0;0.5198191387431944
363.90345694741166;0.6904662749785015;0.0321842407187306;0.0;1.0;0.4169949686169182
365.4780314172787;0.7187894471667663;0.0395138044904267;0.0;1.0;0.0342534177984686
365.85675052718057;0.7260499466330973;0.0415934784109755;0.0;1.0;-0.0487141384212343
367.9965211743027;0.7711792405766958;0.0565826925061183;0.0;1.0;-0.3574035871082907
370.7439240962243;0.8441868423403862;0.0897782554542056;0.0;0.0;-0.0283262687797436
371.01204977834624;0.8527139821620062;0.0945034267939007;0.0;0.0;0.0419855015712356
371.52457077897776;0.8700275300091891;0.1047129382757902;0.0;0.0;0.1892913989050973
372.2320015056225;0.8966592050586356;0.1221320172337544;0.0;0.0;0.4166893340584149
372.8622585448184;0.9241060797327788;0.1424487735632068;0.0;0.0;0.6335327170428936
373.8719690714344;0.98154600532016;0.1937836281149722;0.0;0.0;0.9481398959963516
374.0051615697029;0.9914606114345048;0.2039827664368128;0.0;0.0;0.9760892551897764
374.565310737302;1.053087111890043;0.2774928808742262;0.0;0.0;0.9420774896292704
374.6147001360544;1.0637243554444875;0.2920977693412908;0.0;0.0;0.8995242500909207
374.6500036866802;1.0744690459035229;0.3074713361487271;0.0;0.0;0.8460644579949304
374.67527833789046;1.0962851197872898;0.3406884611066229;0.0;1.0;0.7069389332640171
374.4250846181956;1.152782954882197;0.4402905843187987;0.0;1.0;0.3204328725065315
373.9980983239125;1.1880698165021266;0.5135332664456028;0.0;1.0;0.1290692962611987
371.1200814078964;1.2875390383454892;0.7740691154895236;0.0;0.0;-0.23349266614855
369.2880258229171;0.3758903261920053;0.0005066419528348;0.0;0.0;-0.5948787976929727
371.4857139616154;0.3873963862603232;0.0005909222368681;0.0;0.0;-0.6012892467152405
372.2149624625364;0.3913094810710335;0.0006220234072296;0.0;0.0;-0.5911475593126859
374.39214477450514;0.4032875238158892;0.0007254974861987;0.0;0.0;-0.5217691566086637
375.11419984985696;0.4073611351675649;0.0007636815644197;0.0;0.0;-0.4855580972290379
377.98281521352;0.4240712338244721;0.0009376006192951;0.0;0.0;-0.2785149879372302
379.4046877448966;0.4326815976170514;0.0010388926529585;0.0;0.0;-0.1418244421005458
376.40385036460935;2.307493568122641;0.2914562865656214;0.0;0.0;-0.4043724952570116
371.3861815698281;2.4021477750283813;0.3578318601798592;0.0;0.0;-0.4682971627847631
362.78312159195536;2.5514587605024976;0.4867852097723706;0.0;0.0;-0.4307483524384001
359.5668466303887;2.6032637082976207;0.5393741936535963;0.0;0.0;-0.3777852204967841
348.47535018452663;2.7650755142887515;0.7337507059083486;0.0;0.0;-0.1046750421004731
341.7997001887131;2.849714896427546;0.8558107081596135;0.0;0.0;0.0815824066984896
336.741852886042;2.9075756519003635;0.9482667126422312;0.0;0.0;0.2156483209906958
333.98353716415016;2.93694510292966;0.998175486991822;0.0;0.0;0.2838442220607578
331.04519119335544;2.966611215080465;1.0507110389387602;0.0;0.0;0.3519296866032156
320.8841715305167;3.0574196356797905;1.2254976398177695;0.0;0.0;0.5484428197608467
314.1474740095107;0.2943906674462439;0.0003361244036184;0.0;0.0;-0.4997721491296132
314.7974757693345;0.2973643105517615;0.0003538151617036;0.0;0.0;-0.4374211921349404
320.59721731983643;0.3255158141467785;0.0005613891203139;0.0;0.0;0.3712859617527194
321.2354077286988;0.3288038526735136;0.0005909359161199;0.0;0.0;0.4751963592134546
328.156113763516;0.3672398125619489;0.0010389167022721;0.0;1.0;1.356973305286575
329.39242752412446;0.3746962683011416;0.0011511542407447;0.0;1.0;1.457028396744256
330.62113684752273;0.3823041202950124;0.0012755171642601;0.0;1.0;1.546447858602667
338.3973060692359;0.4356637736022217;0.0024847313434959;0.0;1.0;1.591567997225367
341.8439041169922;0.4627434512341073;0.0033801642695083;0.0;1.0;1.2047970200598932
342.40838578449143;0.4674176275091993;0.003558067652114;0.0;1.0;1.1185738369049707
343.5283236458869;0.4769080986727878;0.0039424572322593;0.0;1.0;0.9326789050773464
344.6358486075497;0.4865912648431668;0.0043683736645533;0.0;1.0;0.7340954993009422
348.9323793809656;0.527330330677048;0.0065846233527437;0.0;1.0;-0.0326391611242912
349.9706637503669;0.5380372723977636;0.0072959815542867;0.0;1.0;-0.1745649607668734
350.9935866391831;0.5489616084050235;0.0080841900878523;0.0;1.0;-0.2795611705636733
352.4980019604083;0.5657654067509329;0.0094290014146112;0.0;1.0;-0.3518754738743511
357.230257747273;0.6255822869393172;0.0157481538162743;0.0;0.0;0.1758189774009788
357.67770466872923;0.6319012999387043;0.0165770040171308;0.0;0.0;0.2587717058069498
358.5575424643016;0.64473145591134;0.0183678714871255;0.0;0.0;0.4260965934115214
361.07079325281296;0.684806213196889;0.0249871774146611;0.0;0.0;0.8770296813663437
362.25225864302575;0.705768235561295;0.0291438138675155;0.0;0.0;1.029649101884467
363.0104741033395;0.7200981895330018;0.0322923145346433;0.0;0.0;1.0890886625678082
363.7443054223575;0.7347190996153471;0.0357809579331227;0.0;1.0;1.1133392809175064
365.7919841778261;0.7803872445773808;0.048675489948203;0.0;1.0;1.1490964114487632
368.8870016977144;0.8716116404782596;0.0855757420034749;0.0;1.0;1.0805600078447966
370.17166150018136;0.9257886542088082;0.116415026603974;0.0;1.0;0.9707688788832703
370.529970914748;0.9445859138953252;0.1289917192287801;0.0;1.0;0.9280797325220008
370.8512479471637;0.9637648340937915;0.14292711271887;0.0;1.0;0.88482023418014
371.2605294194894;0.9932658222813704;0.1667031494023851;0.0;1.0;0.8227135201193152
371.9136157543237;1.098281190802793;0.2784246945151559;0.0;1.0;0.7134819716858118
371.6509188535873;1.166547368525566;0.3787617549126135;0.0;1.0;0.7740273368723399
371.54466815128;1.1783306752783496;0.3986965841185406;0.0;1.0;0.7948633344772007
370.8893759338956;1.226666218693069;0.4894948124935083;0.0;1.0;0.9062308211357312
370.39272177377217;1.2515725116754095;0.5423765235385133;0.0;1.0;0.9761958521451652
367.8789215086032;1.3293668618204006;0.7378349978495429;0.0;1.0;1.216112995801543
367.2496257941858;1.3427948099195963;0.7766684187889925;0.0;1.0;1.2566115182474644
362.60645640927874;1.41199669761087;1.003731652137001;1.0;1.0;1.435780459775148
361.26702399960857;0.4161582804150202;0.0039280548810536;0.0;1.0;1.46385737177836
369.78629937324;0.4742430887784093;0.0076519245333621;0.0;1.0;1.3922242052363096
370.4233258138681;0.4790334230084943;0.0080546574035391;0.0;1.0;1.347422813043067
371.0574642610768;0.4838721444530245;0.0084785867405675;0.0;1.0;1.2972513545328277
372.3168475695185;0.4936967089613555;0.0093945559452271;0.0;1.0;1.1820311039752276
372.9419759592933;0.4986835444054096;0.0098890062581338;0.0;1.0;1.1177569703446306
374.798394977014;0.5139483235635712;0.0115340501625704;0.0;1.0;0.904201575990412
376.625084031668;0.5296803599339701;0.0134527484036395;0.0;1.0;0.6725106811004358
379.01148490645096;0.5514080366979351;0.0165164458880942;0.0;1.0;0.3697611480886976
344.2121344663621;2.028668317205822;0.2371692578600914;0.0;1.0;1.515001967279299
328.7849530561336;2.311817340025378;0.4620101596676562;0.0;1.0;0.5907171133567367
319.4825288531759;2.455513630846312;0.6285066745530815;0.0;1.0;0.1008759910069579
312.252925463681;0.3027936885541557;9.46149997639826e-05;0.0;1.0;0.7132914876228654
314.7893518256776;0.3152143933578859;0.0001161623987096;0.0;1.0;0.7128404463478462
316.678571896516;0.3248631538916209;0.0001354861043413;0.0;1.0;0.7445671853693673
321.65354563795745;0.3520617954818243;0.0002042235932921;0.0;1.0;0.9605446894395848
322.8813146773809;0.3592100759941071;0.0002262865299636;0.0;1.0;1.037742032544055
323.49258234842046;0.3628384606001082;0.0002381963473301;0.0;1.0;1.0783430784958972
332.42105045952223;0.4218765606334236;0.0005141395559074;0.0;1.0;1.5524405200598554
338.6211969002707;0.471192377435845;0.0009039020261929;0.0;1.0;1.27064473197488
340.78742638472505;0.4905208563544262;0.001109754561359;0.0;1.0;1.007779783415402
341.3208681313981;0.4954756124792184;0.0011681626961674;0.0;1.0;0.933173828501836
342.3775977280642;0.505535774389571;0.0012943630982464;0.0;1.0;0.7775596529714056
342.9007642442388;0.510642196353102;0.0013624874718384;0.0;1.0;0.6979730133532175
343.9363921701652;0.5210103013499664;0.0015096814092392;0.0;1.0;0.5390986607889248
346.4600529196591;0.5478609386131355;0.0019510449741975;0.0;1.0;0.1826966622993935
347.9267777657397;0.5646310452892721;0.0022756028274646;0.0;0.0;0.0309038764382559
351.1986521780582;0.6057848267368653;0.0032586013094153;0.0;0.0;-0.2712851053262383
352.96626446099845;0.6306343357983188;0.0040007075567748;0.0;0.0;-0.4319811350426635
355.06225964577345;0.6631345258182589;0.0051703361544427;0.0;0.0;-0.564686068708158
355.8632783659072;0.6765988427897754;0.0057289043262523;0.0;0.0;-0.5854650206145334
356.641938092549;0.6903365399344714;0.0063478164279804;0.0;0.0;-0.5836748822132702
357.02266930474497;0.6973096362974459;0.0066819120294531;0.0;0.0;-0.5737199959718956
359.18111489986813;0.7406525105612656;0.0090899003439855;0.0;0.0;-0.3816774808186017
360.1752693046607;0.763323996583801;0.0106020123563032;0.0;0.0;-0.2052496078301916
361.6972898048795;0.8026624428552824;0.0137015682895435;0.0;0.0;0.1746753619111581
361.9805664892558;0.8107701442982651;0.0144227034626773;0.0;0.0;0.2581509220009324
362.7862980695386;0.8355879417563711;0.0168219314333604;0.0;0.0;0.5098857932711386
363.5236587489688;0.8611654157701606;0.0196202728483574;0.0;0.0;0.7453239229868003
363.7537470213384;0.8698640563334955;0.0206529187877446;0.0;0.0;0.8159609683938476
363.9758015603268;0.8786505619530257;0.0217399145134154;0.0;0.0;0.8811627020225437
364.39535812332144;0.8964907274288599;0.0240885479373023;0.0;0.0;0.9917425530651304
364.9615856811355;0.9239324449771256;0.0280956966756697;0.0;0.0;1.0958116869679626
365.9715640524954;0.9912743211105022;0.0402322729042643;0.0;1.0;1.154184314696684
366.3402226498509;1.0319367463440767;0.0493946767188886;0.0;1.0;1.1566084651902675
366.37043898557096;1.1759681184815218;0.0962217560721477;0.0;1.0;0.9870774946641828
365.855704966013;1.236572473713241;0.1243527094154445;0.0;1.0;0.8748811815114428
365.7143526100277;1.2490631047608496;0.1308975888583626;0.0;1.0;0.852578961548592
365.55972586015946;1.261679903798838;0.1377869356403817;0.0;1.0;0.8308694089587724
364.8039059905685;1.3134344622135563;0.1691662103763866;0.0;1.0;0.7548750760050622
361.4586124334239;1.4669701154464772;0.2974089010769094;0.0;1.0;0.7309380129489653
358.11966443234985;1.5738919151330415;0.4258814511848484;0.0;1.0;0.9077782978199732
354.895494454649;1.655003556870592;0.5503902080617596;0.0;1.0;1.105589184077005
354.13617004279854;1.6717207645157497;0.5793581137492206;0.0;1.0;1.1485836310076385
352.4719690333189;1.7056634675193856;0.6419480484755907;0.0;1.0;1.2348612875922793
347.16897703752653;1.793566050137688;0.8296250493707604;0.0;1.0;1.4312616837208156
334.735910502598;0.9141911590749504;0.1353689102308369;0.0;1.0;1.5711970862744868
334.9708826627707;0.9421746895286408;0.1578876340350919;0.0;1.0;1.5542580823636494
335.0298616555371;0.9516916055844856;0.1661975095106231;0.0;1.0;1.536552702110052
335.1630690231718;0.990730333748196;0.2040469419487242;0.0;1.0;1.40403354756357
335.1693512171178;1.0007377108567637;0.2147862546828676;0.0;1.0;1.3559137279269673
334.95228509461083;1.06294085063128;0.292189666927558;0.0;1.0;0.9632451120834624
334.20604020800124;1.1290103687343354;0.3974872674477859;0.0;1.0;0.4785774600757705
334.0162772218326;1.140414513873066;0.4184076499450378;0.0;1.0;0.3999752938208532
331.482453491253;1.235893872660082;0.6306824906372701;0.0;0.0;-0.0712790353818911
329.1419073660171;1.2865906789057784;0.774312647247667;0.0;0.0;-0.2649147538093206
325.2997522688814;0.3710827959549188;0.0008880523529139;0.0;0.0;-0.6253553962814746
325.9063886381405;0.3748311070251705;0.0009347919504356;0.0;0.0;-0.6379181564092219
327.7145168193866;0.3863047442336543;0.0010902953205256;0.0;0.0;-0.6384698417238657
328.3131515284422;0.3902068123572265;0.0011476792847638;0.0;0.0;-0.6254131460423786
332.4418366640954;0.4186474834982975;0.0016434454971595;0.0;0.0;-0.3410949967023626
335.8859116689611;0.4446694747251491;0.0022357007581218;0.0;0.0;0.1296362087035869
336.450593964956;0.4491610855809587;0.0023533692190756;0.0;0.0;0.2202377435201498
339.77785192533725;0.4770797194892844;0.0032014626322088;0.0;0.0;0.7622824160611127
344.0361015681248;0.5170224465880701;0.0048256919461889;0.0;0.0;1.2101545117802706
348.06241042158246;0.5603093138439681;0.0072739573859857;0.0;1.0;1.220276174401466
350.44620970789026;0.5891852537288761;0.0094005383610083;0.0;1.0;1.1438020076460866
352.71743456541435;0.6195493357589084;0.0121488368418334;0.0;1.0;1.0114201826458602
353.1573555030664;0.6258074098574832;0.012788249307193;0.0;1.0;0.9800246755371051
358.0269791415535;0.7060222143072656;0.0236661618782939;0.0;1.0;0.6120358515345323
358.75924057813194;0.7203573250762837;0.0262228940479711;0.0;1.0;0.5767239846135744
361.1239917036495;0.7728613950662262;0.0375504705171163;0.0;1.0;0.5806418106111123
364.3821506918495;0.8719252998642562;0.0694915693709788;0.0;1.0;1.0956131805683884
364.817027968028;0.8896289152782942;0.0769989688321095;0.0;1.0;1.2227414704920163
365.4064228433874;0.9168605917127548;0.0898078073563021;0.0;1.0;1.4143339830463288
365.585594696078;0.9261218098108632;0.0945345340592654;0.0;1.0;1.47580727749892
366.3455049864385;0.9738501574314562;0.1221722188772134;0.0;1.0;1.734161746102002
366.469238997221;0.9836870277085416;0.1286023356602247;0.0;1.0;1.771268258057448
366.6871320229136;1.003659858900665;0.1424956627814124;0.0;1.0;1.8258642795340707
367.0898096326155;1.0660446314659162;0.1938474149949577;0.0;1.0;1.7983248872811304
367.1178343346747;1.076812759056481;0.2040499105210081;0.0;1.0;1.7625250846094165
367.02188921693534;1.1437445173343104;0.2775842219501537;0.0;1.0;1.3601037838883254
366.6696191092413;1.1906613242483803;0.3408006039857321;0.0;1.0;0.9426406804407104
366.53899245860725;1.2026882063114952;0.358737477879718;0.0;1.0;0.8259878636458686
364.672427203587;1.3033813291737577;0.5407392672285829;0.0;1.0;-0.1157163236569798
364.3038458151271;1.3165467971452098;0.5691992286616662;0.0;1.0;-0.2156256921142231
362.3722733312767;1.3705520150403394;0.6988273308666031;0.0;1.0;-0.5196263775434874
356.0528572969643;1.4704462708736012;1.0007017164564946;1.0;0.0;-0.5661793643597677
359.2799506453344;0.514983457804967;0.0011133948650601;0.0;0.0;-0.0723991402710464
360.4055319716047;0.5254397079940486;0.0012336785208422;0.0;0.0;0.0919645483745467
361.5167843764967;0.5361082624161296;0.0013669568097974;0.0;0.0;0.2662005929488373
363.6942304532325;0.5580996140262227;0.0016782643592943;0.0;0.0;0.6179745587937089
364.2288172863384;0.5637369838648714;0.001766594062415;0.0;0.0;0.7013107936288256
370.7842592675349;0.6424199182582254;0.0034413583455483;0.0;1.0;1.2051193279434578
371.2556061269016;0.6489090083416419;0.0036224824689982;0.0;1.0;1.2092899986885894
371.7218626590013;0.6554636447895372;0.0038131394410507;0.0;1.0;1.2114973336571824
373.97392126645065;0.6892434309470027;0.0049279314806727;0.0;1.0;1.190114398428397
374.4079014200916;0.6962054858050533;0.005187296295445;0.0;1.0;1.1790290365400429
378.4206742086509;0.7698134505798065;0.0086637318586748;0.0;1.0;0.9581838295243909
379.2289937527707;1.6195005313071509;0.3856188108966148;0.0;1.0;-0.15820217733486
376.229268055578;1.7029626455896645;0.4983565660618447;0.0;0.0;-0.4336440460801766
372.2880985952632;1.7907260394246365;0.6440538166680344;0.0;0.0;-0.5610482783131223
370.3348399753329;1.8270850315525315;0.7136330378593179;0.0;0.0;-0.5795772273294229
366.8288059757352;1.883012382319812;0.832346450338904;0.0;0.0;-0.5645938464111772
365.46554008231305;1.902032709413952;0.8761541582514779;0.0;0.0;-0.5473891260637725
358.63893514773247;1.9800547676790283;1.0756874588150525;0.0;0.0;-0.4158971974890813
354.0941411878675;2.020257899886776;1.191897461290917;0.0;0.0;-0.3139022435774721
335.71835662160623;1.1716971390398898;0.6303122232127121;0.0;0.0;0.4373714020987418
333.69395960882514;1.219760572438657;0.7738580559850978;0.0;0.0;0.7503544073194257
333.00979866736554;1.2320813863016735;0.8145874273527346;0.0;0.0;0.819234413295907
330.7092772048876;0.2971869190751489;0.0001288019496443;0.0;1.0;1.1144081979883145
331.4063092134507;0.3001888071466151;0.0001355809996256;0.0;1.0;1.1202901260332592
332.10242768936973;0.3032210173198132;0.0001427168417111;0.0;1.0;1.1251858322447033
334.18496826011483;0.3125026587884901;0.0001664578996485;0.0;1.0;1.1330916830897653
334.8770968919977;0.3156592513015052;0.0001752188417353;0.0;1.0;1.1332195478271765
337.63442229102725;0.3286077060652221;0.0002151227712928;0.0;1.0;1.1198385157368678
340.3721066210453;0.3420873110489207;0.0002641143285184;0.0;1.0;1.0836181874729074
343.7629080785823;0.3597170244682292;0.0003413295878957;0.0;1.0;1.0100102900741683
344.4365005557416;0.363350529765888;0.0003592943030481;0.0;1.0;0.9924366061560628
347.11427536811976;0.3782552977352966;0.0004411191480091;0.0;1.0;0.9173922329959948
351.076414670028;0.4017666203328396;0.0006000870824926;0.0;1.0;0.8109276190823167
352.3811561613745;0.4099241101243134;0.0006649164348949;0.0;1.0;0.7835217823778091
353.6772901323692;0.4182472300013401;0.0007367495123489;0.0;1.0;0.762818336420325
354.32200892875426;0.4224719494963032;0.0007755258024725;0.0;1.0;0.7554307157411575
357.510138002496;0.4442443425572409;0.0010022549857304;0.0;1.0;0.7539347222435656
359.3928007007861;0.4578427294650833;0.0011689808843626;0.0;1.0;0.7846865624954997
370.1221468481452;0.5486341275780949;0.0029429474972102;0.0;1.0;1.3271802569895206
371.24512887373817;0.5597736226692123;0.0032608836534185;0.0;1.0;1.3847916213011908
371.8007574888614;0.565427901686073;0.0034325091088616;0.0;1.0;1.4095927856697026
372.3523867068537;0.571139294632397;0.0036131674830122;0.0;1.0;1.4312306258590195
374.51751132621024;0.5945676316440217;0.0044360218021804;0.0;1.0;1.479503582152048
375.5742371151192;0.6066397629262542;0.0049152596146044;0.0;1.0;1.4767874896589777
376.0958848881057;0.6127674372992467;0.0051739574890572;0.0;1.0;1.4679867620978495
377.1253751373354;0.6252090983565418;0.005732916885382;0.0;1.0;1.4349282283178009
379.6303207178418;0.7550769307209356;0.0236650440907268;0.0;1.0;1.0631209886649762
378.4294033592218;1.5568873530555698;0.9506217292531416;0.0;0.0;0.5583262312670135
377.8732764756352;0.6021235322021836;0.0008457843992988;0.0;0.0;0.8499532762453852
375.23042016372;2.0937338311032443;0.4892520053227264;0.0;0.0;-0.1530380967338492
369.309216173858;2.201635896530577;0.6322874881144591;0.0;0.0;-0.3861462913229907
366.5395889486609;2.2463380231921;0.7005955546974616;0.0;0.0;-0.4681169471692593
363.4647940292777;2.291947784095602;0.7762831630996805;0.0;0.0;-0.5374855432068545
360.00972835492456;2.3384836078926665;0.8601475491409202;0.0;0.0;-0.5903234147882755
358.1091888754527;2.362104654437037;0.905418472779916;0.0;0.0;-0.6094088036352089
351.5177779552725;2.4344090372524727;1.0560355419506235;0.0;0.0;-0.6326643520003171
331.931670532773;2.585725295218728;1.43660344430238;0.0;0.0;-0.5038687002919271
327.36313012271944;2.6118437325441697;1.512214151897242;0.0;0.0;-0.4586684068955953
322.2599475505666;2.6382259924688585;1.5918043704181497;1.0;0.0;-0.4069477026014493
315.58819842476174;1.6714886159257816;0.6557389145907473;0.0;0.0;-0.2850641061703978
313.1125193352578;0.2725232385456399;0.0001047156586756;0.0;1.0;1.6751870795412886
313.7813401170622;0.2752759985309494;0.0001102270091322;0.0;1.0;1.6420611769064313
315.78319026360293;0.2837022387232692;0.0001285633580781;0.0;1.0;1.495767393369094
316.4488345284629;0.2865679179022921;0.0001353298506085;0.0;1.0;1.4319635140777105
317.77747732148265;0.2923864074097461;0.0001499499729734;0.0;1.0;1.2837694176866827
318.44041215052107;0.29533980546439;0.0001578420768141;0.0;1.0;1.2003357633923393
319.7633464871375;0.3013363998208244;0.0001748942679381;0.0;1.0;1.0178104561563606
320.4232799270925;0.3043802018392165;0.0001840992294085;0.0;1.0;0.9201627936135532
323.0519990873509;0.3168659859821993;0.0002260255577027;0.0;1.0;0.5071356306490625
324.3592629933874;0.3232996489972444;0.0002504438312495;0.0;1.0;0.3010585566503543
329.5342208790831;0.3503673886715572;0.0003775039468755;0.0;1.0;-0.3152570009041782
330.81290889363294;0.3574812658622153;0.0004182869217458;0.0;1.0;-0.374671479872924
333.3499811927238;0.3721452745386848;0.0005135466078324;0.0;1.0;-0.3325356659105098
335.85773025052526;0.3874108060668342;0.0006305005122212;0.0;0.0;-0.0754198956432321
339.55817673230484;0.4114912102111951;0.0008577165933434;0.0;0.0;0.4392905442836116
341.3781492762289;0.4240870187552446;0.0010003984176625;0.0;0.0;0.6963884894511193
342.5793696450142;0.4326977030458572;0.0011084747010111;0.0;0.0;0.850876869580579
343.77044348418195;0.4414832191060679;0.0012282268155248;0.0;0.0;0.9829165574389278
348.9933784170695;0.4832784715583315;0.0019487948684656;0.0;1.0;1.2040333418272189
349.5587762669108;0.4881600722811429;0.0020513630194375;0.0;1.0;1.208820499923983
353.96189105207003;0.5290304839777925;0.003092101060939;0.0;1.0;1.1707021529913868
355.5539463491889;0.545224187572895;0.0036064744842561;0.0;1.0;1.119380967621033
357.1110480780042;0.5619135828985654;0.0042064143277516;0.0;1.0;1.050186268062028
357.6220004219435;0.5675894776753186;0.004427804555528;0.0;1.0;1.0238352828504402
358.6313685488809;0.579113843154085;0.004906154632164;0.0;1.0;0.9674064133482534
362.49115344606304;0.6275992120584578;0.0073952419925192;0.0;1.0;0.7313164515779227
364.30604269175177;0.6533435549648574;0.0090794171223599;0.0;1.0;0.6419022970933229
368.07649844640406;0.7151956427364086;0.0144060700133416;0.0;1.0;0.6309432481726198
368.466699913647;0.7224198411478875;0.0151642842245701;0.0;1.0;0.6503880898413691
369.2287943772831;0.7370878901621135;0.0168025309967536;0.0;1.0;0.7022856714871427
369.96586208406507;0.7520537599858315;0.0186177628772893;0.0;1.0;0.770862283489657
371.0228862417344;0.7750742399877063;0.0217148422537272;0.0;1.0;0.9016063972162288
312.717465244603;1.293251619408805;0.4192082320270142;0.0;1.0;1.2178171546165686
313.50509617520964;1.26751591218257;0.3783354294043803;0.0;1.0;1.1463412043025587
315.38647818863416;1.1933410703697906;0.2781113060912871;0.0;1.0;0.941936456679518
315.64016920919744;1.1814076596660927;0.2642057407867227;0.0;1.0;0.912565365184183
317.5231696650389;1.057759471573315;0.1502802497394584;0.0;0.0;0.2733816726853512
317.7070347717649;1.036710058089006;0.1356279253898611;0.0;0.0;0.12958782829581
317.7823956613425;1.026342957508116;0.1288465291203681;0.0;0.0;0.0596572126361262
317.84696195861187;1.0160795279330348;0.1224042026643497;0.0;0.0;-0.0081156936930074
317.944417128855;0.9958595453271676;0.1104697929045756;0.0;0.0;-0.1349211250465717
317.9776406772307;0.9859009498738958;0.1049463032593468;0.0;0.0;-0.1929470554060756
317.7768598999645;0.8916311468001052;0.062835228397884;0.0;0.0;-0.5034318186926869
317.7064568619245;0.8827148353321042;0.0596934669779898;0.0;0.0;-0.5052459769780101
317.3395581417849;0.8479323487878263;0.0486207019377413;0.0;0.0;-0.4647730656200913
316.3865993991207;0.7903283596745165;0.0339536495253824;0.0;0.0;-0.2595434403099318
316.2198982376385;0.7824250760777713;0.0322559670491133;0.0;1.0;-0.2174900310777457
316.0458681422941;0.7746008253169936;0.0306431686966576;0.0;1.0;-0.1651608797880779
314.4016528188203;0.7147588018607439;0.0203293041928001;0.0;1.0;0.5047590797170596
313.16091152194133;0.6797285086480129;0.0157304280570275;0.0;0.0;0.8771653214989384
312.89436334821545;0.6729312235615328;0.0149439066541761;0.0;0.0;0.9203256941103148
372.01928691741983;0.7987993803845065;0.0253271232001483;0.0;1.0;1.0583582861576604
372.9523590915463;0.8232507509381195;0.0295403098995753;0.0;1.0;1.2295568209914174
373.5378461073252;0.8399660758474845;0.032731645318089;0.0;1.0;1.3446898416274302
374.35909946619984;0.8656775652118415;0.038176580047341;0.0;1.0;1.506992476178916
374.6172179142258;0.8744217830422641;0.0401858737340431;0.0;1.0;1.5558284918202976
376.5661072105509;0.9572033647431742;0.0637618585816726;0.0;1.0;1.7624701899978412
378.1431938175564;1.1241935856810867;0.1448716088415943;0.0;1.0;0.6808827603804931
378.128984203378;1.1586053223605166;0.1689711139718259;0.0;1.0;0.3523472537049477
378.0034107447465;1.1940704075347048;0.1970795905780153;0.0;1.0;0.0433917791882123
377.3840987802232;1.2682905829659934;0.2681019789382408;0.0;0.0;-0.3893257489503691
377.2282220494373;1.281101598955549;0.2822126094086745;0.0;0.0;-0.4296053470637124
376.86615227631;1.3071131506535547;0.3127009522533789;0.0;0.0;-0.5014632532871323
376.6584379507872;1.3203163137914693;0.3291588971088199;0.0;0.0;-0.5320656012740159
374.6034212323803;1.4165490829117513;0.4713465813010667;0.0;0.0;-0.6070848983010975
373.7730922844061;1.4453107671786054;0.5222676801119853;0.0;0.0;-0.5742626784500713
373.3052416663565;1.4599098658369751;0.5497554527494583;0.0;0.0;-0.5478980532197573
370.9899539269457;1.5197958878019648;0.6749554748652428;0.0;0.0;-0.37682528977295
370.2734924979166;1.5351473614161262;0.7104794472265713;0.0;0.0;-0.3185077910800295
368.6250984640988;1.566317071131646;0.7872348445723781;0.0;0.0;-0.1854142964527315
366.6226135467287;1.5981196522106376;0.8722823762574827;0.0;0.0;-0.0335402304391592
362.715982447463;1.6470383378841342;1.017387229925625;1.0;0.0;0.2188458743804893
361.955862644022;0.6668442798396517;0.0202796091857413;0.0;0.0;0.4826401610777188
364.0014582652316;0.7012105751366933;0.026208463148837;0.0;0.0;0.8826984389696136
365.5333362582891;0.729974482339036;0.0321771173012325;0.0;0.0;1.0995779481840224
366.617443119675;0.752319112293258;0.0375298058623502;0.0;1.0;1.1708752554956805
367.3079128440557;0.7675942376219345;0.0415842724236567;0.0;1.0;1.2004638271636412
367.6431762254357;0.7753477147696307;0.0437729183406913;0.0;1.0;1.213157649557428
367.9716596176142;0.7831795098683139;0.0460767561480961;0.0;1.0;1.2241965373701522
369.2157524267725;0.815305811928486;0.0565701689190182;0.0;1.0;1.2483847424268657
370.3430137062008;0.848749946326017;0.0694533269929092;0.0;1.0;1.234243619702592
371.3462745342531;0.8835659710121188;0.0852704653806023;0.0;1.0;1.1775438976620758
371.7990019959569;0.9015059392022434;0.0944825101170108;0.0;1.0;1.1336772038997924
372.4140326686121;0.9291011731458484;0.110199749371058;0.0;1.0;1.0510549538985587
372.60139742366016;0.9384860334806548;0.115999736180061;0.0;1.0;1.0197746327637942
372.77968957355006;0.9479656903844998;0.1221049854526958;0.0;1.0;0.9870161511198808
372.9487495920962;0.9575411013984848;0.1285315636344167;0.0;1.0;0.9530531301671106
373.7591920721644;1.0170592571789254;0.1748510155990631;0.0;1.0;0.7419709646835219
373.9466345637107;1.0377096798070866;0.1937407375058871;0.0;1.0;0.6774653851220374
374.0237239053264;1.048191595764734;0.2039376184272496;0.0;1.0;0.6480264100294304
374.0893183865545;1.058779389661347;0.2146711772918417;0.0;1.0;0.6209740930276488
374.143075377811;1.0694741309710578;0.2259696603072018;0.0;1.0;0.5966815748632729
374.0909625806428;1.159014121055561;0.3406130556879749;0.0;1.0;0.540294297071841
373.9194211483924;1.1825468024237944;0.3774105880199168;0.0;1.0;0.573095722096301
372.2897024328825;1.281553618855479;0.5688859887636971;0.0;0.0;0.8160608903370294
371.93985909730753;1.2944986049045242;0.5988273565933654;0.0;0.0;0.8276073650714784
365.9081326807802;1.4170488936802543;0.9501434628158176;0.0;0.0;0.5457606084052867
365.3476959868764;0.4490571628222189;0.0001854049497279;0.0;0.0;0.0984508153871022
366.6429645099409;0.4581748421816334;0.0002054348473439;0.0;1.0;-0.1167875994620927
368.5658495358351;0.4721996438022026;0.0002396090944382;0.0;1.0;-0.3912672215865679
369.2012536529781;0.4769693371739421;0.0002522200994086;0.0;1.0;-0.4627705298909653
370.4633886294094;0.4866537467339476;0.0002794682541924;0.0;1.0;-0.5687000982745269
372.9513472760806;0.5066164565205175;0.0003431137013281;0.0;0.0;-0.6100152488121665
374.78367015995934;0.5221240633253436;0.0004001909331717;0.0;0.0;-0.5403712640634755
375.38770922424266;0.5273980437629733;0.000421253613865;0.0;0.0;-0.5036767739881614
376.5853066315073;0.5381063603336121;0.0004667630070526;0.0;0.0;-0.410562474069959
368.26561041491726;2.334155118534001;0.8345455714628325;0.0;0.0;0.0676115808139069
337.4376383309245;2.60700925871478;1.4672036499199608;0.0;0.0;0.98676159516356
332.67021013883607;2.6333426855704847;1.5444248946525905;1.0;0.0;1.0452322392193094
327.33503577529893;1.6498410965358434;0.5730788364764108;0.0;0.0;1.0954338056182469
325.5670897596212;1.683339553653549;0.634990400527879;0.0;0.0;1.1676910740969653
322.47486855072765;1.7348668334745772;0.7406215489463526;0.0;1.0;1.2000030807242574
312.2962685486118;0.9132552611042724;0.0113388190047837;0.0;1.0;1.019885965394966
312.33449346326427;0.9317980421429164;0.0125637883709515;0.0;1.0;0.9664056524933488
312.3397125756697;0.9412101435787036;0.0132250403904752;0.0;1.0;0.938393142944857
312.76549201814817;0.0819188674730429;5.789171261299087e-07;0.0;0.0;-0.1611105093319024
315.3476163229082;0.0844264164685761;6.752204416152893e-07;0.0;0.0;0.0256549364899154
317.07777951257094;0.0861406147011286;7.481666943105698e-07;0.0;0.0;0.1630266555999478
324.0678076338612;0.0933525982011024;1.1277414125712722e-06;0.0;0.0;0.7022896050267572
324.9493029444936;0.0942955537384872;1.187096223759234e-06;0.0;0.0;0.7563037968505372
325.83250490547147;0.09524803407928;1.249574972378141e-06;0.0;0.0;0.8048124427128469
326.7174090986882;0.0962101354336162;1.3153420761875169e-06;0.0;0.0;0.8470963903084194
327.6040109962433;0.0971819549834507;1.3845706065131757e-06;0.0;0.0;0.8824705052079955
332.9590064444272;0.1032225215213311;1.883534050873513e-06;0.0;0.0;0.9176219641881666
339.28205849043337;0.1107460134132479;2.6971694930362894e-06;0.0;0.0;0.5128600517176696
342.93104520982035;0.1152888542741791;3.311416570512859e-06;0.0;1.0;0.0882162011107467
343.84729825029706;0.1164533881557365;3.4857016531714305e-06;0.0;1.0;-0.0201801785501311
346.6055631165646;0.120018044083047;4.065550842013624e-06;0.0;1.0;-0.3043818144344828
350.30515844946865;0.1249412269399776;4.991429890210938e-06;0.0;1.0;-0.5417758432717202
352.1642083449666;0.1274780399346777;5.530670238460873e-06;0.0;0.0;-0.5853382800302829
354.02934068526434;0.1300663605088029;6.128166469208724e-06;0.0;0.0;-0.6028939703772425
358.7183340845667;0.1367694231106623;7.919769242452712e-06;0.0;0.0;-0.5402014035123575
364.39315424595736;0.1452706392138797;1.0773849288038064e-05;0.0;0.0;-0.2548102145292784
365.3439153528019;0.1467380194079593;1.1340893987408488e-05;0.0;0.0;-0.1872634491578917
366.2960655299839;0.1482202216242014;1.1937783144640516e-05;0.0;0.0;-0.1150510483296059
368.2044901655482;0.1512296925050519;1.3227460548078132e-05;0.0;0.0;0.0411234298228739
370.118340457362;0.1543002678349678;1.4656465981250007e-05;0.0;0.0;0.2085983654608195
372.0375257263237;0.1574331882817751;1.6239851502770093e-05;0.0;0.0;0.3813638997960473
372.9990898074643;0.1590234225068435;1.7094580529231677e-05;0.0;0.0;0.4676499530348219
374.926100824452;0.1622522421251337;1.8941363467292715e-05;0.0;0.0;0.6355665483163557
366.0803224291873;2.665005640067728;1.0793224243063957;0.0;1.0;1.4910945405330716
360.1697995143346;2.719116049451819;1.1959251238852031;0.0;1.0;1.6124877394905583
353.1284707680104;1.7642241092254047;0.272493212061167;0.0;1.0;1.7185701702511411
351.6505248696559;1.8000450048213497;0.3019315369098803;0.0;1.0;1.8036638186773883
350.8755817301016;1.818227277597323;0.317822670431453;0.0;1.0;1.8366673475545527
348.395556453847;1.8738834911685192;0.3706927195584814;0.0;1.0;1.89041518741824
347.5132747540405;1.8928116072409285;0.3902028626931383;0.0;1.0;1.89158375240234
344.67856852173327;1.9507508584889075;0.455113413259237;0.0;1.0;1.839770058102984
343.6645444659433;1.9704554126150584;0.4790667507991969;0.0;1.0;1.8033798888364712
340.37903622385693;2.0307713525573643;0.5587598784653119;0.0;1.0;1.6365597722433038
332.33691225471745;2.156998587648828;0.760122490251165;0.0;1.0;1.0710394762930415
320.9262239124079;2.291071765051212;1.034050980490185;0.0;1.0;0.3240743678340307
318.4849361253797;2.314213904092133;1.0884747163054578;0.0;1.0;0.1981012534902465
312.1291726866068;1.2112500863755775;0.0363342056136988;0.0;1.0;1.3498040580195074
310.31891184352435;1.0717301834091548;0.463300492939954;0.0;0.0;0.5966884367099708
311.59019633893166;0.3303141594831552;0.000506857817183;0.0;0.0;-0.1056783679223179
309.8383146802216;1.174119545662446;0.0408768753532187;0.0;1.0;0.6949403786366626
310.50024229689865;1.1392470210367256;0.0350468110059658;0.0;1.0;0.6386254403607265
311.05394470184456;1.105410245264914;0.03004825958624;0.0;1.0;0.6190974806400984
311.85265238566006;1.0407218028614074;0.0220882319492399;0.0;1.0;0.6777381747086337
380.7660588614055;2.303615383442569;0.4756144300926669;0.0;0.0;0.2007839944919079
379.8456983953925;2.23895870165583;0.2498873336941996;0.0;0.0;-0.3226435610954793
310.1991862353782;0.0794857951902261;4.963490710156304e-07;0.0;0.0;-0.3131950344929886
380.7621095467743;0.5682867205860619;0.0192639695443583;0.0;1.0;0.1761072609887607
311.4335669784507;0.2403930016985622;1.0559571780094771e-05;0.0;0.0;-0.6139743782435129
311.05285901723965;0.0802886820103294;5.224727063322426e-07;0.0;0.0;-0.266997413161643
311.908295220892;0.0810996787983125;5.499712698234132e-07;0.0;0.0;-0.2161926029313371
311.9474182529467;1.0303145848327933;0.0209838203517779;0.0;1.0;0.697679859146443
312.1603444261404;1.6743566787331157;0.9168158428872324;0.0;1.0;1.4520543117442464
379.9783798159473;0.6268228536595563;0.0010384013619279;0.0;0.0;0.9089400578879736
310.10573583583533;0.929179079358126;0.0633625096093386;0.0;0.0;0.0698069581052386
381.15309825617817;2.483959409083818;0.7537311034034796;0.0;1.0;1.028453495799382
309.96659806104475;0.9869343288324236;0.0861967196447585;0.0;0.0;-0.1787999503549736
309.9087495500552;0.9969033624569936;0.0907333890997458;0.0;0.0;-0.2224736677796512
310.3662458114648;0.132576522117625;1.8880233609157148e-06;0.0;1.0;1.1330622684184566
310.33871959079846;0.2938004132104088;8.112053542264457e-05;0.0;1.0;0.7416489040647871
379.62480882236287;2.153829251599022;0.5536545829502494;0.0;0.0;-0.4781666808646957
380.51751738112665;0.8176629651401429;0.0117859167937612;0.0;1.0;0.7785594623121544
380.8423799185861;0.8259221870102453;0.0124062282039592;0.0;1.0;0.7504954648612349
311.3917540009056;0.1313365939466177;2.118369740069389e-06;0.0;1.0;1.3745039734304056
381.1599356289644;0.8342648353638842;0.0130591875831149;0.0;1.0;0.7238296503093169
380.8951987595035;1.5808450627974122;0.1363131305332843;0.0;1.0;0.5735025112420015
381.3197213956873;1.565036612169438;0.1294974740066201;0.0;1.0;0.6010332610723575
310.27591188824306;1.3599002634620576;0.541766037014855;0.0;1.0;1.3762239630796396
310.86718552828376;0.6272158750063564;0.0104358873659547;0.0;0.0;0.9350183256763916
380.9078618648159;0.5628022875961525;0.0104119627312346;0.0;0.0;0.2192178083177821
380.0318640801029;1.2599593364089636;0.4651114975327598;0.0;1.0;0.2139974913232532
380.6614040410195;1.210311911316698;0.3788362216872925;0.0;1.0;0.2012286053267337
309.88752636988147;1.3664038667314782;0.9502993035069882;0.0;1.0;1.0057344608850425
380.91423033722873;1.1743644372386806;0.3248047055691424;0.0;1.0;0.2709837029766847
380.9475902357559;1.0945843977644674;0.2268232398456814;0.0;1.0;0.6131186981438254
309.80056899112225;0.4038384943466853;0.0004285944752806;0.0;1.0;1.382567826929256
380.8983913959912;1.0836385537868227;0.2154820778533974;0.0;1.0;0.6732224077919526
380.6794618427491;1.0514534051008002;0.1847489464995566;0.0;1.0;0.8560995167214859
380.4771824140734;1.0305294823392943;0.1667359242158498;0.0;1.0;0.974168055115447
380.3599493334149;1.0202241875159013;0.1583991280050573;0.0;1.0;1.0304099811624
379.7889201871196;0.9800232838332664;0.1290170797546692;0.0;1.0;1.2262939584507009
379.80977607715295;1.0676832182238365;0.5133432298705841;0.0;0.0;-0.396378905144965
379.8496833705249;1.046436322181182;0.4632922649582021;0.0;0.0;-0.4309363435258979
381.5148434793797;0.6843976948204669;0.0090962669649894;0.0;1.0;1.0439789914847926
312.11794464700205;0.261438570504956;0.0003905823186431;0.0;0.0;-0.3213720887311017
310.76232969591405;0.2562359429519074;0.0003525005425754;0.0;1.0;-0.1969564719345501
310.08371629038623;0.2536735835223883;0.0003348755154467;0.0;1.0;-0.1205920827059671
380.0864051354769;1.7253238868935772;1.0192753263184229;1.0;1.0;1.3314413121630448
380.0152763629731;0.7627039704251874;0.0249105727270809;0.0;1.0;0.9855174700650776
381.2263389797252;0.5831584441319659;0.0007035704434753;0.0;0.0;0.1758964659581549
380.3937381490722;0.7704080509345328;0.0262216555021904;0.0;1.0;0.9048945296084152
311.1256675460023;0.8336146281684057;0.1285147259637491;0.0;1.0;-0.076448139450123
311.5821177672515;0.8854298507502023;0.1748281100672754;0.0;0.0;0.0311134741012782
311.68497666098216;0.9125329931806612;0.2039109025423828;0.0;0.0;0.1655205967183736
311.69502040313364;0.940465766924073;0.2378316402302176;0.0;0.0;0.3013549407086413
309.7626141730344;0.320503498632346;0.0004345672210073;0.0;0.0;-0.283124506024607
308.2045838172821;0.3918440872260944;0.0003674661882437;0.0;1.0;1.2201301726987712
308.54734605508247;0.283297289036501;4.0997446262028125e-05;0.0;0.0;0.1402850578012717
309.1506247942317;0.3172984636460226;0.0004128388599569;0.0;0.0;-0.3329319666630132
308.78016382364603;1.2222823470424846;0.0501860794232318;0.0;1.0;0.8256167739847414
308.48320468987725;1.234628633376247;0.0528274520244545;0.0;1.0;0.8671835548100774
307.399407400026;1.161459057831378;0.6983512582507229;0.0;0.0;0.3085948682494631
308.3840081311365;1.1383460225805335;0.6302620105712774;0.0;0.0;0.4184508136360567
309.31125571078684;1.618007696369091;0.8214015279200106;0.0;1.0;0.975877138068004
307.22033059706973;1.0580800664249677;0.0851297293928582;0.0;0.0;0.5008062718325749
307.4734447603594;1.3803089095644403;0.0707797135617177;0.0;1.0;1.3547474410115443
381.9991741815215;2.194403423492879;0.2255233186590151;0.0;0.0;-0.2575580570586885
381.8340837195741;1.9514967517118804;0.3416629225055176;0.0;1.0;0.2227775058971947
309.52789776868065;0.7463670659088293;0.0730991879870644;0.0;1.0;0.5390058560464687
309.3385523654781;0.738903395249741;0.0694442285877112;0.0;1.0;0.6205836851406616
308.9393565817292;0.7241992176842711;0.0626734163004094;0.0;1.0;0.7844673758091809
308.72970680477533;0.7169572255074284;0.0595397454853889;0.0;1.0;0.8651598803820099
308.51348630142587;0.709787653252354;0.0565627582111194;0.0;1.0;0.9440090744388516
308.29079077309024;0.7026897767198305;0.0537346203005635;0.0;1.0;1.0203149549063688
308.0617143047547;0.6956628789526321;0.0510478892855353;0.0;1.0;1.0934298647021157
307.8263494643396;0.6887062501631058;0.0484954948212585;0.0;1.0;1.1627628013684017
307.3371178617941;0.6750009957848601;0.0437671840761858;0.0;1.0;1.2880226776301478
308.0321627699029;0.9100106010082032;0.0394398570535842;0.0;0.0;-0.3777808337433243
307.7614934497066;0.8567569165936969;0.0289919190874989;0.0;0.0;-0.4810912236707542
308.3393553541036;1.775383811320118;0.8920502633122722;0.0;0.0;0.1948374997493536
382.4843418116434;0.3178371750147105;0.0001637018937503;0.0;1.0;0.0275736709006686
381.6515475894768;0.3146588032645634;0.0001555167990628;0.0;1.0;0.0702493321998139
382.9002386432071;0.6010090128217858;0.0008206099355304;0.0;0.0;0.4429883544919127
307.9493444349318;0.2286113526809264;8.170795351600276e-06;0.0;0.0;-0.7366895128060851
381.8231484951025;0.8029684263715515;0.004975235836718;0.0;1.0;0.7043151622385893
382.8323348522876;0.8275474120570582;0.0058028701988254;0.0;1.0;0.6370819066003905
383.4773499451848;0.6725095564030199;0.0014869624860885;0.0;1.0;0.655152865840748
382.992702359007;0.6657844608389897;0.0014126143617841;0.0;0.0;0.7206312000651589
383.495039263691;2.5701105042635626;0.5624565197598985;0.0;1.0;1.3108405872671978
383.56559577453646;1.5587469805848768;0.1469114763131229;0.0;1.0;-0.2268557987696323
308.9047472534019;0.7911567478582585;0.0278875302717736;0.0;1.0;0.9076553363056034
383.705677455166;1.4657785377552852;0.6987943242258987;0.0;1.0;0.198451162559725
382.8358889904228;2.45911981499298;0.7160445482333057;0.0;1.0;0.9664525706553164
308.1609787851865;1.136044990751368;0.1767503426177183;0.0;0.0;-0.5788026743765973
307.46820000136955;1.1708195007429338;0.2061528999769276;0.0;0.0;-0.5499123560530866
308.4122701447041;0.2540094671477815;7.312684993821533e-05;0.0;1.0;1.694030651946236
308.41532590392166;0.2850742471376464;6.955071905798989e-05;0.0;1.0;0.78854656394354
307.51160180108866;0.8313103794139475;0.0248569466276444;0.0;0.0;-0.4657510669342276
307.41207743913355;0.822997275619808;0.0236140992962622;0.0;0.0;-0.4519231450739162
307.5118619934453;1.2724208036659288;0.0616153398739811;0.0;1.0;1.0088232346082175
381.857165524816;2.1109680494922016;0.4996732611126001;0.0;0.0;-0.5556231398128847
383.70237403811245;1.4500007784716078;0.2193400152215333;0.0;1.0;0.9667309170259354
382.9084143061916;2.0898583689972794;0.4746895980569701;0.0;0.0;-0.5841497604275437
382.9058240799351;0.8861204730600749;0.0177653811035945;0.0;1.0;0.6111254431415696
382.1173180634392;1.5338923835872662;0.1168714702909746;0.0;1.0;0.6641710319245243
308.5775187574313;0.5846061827505867;0.0072877693654797;0.0;0.0;0.5625482657603755
307.161437645838;0.5615703665715444;0.0059359336967418;0.0;0.0;0.2697462292828384
381.7100854251475;0.1740781829186989;2.712351692118401e-05;0.0;1.0;1.097588164956201
382.0672402746756;0.5742294537252857;0.0115368008102323;0.0;0.0;0.272428802473691
307.66789571222665;0.3879256463538335;0.0003490928788315;0.0;1.0;1.165225476730593
383.7759693173381;0.5918067046604043;0.0134559566236854;0.0;0.0;0.3385683483847651
387.1664943944884;0.6513275193572337;0.0012369379910955;0.0;0.0;1.0465094379510895
386.51031839310286;1.2470852837608788;0.1016183054752432;0.0;1.0;1.762012670689887
303.6819121638967;1.22131567828024;0.9025180440694468;0.0;1.0;-0.0073474604002124
384.099587158897;0.8604659158368946;0.0460999494519168;0.0;1.0;0.0476370211255972
384.6769589874781;0.8779368593377151;0.0510802764010158;0.0;1.0;-0.048689746045953
385.73514548490033;0.9139501415769103;0.0627131791818858;0.0;0.0;-0.1293528187769428
388.9165166461577;1.17501291335445;0.2260834049243125;0.0;0.0;0.2036992275902143
385.9331993361434;1.3113547127985348;0.1313269693662403;0.0;1.0;1.6900181319091605
385.6064873849076;1.3379805252510302;0.1455146474972192;0.0;1.0;1.6039560378362494
385.2454479395155;2.669557485091967;1.2505669966734234;0.0;1.0;1.196910089568802
394.5534511800208;0.7308711085372858;0.0395110769535195;0.0;0.0;-0.0795937894006748
386.7649872288788;1.1859656962333138;0.0786303076777951;0.0;1.0;1.6518596620724326
386.7792151189692;1.1741060392709808;0.0746987922939053;0.0;1.0;1.612593504493235
305.28984652575167;0.5340478309282343;0.0045931123408027;0.0;0.0;-0.0855947558211391
305.6728170490712;0.5394422534628629;0.0048348550955818;0.0;0.0;-0.0191182026187576
384.534874692442;0.6194059901347788;0.0009571190383792;0.0;0.0;0.7020905653287773
303.8983081570353;1.230242181492754;0.1837499262904321;0.0;1.0;1.252328165037998
386.202481723104;0.2519641387852334;4.8211163246882005e-06;0.0;0.0;0.8478763356164464
385.99463819811626;0.6160828261824702;0.0165203847406763;0.0;0.0;0.3886184588200118
386.7723027422441;1.1507413290894883;0.0674156600452495;0.0;1.0;1.5212833317387509
386.7192948037977;1.1278415766406076;0.0608426331908377;0.0;1.0;1.4170210397019056
386.62142859944265;1.1053975292654594;0.054910476454731;0.0;1.0;1.3047971208930709
385.8048742550701;1.0199997053634342;0.0364287319718855;0.0;1.0;0.8696893287106532
385.6573007885573;1.0097997083097998;0.0346072953732913;0.0;1.0;0.8250727720941952
306.4259157206293;0.5503951162767706;0.0053571801613094;0.0;0.0;0.1219698168805642
384.3843888714295;0.2469500524234073;4.3510574830311e-06;0.0;0.0;0.8413158476801889
303.5219517083912;1.0975959490711484;0.0943295810820559;0.0;0.0;0.2576792247858205
296.6685447271058;0.4893624486959937;0.0084782061979664;0.0;1.0;0.8502637150571776
405.51796666194446;1.1666971617720483;0.0242314175774866;0.0;1.0;1.0762840289946898
384.008867860912;0.3148645878567488;0.0001836741776036;0.0;0.0;-0.214189424822833
384.2546252256648;0.9280141984063538;0.0089926723920921;0.0;1.0;0.8769703115601067
384.9046079682945;0.9564208541968546;0.0104886104587749;0.0;1.0;0.9064988488303816
386.2340387708663;1.036495641722235;0.0158098996716079;0.0;1.0;1.039955378468569
386.3566090044266;1.0469652946689243;0.0166419996543241;0.0;1.0;1.0600774683111918
386.4690462393716;1.057540701685782;0.0175178943729728;0.0;1.0;1.080408311042469
387.0019413261991;1.157658166388063;0.0277951777545136;0.0;1.0;1.2381564689237767
387.00527751859335;1.1693516832202655;0.0292580818468564;0.0;1.0;1.2489315952334028
386.99689146381206;1.1811633163841069;0.0307979808914278;0.0;1.0;1.2576087978418942
386.8430113564079;1.229615055744513;0.0378118410895285;0.0;1.0;1.2681112433655648
386.7736632294267;1.242035409842942;0.0398019379889774;0.0;1.0;1.2640422386889087
386.2334511422843;1.3060445900286195;0.0514382508796004;0.0;1.0;1.2003341714783256
386.0855270332138;1.319236959624868;0.0541455272416847;0.0;1.0;1.179001190508418
385.9239030422093;1.3325625854796648;0.0569952918333523;0.0;1.0;1.154972812791617
385.5588382658515;1.3596190036523466;0.0631526779316923;0.0;1.0;1.0994012925078906
383.8224161213332;1.458716394408884;0.0904329158487537;0.0;1.0;0.8497779132418115
303.6987254815841;1.086619989580437;0.0896131020279531;0.0;0.0;0.1610508881710717
383.7992336527212;0.8518612566785256;0.043794951979321;0.0;1.0;0.1071356917743158
386.1282258327331;0.6383661017220247;0.0011163365369637;0.0;0.0;0.9275936189733152
304.0566062325754;1.4737557112752229;0.8166254933725415;0.0;1.0;1.4733422311617437
302.5071199494859;1.280707153356544;0.2255967051086865;0.0;1.0;1.4527529271489303
385.2222682928764;1.3651469495470157;0.1612350664789132;0.0;1.0;1.485658931555346
418.8581779039727;0.8484190015093389;0.0322915670175463;0.0;1.0;0.7924290874466796
306.58371609263025;0.1236507960906801;1.5571964172703972e-06;0.0;1.0;1.201465862950991
304.99021024003315;0.1211901452484756;1.4053697665865334e-06;0.0;1.0;1.1343697111689195
304.50756362349654;1.2057603620810482;0.1658343084771149;0.0;1.0;1.147310864622071
302.7815167659668;0.7269180853265926;0.0115163729981008;0.0;1.0;0.2887952645495807
305.23257606559554;0.714975437114985;0.0115160053811367;0.0;0.0;-0.0162550625384033
303.8323548067965;1.3928809851931288;0.0977634233737787;0.0;1.0;1.483489021202467
305.19139797781423;1.3515110270519075;0.0838199151150935;0.0;1.0;1.3308845714056514
305.614324608911;1.3379959167813884;0.0796289193593388;0.0;1.0;1.2768934371135887
306.33907278732295;0.7594163696068106;0.015666075939629;0.0;0.0;-0.2310803978587956
281.9181313374045;0.6576234918446342;0.0175046567246613;0.0;1.0;0.8585775276328828
384.7784638348623;1.3928649622967204;0.178653813273034;0.0;1.0;1.3373519464701025
302.3327964785872;0.2320420292636277;4.60881540085803e-05;0.0;1.0;1.317762562019039
306.22680081914325;2.409143781569666;1.3363614045999743;0.0;1.0;-0.2616414627035672
304.5986200816338;1.2816610786146112;0.3270973313041375;0.0;0.0;-0.1370121521915591
304.5496030819667;2.1211830857292853;0.5799171927169285;0.0;1.0;1.7451075100544962
305.43382938898293;1.1970114962824632;0.8145225347726757;0.0;1.0;0.1087988683195893
306.4991500229236;0.7670872420270815;0.016490606252241;0.0;0.0;-0.2659215842129426
383.92035531526864;2.0689597853073067;0.4509551181541216;0.0;0.0;-0.6058364037905382
304.16067938830747;1.0543462892699085;0.0768320333512162;0.0;0.0;-0.1122760804034757
385.869996369286;0.7567572530822262;0.015192426538039;0.0;1.0;0.3824885165355506
386.27205176493726;0.7644012657396224;0.0159920279347779;0.0;1.0;0.3252275700120738
305.8380002384598;0.2738411843541771;5.664949536472688e-05;0.0;1.0;0.8694057342412079
386.7003404907746;1.2100456037478968;0.0871249946568366;0.0;1.0;1.714709159004998
387.43908214798;0.7877997047710268;0.0186523142554633;0.0;1.0;0.1835630532716491
303.9984402087427;0.1223342823897443;1.2525532723825287e-06;0.0;1.0;1.1478791590224402
304.7904773584282;0.1235699822118629;1.3184771288237143e-06;0.0;1.0;1.1513669235767936
386.8268378589081;1.3662013827474788;0.4879941389055732;0.0;1.0;0.1465209867077251
304.98367425487703;1.2688444678284652;0.3107424647389306;0.0;0.0;-0.204617624043708
306.0331736662157;1.2311585182894915;0.2664228207055406;0.0;0.0;-0.3778349223420992
306.1658883011916;1.1850413813196383;0.7737964080340419;0.0;1.0;0.1767811498790904
387.0194781288012;1.6243581907976792;0.7492610266908232;0.0;1.0;1.5640358415812092
386.503938206082;1.3800013967146252;0.513678040953235;0.0;1.0;0.1277284244544056
288.65312740560745;0.9960954370587868;0.4633051536117866;0.0;1.0;0.6472078257989832
304.5434073620965;0.6104588012009212;0.0262050298328582;0.0;1.0;1.5717999580692903
304.41321007387893;1.0333647981134373;0.0693409100994727;0.0;0.0;-0.273129135703465
305.0623970844816;1.1817657308756353;0.1496654634005962;0.0;1.0;1.044723573018134
304.7117781685872;1.00267283024467;0.0594511627965354;0.0;0.0;-0.4704455205918395
385.6866766486409;1.4675293401594074;0.1079934348775235;0.0;1.0;0.3625254068367755
386.53079268962574;1.4239422512273328;0.0925908712281167;0.0;1.0;0.6997615329641814
386.7815837142311;1.4097028287150597;0.0879613276667108;0.0;1.0;0.8107038096586119
387.0174282706145;1.3956058004279088;0.0835632612833753;0.0;1.0;0.9191500831831134
388.7953933854722;1.1187603005611373;0.0270355181525747;0.0;1.0;1.6056418123245044
305.796869801906;1.1466661069028985;0.1283194266830862;0.0;1.0;0.9034474060362302
304.96594455551104;0.9631635200684376;0.0484233436675455;0.0;0.0;-0.6362844674441649
386.53616345662346;2.518965305228717;0.5076170090833084;0.0;1.0;1.218520378509797
386.13288939536886;1.640765849290585;0.7886958175692875;0.0;1.0;1.541110222902679
385.15699331790165;1.6573392417076616;0.8302061237571448;0.0;1.0;1.5117328094203044
385.3622249961834;0.7000961376083791;0.0018255998478692;0.0;1.0;0.3873876670254875
387.401187713995;0.991652205493982;0.0146089149589301;0.0;1.0;0.9375949129927864
386.6241716932024;0.9525771519052192;0.011899052539767;0.0;1.0;0.7555868180222267
385.7046927597444;0.9150418113373172;0.0096918526627186;0.0;1.0;0.6361487217459096
384.65043381406446;0.8789855129537998;0.0078940745678634;0.0;1.0;0.5874547460284608
305.053268895518;0.9345566003588848;0.0415169642769618;0.0;0.0;-0.6833697015052653
304.9331487025664;0.8710678228522778;0.0289928445751943;0.0;0.0;-0.5639540528578277
385.81958761533673;0.7071678157660395;0.0019216840503887;0.0;1.0;0.3276885414619279
304.04100554584323;0.7877781251045446;0.0173590870207659;0.0;0.0;-0.0880264463442009
303.9087873579457;0.7799003438534992;0.0164911326697276;0.0;0.0;-0.038216783077863
306.9341975150319;1.0795633776400038;0.0943265699643859;0.0;0.0;0.6254383878498148
384.9784948241408;0.3275662192939604;0.0001909338314626;0.0;0.0;-0.0538089633431583
385.8083536658374;0.3308749689837984;0.000200982980487;0.0;0.0;-0.0753578587910752
386.65819387216607;0.9514407014629496;0.0769953320577783;0.0;0.0;-0.1139657728359926
387.6183361300604;1.325623835478496;0.4183939748441658;0.0;0.0;0.2034241161696227
258.32302035722125;0.2097264728760822;3.894057496013888e-05;0.0;1.0;0.5965307224548311
302.9706685973289;0.2481546093195625;0.0001405404483163;0.0;0.0;-0.4633172243456484
307.1233683236942;1.879416089990764;1.0973242057395547;0.0;1.0;0.8181859352095059
306.55834339570407;0.6549527912090539;0.0375248894473198;0.0;1.0;1.4363665205453071
307.0834293754532;0.6682509858270115;0.0415788248723765;0.0;1.0;1.3430793062420665
304.27307159724234;0.0740859553476418;3.466190681717e-07;0.0;1.0;-0.449104054914969
384.30912671621417;0.4642180922063721;0.001487666001472;0.0;0.0;0.4378725068249909
303.30688216737013;0.7491691585032992;0.0134321306290723;0.0;0.0;0.1413096038617037
299.77487554465495;0.5303335274112705;0.0127795373764609;0.0;1.0;1.1593307589803037
305.49391521151455;1.981439653550912;0.7522191329382756;0.0;0.0;0.5640465659164954
305.01907436431264;1.4514441131214622;0.0914725475021381;0.0;1.0;1.1556891451950382
307.2518216407811;0.2263252391541171;7.762255584020261e-06;0.0;0.0;-0.7378947035840934
305.85628714502843;0.2218213668949502;7.005435664578285e-06;0.0;0.0;-0.7188261109312528
384.0455304879314;2.150734795365371;0.2035347950897612;0.0;1.0;-0.1826785959453113
385.98889419462336;2.1079351729376;0.1836901525685094;0.0;1.0;-0.0729169734981397
306.0481012082845;1.422560375270345;0.0825539741206796;0.0;1.0;1.2479755999186353
307.01382272904857;1.394251423802465;0.0745049616439133;0.0;1.0;1.3236658110844632
272.1813771810227;0.759285715204238;0.0944715641173251;0.0;1.0;0.6120145058809712
438.78282770257;1.262590563139509;0.098827511593056;0.0;1.0;0.6018685854210154
399.2693789002869;1.2415139095398882;0.0339750488169097;0.0;1.0;0.87352018427412
470.8275276060738;1.2966089668575511;0.1667157697428085;0.0;0.0;0.2889073583783411
193.08814610416013;0.0149875907766893;9.951892847992028e-11;0.0;1.0;0.8316809123183864
391.2131581667308;0.6812196340539727;0.0275920586454729;0.0;0.0;0.2442585356761076
302.77758471860216;3.182836076614341;1.5045896085116224;0.0;0.0;0.7650528759316105
503.1457300402158;1.2085047904790704;0.0143967739373554;0.0;1.0;0.83120125523762
301.8476485875631;1.361325652410245;0.4449747514232925;0.0;0.0;0.3342255162845267
616.236248038461;2.505049697088689;0.1549479416129065;0.0;1.0;0.8758788407685638
233.1718491466508;0.7383164978152993;0.0282034156477061;0.0;0.0;0.5957221231412951
547.246536273099;1.5573705960945778;0.0203618265825058;0.0;1.0;0.7620453169626995
166.4683773794661;0.1114044296306535;1.0773678040035712e-05;0.0;1.0;0.6568249655247466
212.38885765704072;0.4370347738993675;0.011533302252109;0.0;1.0;0.7326679713912317
123.63704923301272;0.2941735202379904;0.001915489806775;0.0;1.0;0.6850398334873911
