1002.0;-159;-2417.0;262.0;-205.0;100.0;795.0;-3;116;115.0;250.0;15;-729.0;-686.0;271.0;-144.0;-439.0;1600.0;9;945.0;282.0;-1633.0;-31;955.0;10;-243.0;8.0;816.0;-737.0;317.0;1169.0;206.0;-565.0;-385.0;-1186.0;-226.0;5;-411.0;190.0;125.0;-1713.0;-458.0;12.0;334.0;16;-47.0;27;-167.0;74;226.0;-609.0;-2063.0;-1343.0;-624.0;-10;-1903.0;-119.0;-658.0;-882.0;940.0;299.0;646;-254.0;763.0;-3;473.0;653.0;-615.0;801;366.0;-599.0;197.0;-178;675.0;742;-7;-10;305;-948.0;-275.0;568.0;1578.0;533.0;-1248.0;-1406.0;-45.0;-10;-654.0;-31;-401.0;289.0;261.0;1036.0;290.0;-10.0;510.0;557.0;931.0;-7.0;67;-425.0;169.0;11;403.0;-25;-1266.0;-486.0;38.0;371;-331.0;-42;385.0;25;3.0;102.0;436.0;96.0;15;223.0;1;-575.0;518.0;-440.0;66.0;9;813.0;113.0;-24;-649.0;971.0
945.0;-159;-1776.0;233.0;-190.0;138.0;751.0;-7;116;160.0;423.0;12;-735.0;-686.0;232.0;-136.0;-285.0;1040.0;-15;-154.0;239.0;-1417.0;2;970.0;7;-197.0;-43.0;762.0;-672.0;326.0;1257.0;153.0;-569.0;-383.0;-1407.0;-230.0;4;-410.0;162.0;79.0;-1171.0;-408.0;4.0;352.0;24;-144.0;27;-222.0;74;227.0;-603.0;-844.0;-1206.0;-826.0;-17;-1520.0;-129.0;-648.0;-886.0;1108.0;183.0;642;-209.0;761.0;-2;439.0;649.0;294.0;797;361.0;-617.0;186.0;-178;691.0;735;-7;-7;299;-898.0;-274.0;581.0;1734.0;529.0;-1132.0;-1131.0;-44.0;-17;-628.0;2;-395.0;2.0;259.0;1034.0;297.0;-2.0;533.0;627.0;1270.0;-39.0;71;-411.0;-222.0;15;402.0;36;-884.0;-501.0;146.0;372;-161.0;-42;338.0;-36;1.0;78.0;455.0;127.0;12;104.0;5;-589.0;689.0;-464.0;133.0;-15;859.0;28.0;-24;-663.0;1097.0
977.0;-159;143.0;-155.0;-566.0;107.0;344.0;1;118;-300.0;352.0;-9;-807.0;-695.0;1013.0;-101.0;-474.0;506.0;19;-333.0;-166.0;-431.0;809;917.0;-933;310.0;230.0;303.0;1067.0;245.0;353.0;222.0;-530.0;-928.0;-338.0;-123.0;-4;-470.0;1104.0;390.0;-101.0;-14.0;62.0;448.0;11;-389.0;26;40.0;74;668.0;-311.0;699.0;1006.0;979.0;649;-843.0;-90.0;-693.0;-830.0;-757.0;-82.0;348;610.0;602.0;440;-152.0;139.0;-39.0;795;350.0;33.0;171.0;188;644.0;1020;-8;933;328;-947.0;-336.0;653.0;123.0;517.0;801.0;1187.0;555.0;649;-45.0;809;544.0;212.0;-946.0;1041.0;-443.0;20.0;85.0;791.0;-871.0;-96.0;65;-566.0;-230.0;93;573.0;-35;-511.0;-595.0;92.0;369;-861.0;-42;499.0;35;-165.0;0.0;742.0;728.0;-9;459.0;-38;4.0;592.0;-338.0;80.0;19;875.0;61.0;-24;-568.0;248.0
545.0;-169;667.0;735.0;-430.0;-375.0;86.0;-281;-67;716.0;-589.0;204;-416.0;-838.0;869.0;239.0;-341.0;-1352.0;-103;730.0;-688.0;-577.0;-5985;713.0;-1501;552.0;355.0;434.0;872.0;241.0;329.0;397.0;-402.0;-487.0;-30.0;-331.0;-116;443.0;691.0;-210.0;438.0;-438.0;-537.0;52.0;26;-495.0;-27;60.0;-107;475.0;-483.0;1167.0;629.0;518.0;-1915;-1166.0;-948.0;-295.0;-667.0;-454.0;717.0;1044;61.0;136.0;532;-208.0;-429.0;555.0;809;-190.0;163.0;-25.0;152;98.0;243;-19;1501;445;-703.0;317.0;95.0;-2084.0;580.0;425.0;824.0;251.0;-1915;-678.0;-5985;374.0;110.0;-396.0;869.0;233.0;719.0;584.0;465.0;-880.0;676.0;31;-526.0;2558.0;-393;-449.0;-100;2233.0;-228.0;-923.0;401;-915.0;-40;294.0;100;-364.0;-552.0;53.0;316.0;204;38.0;54;558.0;127.0;-786.0;276.0;-103;773.0;-331.0;-37;-538.0;44.0
700.0;-186;309.0;-240.0;143.0;-9.0;277.0;267;-40;417.0;941.0;291;332.0;81.0;963.0;-27.0;-405.0;475.0;-20;-400.0;249.0;-627.0;-2353;619.0;4316;635.0;96.0;344.0;1132.0;-695.0;-59.0;523.0;16.0;-1364.0;-332.0;-428.0;189;8.0;1037.0;-688.0;252.0;-29.0;-424.0;411.0;-48;-616.0;-37;245.0;79;-325.0;-334.0;447.0;923.0;1572.0;-405;-2376.0;-338.0;543.0;293.0;-1316.0;-466.0;1251;544.0;391.0;816;-337.0;-546.0;-335.0;943;-607.0;896.0;356.0;26;310.0;1148;-55;-4316;340;-1359.0;791.0;299.0;453.0;256.0;765.0;1225.0;-581.0;-405;-607.0;-2353;-287.0;71.0;42.0;821.0;-196.0;-20.0;-563.0;590.0;-1256.0;756.0;-75;-538.0;17.0;330;-441.0;-23;61.0;-449.0;344.0;443;-1228.0;-79;353.0;23;-488.0;-805.0;-486.0;513.0;291;384.0;1078;538.0;388.0;-507.0;-170.0;-20;685.0;85.0;-39;485.0;333.0
1030.0;-162;-385.0;-315.0;132.0;379.0;-49.0;-28;65;-628.0;453.0;1187;353.0;71.0;617.0;-490.0;-33.0;464.0;-324;270.0;-220.0;-525.0;-33;1006.0;-2;921.0;-267.0;377.0;878.0;-681.0;178.0;518.0;-143.0;-1005.0;-232.0;-145.0;-502;116.0;963.0;-635.0;714.0;164.0;65.0;774.0;-24;249.0;65;614.0;10;-304.0;-326.0;-27.0;819.0;932.0;29;246.0;-241.0;452.0;413.0;-881.0;-775.0;707;848.0;465.0;54;549.0;-447.0;-493.0;428;-498.0;866.0;4.0;172;516.0;753;-90;2;665;-641.0;852.0;672.0;355.0;410.0;869.0;1022.0;-681.0;29;-608.0;-33;-650.0;-53.0;-367.0;901.0;-135.0;18.0;-533.0;559.0;-693.0;812.0;144;-730.0;69.0;-4;-335.0;315;2622.0;-391.0;61.0;595;-588.0;-49;-136.0;-315;-164.0;-621.0;-540.0;45.0;1187;221.0;125;496.0;605.0;-474.0;-263.0;-324;336.0;656.0;-36;95.0;212.0
974.0;-156;-158.0;757.0;401.0;7.0;173.0;0;-101;-86.0;235.0;-14;389.0;708.0;979.0;-62.0;-304.0;2.0;21;-561.0;-748.0;2.0;-3;963.0;-22;431.0;153.0;320.0;949.0;434.0;267.0;215.0;583.0;-951.0;-124.0;411.0;9;593.0;1080.0;-344.0;135.0;-21.0;129.0;294.0;11;-325.0;167;200.0;150;-308.0;641.0;-203.0;904.0;961.0;-12;172.0;-99.0;267.0;673.0;-808.0;-602.0;662;290.0;281.0;-3;47.0;484.0;-538.0;805;207.0;257.0;201.0;-179;229.0;735;-16;22;272;-976.0;-341.0;273.0;-102.0;432.0;772.0;1014.0;-119.0;-12;703.0;-3;-310.0;82.0;-216.0;1032.0;544.0;98.0;488.0;555.0;-981.0;-674.0;74;-488.0;-528.0;25;-548.0;8;-486.0;-276.0;55.0;369;-987.0;-40;378.0;-8;-56.0;531.0;-108.0;510.0;-14;216.0;-4;-631.0;333.0;710.0;80.0;21;877.0;154.0;-31;-443.0;243.0
1126.0;-175;-420.0;-285.0;28.0;49.0;267.0;3230;-51;-79.0;-661.0;2535;-61.0;301.0;705.0;-243.0;-318.0;686.0;625;-1520.0;32.0;814.0;-538;999.0;1416;693.0;-34.0;400.0;1179.0;-685.0;138.0;161.0;324.0;-752.0;-399.0;502.0;-1283;373.0;1058.0;-771.0;-356.0;-60.0;173.0;235.0;65;-283.0;-52;138.0;137;164.0;581.0;-635.0;1055.0;829.0;13;1169.0;49.0;-188.0;219.0;-692.0;-357.0;551;580.0;132.0;-74;20.0;538.0;-1260.0;-3261;503.0;856.0;111.0;-188;309.0;799;-50;-1416;1031;-789.0;-743.0;204.0;754.0;318.0;974.0;1274.0;282.0;13;721.0;-538;41.0;-6.0;329.0;835.0;164.0;116.0;-671.0;457.0;-697.0;-840.0;4448;-569.0;-829.0;34;-395.0;1705;-863.0;-427.0;304.0;3490;-692.0;-42;261.0;-1705;16.0;835.0;276.0;234.0;2535;397.0;91;-614.0;476.0;739.0;-76.0;625;976.0;166.0;9;515.0;136.0
1064.0;-162;626.0;443.0;167.0;334.0;299.0;89;84;-39.0;441.0;196;177.0;447.0;1210.0;-187.0;-314.0;151.0;0;-70.0;-711.0;-875.0;-1662;1381.0;-1982;1285.0;211.0;132.0;1035.0;-252.0;-9.0;501.0;413.0;-1294.0;-328.0;479.0;-21;543.0;1301.0;-721.0;38.0;31.0;-1045.0;523.0;1342;-599.0;-192;328.0;107;-41.0;620.0;363.0;1270.0;921.0;-1185;-244.0;-951.0;-21.0;456.0;-1153.0;68.0;-143;1138.0;73.0;-648;-184.0;520.0;100.0;905;451.0;956.0;-589.0;70;998.0;810;-12;1982;359;-1293.0;-653.0;207.0;194.0;1171.0;839.0;1157.0;128.0;-1185;756.0;-1662;-141.0;293.0;-554.0;489.0;116.0;-809.0;296.0;416.0;-1273.0;-819.0;-22;-577.0;-229.0;377;-524.0;-90;152.0;-411.0;333.0;321;-1221.0;-72;233.0;90;-285.0;737.0;11.0;391.0;196;340.0;541;-653.0;501.0;773.0;219.0;0;737.0;85.0;-17;-318.0;212.0
963.0;-159;-514.0;312.0;181.0;126.0;104.0;-223;-40;159.0;-648.0;1507;202.0;488.0;776.0;-269.0;-370.0;1152.0;-288;-1818.0;-447.0;322.0;-67;807.0;270;1083.0;30.0;381.0;869.0;-303.0;156.0;231.0;453.0;-873.0;-213.0;517.0;-784;625.0;848.0;-679.0;-259.0;96.0;15.0;374.0;34;-154.0;170;259.0;99;-88.0;654.0;-604.0;785.0;784.0;-87;1516.0;-27.0;-55.0;379.0;-828.0;-858.0;690;847.0;204.0;110;164.0;536.0;-1774.0;1697;393.0;925.0;-80.0;-171;771.0;687;-58;-270;286;-753.0;-635.0;273.0;1021.0;887.0;719.0;927.0;137.0;-87;739.0;-67;-129.0;96.0;-121.0;844.0;314.0;-277.0;151.0;397.0;-823.0;-799.0;-1416;-411.0;-1084.0;-4;-464.0;6849;-615.0;-347.0;477.0;1814;-767.0;-36;213.0;-6849;25.0;756.0;2.0;383.0;1507;455.0;-102;-667.0;415.0;742.0;-25.0;-288;709.0;255.0;-32;-9.0;179.0
745.0;-161;562.0;228.0;67.0;-145.0;187.0;-3871;-52;550.0;100.0;1125;-32.0;304.0;849.0;-198.0;-133.0;79.0;-224;-205.0;-428.0;-267.0;138;667.0;4804;952.0;66.0;392.0;1186.0;-254.0;240.0;140.0;348.0;-916.0;-214.0;445.0;350;307.0;599.0;-464.0;-361.0;109.0;-727.0;494.0;-393;-266.0;66;356.0;62;179.0;576.0;322.0;792.0;628.0;-1278;-107.0;-529.0;-205.0;-11.0;-756.0;108.0;993;1256.0;277.0;-884;44.0;560.0;-101.0;419;503.0;665.0;1842.0;202;1022.0;1280;-11;-4804;-3669;-875.0;-730.0;197.0;-29.0;952.0;728.0;1534.0;290.0;-1278;648.0;138;209.0;16.0;-588.0;1635.0;-84.0;1408.0;387.0;526.0;-935.0;-825.0;984;-718.0;424.0;247;23.0;1028;250.0;-439.0;241.0;1244;-881.0;-55;92.0;-1028;-50.0;871.0;342.0;258.0;1125;124.0;-20;-656.0;325.0;736.0;-31.0;-224;1063.0;-66.0;-41;-243.0;189.0
894.0;-154;233.0;-173.0;-183.0;63.0;334.0;-129;-3;361.0;-159.0;10;-358.0;20.0;1132.0;-178.0;-250.0;-118.0;48;115.0;52.0;-420.0;1180;992.0;3271;1000.0;55.0;230.0;898.0;-529.0;211.0;187.0;129.0;-1181.0;-324.0;556.0;163;253.0;931.0;-536.0;-1008.0;-45.0;111.0;218.0;-237;-209.0;-39;97.0;52;378.0;496.0;-84.0;874.0;1145.0;-1455;-1670.0;-159.0;-420.0;-82.0;-1143.0;890.0;991;944.0;168.0;-208;18.0;591.0;211.0;745;652.0;1022.0;146.0;169;822.0;748;-46;-3271;141;-1217.0;-747.0;341.0;79.0;824.0;579.0;1012.0;449.0;-1455;501.0;1180;53.0;162.0;-44.0;1025.0;26.0;23.0;-303.0;483.0;-1059.0;-700.0;185;-542.0;1621.0;98;-120.0;-30;820.0;-294.0;182.0;348;-1082.0;-58;272.0;30;-172.0;825.0;506.0;522.0;10;279.0;118;-591.0;317.0;613.0;28.0;48;849.0;12.0;-27;272.0;199.0
1222.0;-168;135.0;462.0;623.0;56.0;243.0;-247;145;-240.0;270.0;139;693.0;785.0;828.0;-41.0;-240.0;-679.0;-358;201.0;-221.0;-416.0;-3648;1175.0;-2198;856.0;218.0;475.0;1217.0;73.0;303.0;107.0;583.0;-914.0;-205.0;123.0;-32;-26.0;1192.0;93.0;43.0;-48.0;-34.0;240.0;2364;-518.0;114;117.0;-139;-711.0;401.0;508.0;1155.0;838.0;-1032;-249.0;-1287.0;639.0;845.0;-803.0;144.0;1827;593.0;241.0;-2163;43.0;94.0;323.0;820;-173.0;615.0;454.0;-151;825.0;-1395;-8;2198;274;-944.0;119.0;200.0;-1305.0;980.0;1028.0;1555.0;-494.0;-1032;493.0;-3648;-519.0;129.0;-795.0;1024.0;-294.0;227.0;691.0;680.0;-869.0;-351.0;125;-719.0;356.0;-1795;199.0;-1025;380.0;-184.0;-152.0;300;-911.0;-15;514.0;1025;-227.0;28.0;-478.0;391.0;139;184.0;1263;-150.0;330.0;432.0;90.0;-358;1111.0;144.0;-33;-420.0;163.0
1460.0;-162;557.0;-34.0;-518.0;258.0;357.0;162;9;4.0;255.0;413;-814.0;677.0;1161.0;-292.0;-263.0;330.0;293;142.0;-200.0;-871.0;-3438;1376.0;734;951.0;160.0;260.0;1223.0;-173.0;-55.0;209.0;496.0;-1241.0;-218.0;-33.0;-274;-91.0;1311.0;-248.0;-252.0;-58.0;-501.0;464.0;1019;-526.0;-59;320.0;129;606.0;-234.0;20.0;1277.0;892.0;-570;-260.0;-320.0;-764.0;-837.0;-1093.0;-226.0;763;1068.0;-19.0;-1092;-266.0;194.0;-177.0;264;-390.0;754.0;-550.0;5;972.0;2109;-3;-734;32;-1143.0;379.0;159.0;486.0;999.0;763.0;1211.0;592.0;-570;88.0;-3438;480.0;166.0;-867.0;2323.0;-448.0;1818.0;-59.0;424.0;-1144.0;-178.0;698;-439.0;186.0;337;-13.0;-179;456.0;-338.0;343.0;427;-1140.0;-67;393.0;179;-186.0;261.0;779.0;305.0;413;331.0;-2101;-137.0;536.0;-108.0;199.0;293;771.0;106.0;-15;-332.0;192.0
998.0;-161;-913.0;183.0;-566.0;131.0;188.0;87;-157;110.0;-275.0;1763;-814.0;758.0;747.0;-288.0;-326.0;1006.0;232;-1881.0;-93.0;388.0;-56;969.0;123;937.0;97.0;399.0;838.0;-19.0;204.0;255.0;534.0;-902.0;-101.0;-19.0;-198;-31.0;927.0;17.0;84.0;110.0;16.0;329.0;20;-172.0;51;309.0;111;627.0;-301.0;-317.0;741.0;801.0;-35;1346.0;-38.0;-709.0;-825.0;-853.0;-576.0;683;928.0;127.0;21;170.0;-25.0;-1498.0;850;-302.0;767.0;-156.0;-173;985.0;722;0;-123;308;-787.0;223.0;169.0;658.0;1031.0;647.0;879.0;607.0;-35;-204.0;-56;538.0;-6.0;-796.0;914.0;-329.0;-272.0;317.0;390.0;-824.0;129.0;-322;-407.0;-1293.0;31;147.0;5894;-1233.0;-184.0;386.0;1079;-782.0;-36;261.0;-5894;80.0;175.0;748.0;384.0;1763;473.0;124;74.0;497.0;-194.0;-31.0;232;756.0;279.0;-45;-403.0;57.0
979.0;-165;-848.0;253.0;631.0;145.0;407.0;-291;-182;26.0;-1587.0;168;758.0;-707.0;1304.0;-187.0;-264.0;190.0;-1762;-700.0;-96.0;818.0;266;713.0;428;-47.0;255.0;239.0;818.0;366.0;336.0;84.0;-558.0;-737.0;-302.0;337.0;11;-404.0;919.0;558.0;-7.0;3.0;-21.0;494.0;-175;-344.0;120;108.0;145;-669.0;512.0;-1335.0;800.0;779.0;-184;106.0;-28.0;768.0;894.0;-20.0;-467.0;806;200.0;846.0;-142;35.0;-25.0;-825.0;793;342.0;-582.0;263.0;-178;435.0;874;0;-428;31;-1091.0;-268.0;520.0;902.0;553.0;280.0;1053.0;-328.0;-184;371.0;266;-47.0;-130.0;-551.0;1123.0;-269.0;-82.0;527.0;668.0;-1063.0;-163.0;227;-623.0;1023.0;-139;446.0;-4840;975.0;-369.0;-350.0;286;-1058.0;-33;114.0;4840;-81.0;-293.0;-632.0;639.0;168;259.0;222;-124.0;390.0;202.0;105.0;-1762;714.0;411.0;-40;-762.0;607.0
1106.0;-165;-570.0;-9.0;-4.0;131.0;204.0;-15;120;-243.0;482.0;-100;246.0;274.0;815.0;-224.0;-181.0;-479.0;8;21.0;-303.0;-286.0;-12;961.0;-77;745.0;153.0;480.0;833.0;-476.0;148.0;434.0;267.0;-996.0;-297.0;-532.0;2;440.0;1110.0;-622.0;-24.0;-58.0;144.0;456.0;12;-321.0;-136;186.0;-23;-96.0;-566.0;-618.0;739.0;1044.0;-7;-898.0;-334.0;241.0;-95.0;-887.0;54.0;684;726.0;171.0;-11;-22.0;-595.0;-178.0;808;464.0;873.0;228.0;172;374.0;712;-165;77;267;-878.0;-799.0;463.0;-97.0;227.0;829.0;502.0;-244.0;-7;-532.0;-12;-50.0;-758.0;239.0;967.0;243.0;536.0;-86.0;591.0;-759.0;765.0;69;-764.0;-103.0;23;-449.0;34;-368.0;-538.0;-105.0;376;-856.0;-38;344.0;-34;-162.0;-840.0;-473.0;357.0;-100;562.0;9;696.0;708.0;-749.0;-8.0;8;616.0;258.0;-11;268.0;137.0
952.0;-161;-397.0;534.0;-551.0;178.0;46.0;-133;-151;-366.0;1385.0;-559;-691.0;786.0;1012.0;-141.0;-321.0;129.0;123;318.0;-344.0;-359.0;-144;887.0;135;153.0;231.0;381.0;928.0;477.0;237.0;251.0;606.0;-996.0;-52.0;-453.0;41;-36.0;1150.0;253.0;464.0;-38.0;119.0;531.0;-6;218.0;134;214.0;151;586.0;-450.0;-273.0;833.0;854.0;169;714.0;-264.0;-634.0;-781.0;-705.0;230.0;645;292.0;671.0;-26;349.0;-220.0;433.0;855;-125.0;-429.0;207.0;178;385.0;773;-3;-135;181;-1017.0;-2.0;795.0;430.0;480.0;778.0;1044.0;465.0;169;-511.0;-144;428.0;-89.0;-599.0;916.0;-186.0;397.0;647.0;821.0;-1058.0;414.0;73;-672.0;-423.0;-29;142.0;-347;-355.0;-224.0;-271.0;343;-1043.0;-42;267.0;347;-42.0;-28.0;529.0;50.0;-559;449.0;-34;340.0;488.0;-423.0;-231.0;123;625.0;447.0;-24;-648.0;215.0
933.0;-159;559.0;551.0;-569.0;-202.0;203.0;99;-154;135.0;1690.0;-104;-648.0;789.0;871.0;-176.0;-593.0;-387.0;62;257.0;364.0;1869.0;13;1033.0;7;-209.0;92.0;664.0;634.0;473.0;330.0;205.0;587.0;-983.0;-176.0;-90.0;10;-90.0;926.0;276.0;59.0;-155.0;114.0;437.0;18;-965.0;139;355.0;83;698.0;-448.0;529.0;420.0;680.0;-4;1503.0;-363.0;-790.0;-893.0;-382.0;-267.0;659;-253.0;584.0;-16;-282.0;-203.0;284.0;768;-181.0;-355.0;59.0;-176;246.0;727;-6;-7;400;-993.0;27.0;512.0;-354.0;444.0;437.0;538.0;326.0;-4;-608.0;13;127.0;0.0;-186.0;984.0;-197.0;50.0;558.0;688.0;-852.0;463.0;69;-496.0;-2382.0;31;80.0;-11;-3098.0;-698.0;47.0;357;-1006.0;-45;367.0;11;-53.0;422.0;252.0;550.0;-104;834.0;-16;284.0;542.0;-263.0;308.0;62;841.0;344.0;-24;-570.0;366.0
977.0;-158;86.0;544.0;-562.0;-23.0;188.0;-8;-155;68.0;-160.0;6;-681.0;803.0;886.0;-135.0;-517.0;-52.0;29;70.0;-223.0;-55.0;7;958.0;46;231.0;239.0;550.0;849.0;482.0;188.0;286.0;589.0;-965.0;-222.0;-271.0;11;15.0;1080.0;281.0;17.0;-85.0;-29.0;463.0;12;-166.0;141;345.0;88;700.0;-469.0;-22.0;721.0;883.0;-4;-225.0;19.0;-546.0;-864.0;-660.0;323.0;661;-84.0;482.0;-1;57.0;-170.0;226.0;804;-81.0;-562.0;261.0;-174;265.0;734;-6;-46;293;-948.0;-35.0;567.0;310.0;449.0;594.0;826.0;407.0;-4;-512.0;7;422.0;314.0;-584.0;1033.0;-5.0;7.0;602.0;784.0;-888.0;439.0;66;-626.0;312.0;32;245.0;-24;198.0;-518.0;-134.0;376;-929.0;-45;422.0;24;-78.0;45.0;441.0;531.0;6;545.0;2;234.0;472.0;-563.0;-107.0;29;772.0;229.0;-26;-628.0;99.0
956.0;-157;-1.0;628.0;-467.0;29.0;153.0;1;-139;22.0;-115.0;20;-674.0;721.0;816.0;-167.0;-270.0;36.0;31;-131.0;441.0;211.0;-19;919.0;3;-508.0;250.0;502.0;898.0;536.0;1014.0;58.0;667.0;-255.0;-256.0;-403.0;2;-156.0;272.0;85.0;17.0;117.0;-112.0;570.0;17;-413.0;139;485.0;91;486.0;-619.0;-59.0;748.0;-418.0;-21;466.0;-301.0;-774.0;-450.0;669.0;-79.0;655;27.0;565.0;2;21.0;-202.0;-147.0;805;-174.0;-61.0;133.0;-179;294.0;732;-6;-3;271;-979.0;68.0;173.0;48.0;374.0;-809.0;797.0;44.0;-21;-712.0;-19;-96.0;-119.0;-432.0;964.0;-8.0;304.0;636.0;467.0;-862.0;536.0;71;-422.0;291.0;-5;-302.0;-12;-199.0;-493.0;39.0;376;-832.0;-41;425.0;12;24.0;791.0;229.0;617.0;20;687.0;1;453.0;609.0;-125.0;622.0;31;940.0;176.0;-27;-377.0;909.0
989.0;-174;118.0;281.0;-605.0;203.0;1099.0;109;172;-267.0;194.0;100;-590.0;652.0;347.0;-6.0;-23.0;626.0;-1328;-780.0;189.0;-98.0;2208;1318.0;3221;179.0;272.0;689.0;-706.0;37.0;116.0;143.0;458.0;-876.0;-794.0;-13.0;79;-512.0;1312.0;632.0;8.0;343.0;20.0;446.0;-408;-221.0;9;-87.0;43;528.0;-129.0;-131.0;-354.0;1073.0;-1545;879.0;0.0;-792.0;-759.0;-679.0;-448.0;1266;-654.0;388.0;-1281;15.0;442.0;301.0;692;-388.0;168.0;223.0;-160;235.0;1358;-25;-3221;123;-993.0;463.0;309.0;342.0;429.0;733.0;173.0;588.0;-1545;-748.0;2208;510.0;-373.0;-763.0;990.0;-618.0;75.0;-184.0;753.0;596.0;301.0;147;-862.0;-268.0;-680;0.0;-4769;202.0;-617.0;-201.0;440;-422.0;-19;594.0;4769;-18.0;405.0;-205.0;371.0;100;218.0;666;-346.0;334.0;-98.0;71.0;-1328;435.0;257.0;-38;-206.0;210.0
1054.0;-159;282.0;43.0;-40.0;-45.0;419.0;2123;-17;41.0;-377.0;3012;174.0;224.0;645.0;-178.0;-414.0;309.0;-170;-377.0;-350.0;-86.0;-103;964.0;448;586.0;147.0;517.0;867.0;-515.0;440.0;69.0;316.0;-1000.0;-239.0;-448.0;1888;629.0;1144.0;-748.0;-304.0;151.0;6.0;269.0;22;-374.0;-148;209.0;-184;-66.0;-550.0;493.0;1201.0;642.0;-179;147.0;-387.0;186.0;-206.0;-833.0;1076.0;639;618.0;521.0;-50;282.0;-663.0;-109.0;-1232;582.0;598.0;267.0;177;341.0;739;-40;-448;1211;-1068.0;-715.0;405.0;-294.0;204.0;876.0;1315.0;-378.0;-179;-537.0;-103;-125.0;152.0;330.0;798.0;463.0;258.0;-105.0;748.0;-1012.0;727.0;837;-530.0;754.0;18;-477.0;3237;529.0;-331.0;-313.0;2279;-1037.0;-41;344.0;-3237;31.0;-861.0;-399.0;534.0;3012;563.0;-7;740.0;556.0;-721.0;21.0;-170;942.0;211.0;-22;313.0;281.0
1087.0;-155;-31.0;-627.0;374.0;20.0;-702.0;-60;17;118.0;169.0;-10;126.0;82.0;645.0;-513.0;-210.0;-53.0;-43;-98.0;-104.0;-183.0;-6;816.0;-7;876.0;303.0;-118.0;1058.0;-587.0;56.0;843.0;273.0;-1004.0;493.0;-483.0;-82;483.0;1045.0;-597.0;79.0;-127.0;-556.0;398.0;23;357.0;109;571.0;-147;-403.0;-599.0;-243.0;994.0;1009.0;19;42.0;-253.0;265.0;-33.0;-812.0;114.0;661;748.0;-165.0;3;83.0;-212.0;-115.0;798;-17.0;870.0;487.0;-177;-100.0;720;-72;7;266;-94.0;-958.0;158.0;111.0;-415.0;809.0;995.0;-217.0;19;-624.0;-6;-59.0;186.0;-26.0;883.0;235.0;290.0;-622.0;721.0;-914.0;894.0;87;-828.0;294.0;-3;-251.0;40;149.0;115.0;58.0;368;-523.0;-39;-447.0;-40;-414.0;-873.0;-269.0;692.0;-10;74.0;-5;613.0;8.0;-724.0;369.0;-43;-229.0;355.0;-43;306.0;61.0
993.0;-151;906.0;-36.0;85.0;-240.0;221.0;-24;-32;11.0;149.0;-483;232.0;418.0;981.0;95.0;-776.0;9.0;486;-3853.0;-866.0;-1807.0;-31;872.0;-38;850.0;286.0;546.0;877.0;-444.0;266.0;418.0;250.0;-853.0;97.0;-461.0;32;365.0;1099.0;-480.0;-30.0;-346.0;30.0;218.0;14;-31.0;-126;-137.0;-66;-198.0;-523.0;234.0;731.0;755.0;24;-2111.0;27.0;130.0;-667.0;-251.0;1171.0;652;1363.0;739.0;64;7.0;-736.0;359.0;794;483.0;576.0;-217.0;-174;799.0;742;-138;38;345;-914.0;-728.0;595.0;343.0;499.0;351.0;815.0;-16.0;24;-355.0;-31;-18.0;1151.0;-316.0;1080.0;-9.0;248.0;-15.0;927.0;-851.0;631.0;22;-758.0;1027.0;13;44.0;137;991.0;-96.0;-127.0;457;-1032.0;-40;355.0;-137;-48.0;-586.0;-368.0;654.0;-483;-424.0;19;837.0;167.0;-842.0;3.0;486;745.0;-108.0;-33;176.0;66.0
918.0;-163;-196.0;92.0;-68.0;-147.0;562.0;-24;-37;-87.0;263.0;93;48.0;410.0;889.0;-69.0;-520.0;-10.0;-49;1907.0;-633.0;-113.0;113;946.0;762;777.0;315.0;598.0;868.0;-431.0;152.0;415.0;312.0;-850.0;-288.0;-493.0;-9;450.0;1040.0;-657.0;-35.0;-302.0;24.0;386.0;60;-278.0;-134;112.0;-82;35.0;-588.0;-86.0;711.0;976.0;2036;51.0;88.0;201.0;-422.0;-565.0;-571.0;645;673.0;438.0;-38;-95.0;-599.0;-549.0;798;417.0;742.0;361.0;166;406.0;691;-162;-762;269;-871.0;-748.0;423.0;-616.0;360.0;479.0;667.0;-75.0;2036;-541.0;113;-67.0;-94.0;-19.0;949.0;156.0;74.0;126.0;729.0;-725.0;797.0;78;-755.0;-195.0;-15;-457.0;53;20.0;-441.0;-8.0;378;-908.0;-38;458.0;-53;-140.0;-758.0;-341.0;453.0;93;705.0;-126;768.0;415.0;-780.0;103.0;-49;677.0;23.0;-25;285.0;-21.0
1109.0;-163;-145.0;104.0;-76.0;-143.0;397.0;-17;-41;-116.0;330.0;58;48.0;413.0;1006.0;-88.0;-466.0;-111.0;-56;1784.0;-637.0;-51.0;-173;892.0;548;772.0;305.0;446.0;884.0;-423.0;197.0;416.0;316.0;-855.0;-321.0;-494.0;-7;461.0;1040.0;-653.0;47.0;-218.0;40.0;172.0;-21;-265.0;-140;86.0;-82;27.0;-589.0;-225.0;643.0;968.0;1898;25.0;-73.0;199.0;-421.0;-564.0;-447.0;657;658.0;408.0;-161;-76.0;-599.0;-471.0;799;414.0;743.0;402.0;186;392.0;810;-162;-548;261;-915.0;-747.0;442.0;-440.0;352.0;468.0;590.0;-73.0;1898;-540.0;-173;-64.0;-220.0;-2.0;982.0;164.0;89.0;133.0;740.0;-636.0;796.0;78;-775.0;-358.0;87;-480.0;32;-199.0;-661.0;-18.0;379;-936.0;-39;457.0;-32;-166.0;-758.0;-371.0;519.0;58;755.0;-139;755.0;472.0;-780.0;108.0;-56;655.0;-2.0;-25;288.0;-3.0
988.0;-163;-27.0;170.0;-132.0;-55.0;270.0;-8;-53;-331.0;313.0;76;95.0;423.0;832.0;-78.0;-504.0;-1039.0;-30;660.0;-669.0;198.0;-129;854.0;-298;775.0;390.0;542.0;742.0;-418.0;158.0;396.0;317.0;-934.0;-415.0;-494.0;3;483.0;878.0;-642.0;125.0;-290.0;-62.0;324.0;-3;-198.0;-155;161.0;-82;32.0;-597.0;-665.0;587.0;760.0;652;318.0;-103.0;168.0;-433.0;-710.0;-87.0;464;580.0;471.0;-211;34.0;-603.0;132.0;803;397.0;741.0;341.0;-191;361.0;925;-162;298;249;-927.0;-751.0;426.0;0.0;315.0;415.0;603.0;-56.0;652;-577.0;-129;-41.0;-274.0;51.0;982.0;213.0;121.0;90.0;634.0;-814.0;781.0;72;-764.0;-417.0;36;-595.0;-10;-253.0;-691.0;-27.0;392;-1032.0;-40;402.0;10;-210.0;-752.0;-435.0;634.0;76;851.0;134;690.0;738.0;-783.0;80.0;-30;451.0;28.0;-25;270.0;-82.0
996.0;-156;229.0;271.0;-152.0;-165.0;361.0;5;-17;33.0;87.0;1;165.0;245.0;805.0;-247.0;-680.0;98.0;-11;-148.0;-1184.0;1044.0;-14;933.0;-4;956.0;112.0;844.0;533.0;-338.0;513.0;129.0;368.0;-944.0;-419.0;-215.0;2;499.0;906.0;-664.0;312.0;-151.0;-37.0;506.0;17;-310.0;-147;344.0;-58;157.0;-525.0;162.0;302.0;415.0;-5;960.0;12.0;166.0;-439.0;-35.0;-136.0;651;863.0;892.0;-4;161.0;-561.0;36.0;796;545.0;87.0;251.0;-176;466.0;737;-142;4;293;-963.0;-712.0;819.0;102.0;533.0;-102.0;475.0;-389.0;-5;-478.0;-14;-383.0;12.0;-563.0;1012.0;139.0;-56.0;665.0;883.0;-596.0;797.0;68;-467.0;-471.0;16;-372.0;16;-410.0;-848.0;43.0;386;-856.0;-39;475.0;-16;41.0;-784.0;-448.0;605.0;1;918.0;7;739.0;646.0;-738.0;31.0;-11;865.0;278.0;-26;-64.0;376.0
995.0;-156;106.0;132.0;-67.0;-291.0;269.0;5;-17;-48.0;-19.0;-35;163.0;298.0;882.0;-174.0;-585.0;146.0;-21;649.0;-887.0;-282.0;1;959.0;-6;884.0;397.0;746.0;637.0;-271.0;554.0;79.0;385.0;-829.0;-429.0;-303.0;-5;484.0;933.0;-653.0;314.0;-290.0;-44.0;434.0;23;-258.0;-147;329.0;-59;32.0;-512.0;297.0;260.0;557.0;13;-262.0;3.0;-69.0;-834.0;-176.0;-10.0;651;1006.0;927.0;-2;160.0;-599.0;36.0;795;558.0;37.0;245.0;-176;536.0;728;-142;6;293;-981.0;-672.0;531.0;128.0;583.0;68.0;201.0;-211.0;13;-329.0;1;-58.0;-504.0;-851.0;1029.0;-45.0;-44.0;612.0;941.0;-490.0;781.0;69;-451.0;252.0;19;-65.0;-14;633.0;-945.0;6.0;387;-909.0;-39;435.0;14;-14.0;-458.0;-504.0;839.0;-35;956.0;-5;798.0;760.0;-830.0;139.0;-21;867.0;196.0;-27;-346.0;413.0
1007.0;-137;815.0;-409.0;-471.0;3.0;51.0;-65;-162;104.0;719.0;-24;-734.0;567.0;1133.0;-123.0;-374.0;111.0;-107;953.0;393.0;-984.0;301;861.0;-3740;357.0;192.0;360.0;1180.0;-89.0;249.0;404.0;398.0;-1403.0;-395.0;179.0;315;-514.0;873.0;118.0;63.0;21.0;-139.0;269.0;481;-95.0;14;286.0;20;600.0;-55.0;728.0;1068.0;961.0;560;-2080.0;-204.0;-741.0;-713.0;-1401.0;28.0;724;575.0;32.0;938;88.0;329.0;890.0;800;-504.0;397.0;-410.0;81;574.0;797;-14;3740;305;-1319.0;515.0;451.0;488.0;465.0;535.0;1164.0;664.0;560;211.0;301;508.0;300.0;-635.0;1675.0;-659.0;655.0;-351.0;451.0;-1314.0;-363.0;114;-445.0;430.0;282;440.0;-2;233.0;-559.0;176.0;414;-1250.0;-71;276.0;2;-168.0;448.0;727.0;620.0;-24;232.0;-216;-258.0;363.0;85.0;107.0;-107;749.0;34.0;-31;-80.0;223.0
980.0;-155;130.0;-364.0;-171.0;-70.0;404.0;-132;-2;-459.0;953.0;-19;-306.0;-125.0;1002.0;-111.0;-399.0;357.0;53;-703.0;-11.0;-189.0;-1142;962.0;-546;579.0;200.0;559.0;906.0;-751.0;218.0;55.0;-188.0;-895.0;-233.0;457.0;-248;384.0;1098.0;-578.0;140.0;-17.0;-42.0;260.0;1158;-427.0;-128;111.0;-59;311.0;454.0;1382.0;942.0;990.0;-491;-83.0;25.0;-448.0;-21.0;-741.0;-698.0;1482;710.0;278.0;683;-20.0;647.0;-391.0;827;-628.0;756.0;209.0;-162;547.0;-451;-31;546;287;-970.0;745.0;107.0;-635.0;336.0;896.0;1364.0;424.0;-491;474.0;-1142;183.0;132.0;214.0;1039.0;54.0;29.0;-433.0;689.0;-933.0;-677.0;109;-711.0;-744.0;-822;-127.0;-540;-1060.0;-320.0;22.0;345;-939.0;-20;496.0;540;46.0;870.0;460.0;588.0;-19;481.0;-1603;-684.0;490.0;643.0;190.0;53;1165.0;236.0;-31;661.0;110.0
988.0;-165;-243.0;-59.0;563.0;-52.0;174.0;-767;-143;-364.0;308.0;2466;779.0;-545.0;1204.0;-370.0;-249.0;1162.0;5828;-2623.0;-139.0;121.0;1135;1125.0;730;939.0;-69.0;425.0;1320.0;-184.0;-112.0;56.0;-374.0;-990.0;-246.0;-165.0;308;-157.0;1243.0;-4.0;-464.0;38.0;111.0;282.0;-253;-138.0;164;166.0;-16;-671.0;27.0;-196.0;1055.0;853.0;-1032;730.0;-46.0;755.0;635.0;-856.0;-1653.0;777;767.0;479.0;86;-102.0;-220.0;-2342.0;128;543.0;917.0;153.0;-11;814.0;945;-6;-730;-16;-945.0;-518.0;606.0;532.0;898.0;1130.0;1092.0;-654.0;-1032;72.0;1135;-526.0;111.0;-666.0;1108.0;-478.0;234.0;82.0;624.0;-970.0;164.0;437;-537.0;-1647.0;269;140.0;-1520;-1253.0;-246.0;634.0;989;-972.0;-46;404.0;1520;-37.0;-542.0;-732.0;171.0;2466;282.0;-267;92.0;512.0;-39.0;-266.0;5828;828.0;78.0;-28;-108.0;54.0
989.0;-159;-1403.0;145.0;-39.0;277.0;-288.0;-128;-8;-481.0;-752.0;-404;-163.0;558.0;370.0;-543.0;-214.0;690.0;-80;476.0;-1088.0;153.0;-10;856.0;35;1265.0;277.0;790.0;666.0;-491.0;165.0;1015.0;194.0;-1264.0;19.0;-442.0;-46;694.0;1201.0;-743.0;-759.0;181.0;1.0;976.0;19;-575.0;-170;755.0;-45;124.0;-600.0;-734.0;308.0;1084.0;14;-5.0;65.0;-28.0;-254.0;-1175.0;-384.0;663;511.0;87.0;59;-218.0;-303.0;-821.0;517;-32.0;898.0;521.0;-176;-143.0;725;-164;-35;340;-24.0;-806.0;27.0;232.0;-86.0;659.0;-361.0;37.0;14;-573.0;-10;14.0;-719.0;546.0;961.0;733.0;954.0;119.0;547.0;-542.0;938.0;105;-905.0;-624.0;-10;-660.0;-772;-515.0;-791.0;-4.0;660;-620.0;-40;-549.0;772;-452.0;-860.0;-534.0;566.0;-404;700.0;-33;609.0;1004.0;-798.0;449.0;-80;-298.0;551.0;-44;203.0;-280.0
977.0;-168;-802.0;-225.0;-155.0;185.0;4.0;-80;36;-435.0;535.0;602;-300.0;-90.0;787.0;-455.0;-133.0;799.0;1169;-847.0;42.0;-717.0;6;1019.0;13;673.0;-229.0;310.0;913.0;-554.0;49.0;477.0;-248.0;-1040.0;-79.0;424.0;-164;401.0;1060.0;-630.0;296.0;-116.0;-31.0;613.0;24;163.0;-82;470.0;-7;301.0;639.0;-1268.0;918.0;722.0;-2;671.0;64.0;-348.0;-214.0;-817.0;-753.0;666;773.0;622.0;-94;464.0;487.0;-732.0;535;-442.0;899.0;204.0;175;376.0;720;-125;-13;289;-682.0;858.0;621.0;1385.0;187.0;690.0;1081.0;405.0;-2;583.0;6;638.0;-96.0;63.0;1013.0;347.0;-83.0;-359.0;578.0;-946.0;-806.0;109;-758.0;616.0;18;-345.0;-450;2158.0;-456.0;-133.0;677;-771.0;-38;-14.0;450;-117.0;607.0;461.0;-79.0;602;211.0;-5;-597.0;459.0;553.0;-370.0;1169;406.0;560.0;-45;435.0;84.0
955.0;-168;-637.0;-219.0;-147.0;184.0;-2.0;-88;36;-387.0;368.0;613;-284.0;-93.0;792.0;-516.0;-121.0;777.0;1162;-429.0;59.0;-711.0;8;982.0;9;666.0;-220.0;310.0;914.0;-549.0;84.0;490.0;-261.0;-1008.0;-24.0;411.0;-199;418.0;1094.0;-644.0;196.0;-88.0;90.0;570.0;28;286.0;-82;477.0;-8;297.0;644.0;-1033.0;945.0;636.0;-59;809.0;80.0;-354.0;-211.0;-718.0;-730.0;666;738.0;654.0;-76;287.0;479.0;-805.0;526;-433.0;955.0;153.0;174;355.0;713;-126;-9;332;-677.0;858.0;746.0;1115.0;181.0;631.0;1097.0;403.0;-59;602.0;8;658.0;-77.0;121.0;991.0;349.0;-17.0;-381.0;492.0;-894.0;-817.0;105;-730.0;168.0;-5;-373.0;-456;1256.0;-365.0;-86.0;678;-732.0;-38;-51.0;456;-119.0;595.0;451.0;-55.0;613;185.0;-21;-588.0;418.0;545.0;-374.0;1162;410.0;543.0;-46;455.0;141.0
919.0;-166;-506.0;-209.0;-138.0;225.0;-85.0;-63;36;-354.0;261.0;465;-269.0;-96.0;802.0;-539.0;-99.0;800.0;1228;-552.0;54.0;-492.0;-2;942.0;16;664.0;-227.0;261.0;946.0;-543.0;258.0;497.0;-271.0;-968.0;-87.0;402.0;-147;435.0;1005.0;-656.0;64.0;-68.0;162.0;611.0;18;871.0;-81;505.0;-13;293.0;649.0;-674.0;964.0;744.0;-50;751.0;143.0;-354.0;-203.0;-641.0;-616.0;663;715.0;586.0;-64;390.0;473.0;-856.0;555;-425.0;974.0;-11.0;174;336.0;727;-131;-16;300;-660.0;858.0;616.0;869.0;178.0;1151.0;1095.0;398.0;-50;616.0;-2;666.0;-78.0;167.0;1050.0;351.0;189.0;-399.0;-498.0;-825.0;-828.0;89;-822.0;-285.0;-9;-392.0;-301;182.0;-276.0;13.0;680;-704.0;-38;-14.0;301;-112.0;594.0;440.0;-140.0;465;149.0;-12;-584.0;415.0;543.0;-369.0;1228;459.0;675.0;-46;469.0;107.0
923.0;-162;-369.0;-202.0;-131.0;244.0;-86.0;-65;36;-307.0;157.0;-214;-258.0;-99.0;770.0;-546.0;-92.0;744.0;1594;-847.0;36.0;-183.0;-2;1015.0;7;672.0;-245.0;250.0;960.0;-539.0;-1037.0;504.0;-279.0;-944.0;-150.0;394.0;-103;444.0;1523.0;-663.0;-135.0;-18.0;224.0;643.0;7;-117.0;-80;515.0;-19;287.0;650.0;-308.0;967.0;895.0;-30;563.0;199.0;-353.0;-197.0;-605.0;-514.0;670;701.0;504.0;-60;86.0;468.0;-729.0;573;-419.0;1008.0;-182.0;174;325.0;734;-135;-7;305;-639.0;859.0;621.0;736.0;179.0;785.0;1052.0;395.0;-30;626.0;-2;672.0;-56.0;194.0;949.0;350.0;377.0;-408.0;594.0;-789.0;-835.0;62;-766.0;-318.0;-12;-401.0;-90;-73.0;-272.0;30.0;683;-682.0;-38;14.0;90;-87.0;595.0;426.0;-247.0;-214;168.0;-13;-586.0;419.0;544.0;-359.0;1594;400.0;637.0;-45;472.0;32.0
973.0;-159;-528.0;-292.0;-438.0;155.0;398.0;-3393;159;5.0;24.0;-405;-690.0;406.0;1064.0;-262.0;-664.0;650.0;-886;-545.0;511.0;56.0;1150;1270.0;7440;423.0;32.0;437.0;1067.0;-320.0;77.0;26.0;239.0;-945.0;-251.0;196.0;56;-283.0;940.0;-41.0;38.0;158.0;157.0;458.0;-102;-419.0;18;257.0;78;623.0;45.0;-669.0;802.0;1276.0;-2946;316.0;-159.0;-726.0;-693.0;-843.0;-161.0;993;749.0;90.0;354;-225.0;388.0;-502.0;2211;-611.0;418.0;134.0;161;729.0;625;-27;-7440;-2680;-928.0;636.0;313.0;1136.0;548.0;606.0;961.0;657.0;-2946;120.0;1150;490.0;64.0;-448.0;919.0;-573.0;132.0;-133.0;320.0;-970.0;-425.0;-284;-741.0;-397.0;251;438.0;-2572;-375.0;-297.0;187.0;1043;-917.0;-68;425.0;2572;62.0;491.0;724.0;380.0;-405;800.0;216;-270.0;658.0;198.0;-18.0;-886;658.0;45.0;-17;90.0;271.0
1001.0;176;-107.0;-226.0;-145.0;107.0;60.0;6;65;-62.0;-334.0;-10;-344.0;90.0;912.0;-260.0;-348.0;-17.0;-9;36.0;-200.0;3.0;1504;973.0;758;913.0;216.0;324.0;937.0;-603.0;321.0;269.0;-98.0;-1106.0;-111.0;245.0;-1;166.0;1047.0;-611.0;202.0;-25.0;9.0;483.0;-4;-62.0;13;404.0;1;193.0;333.0;-239.0;903.0;916.0;2022;-497.0;-184.0;-461.0;-271.0;-888.0;-114.0;749;801.0;593.0;-51;21.0;532.0;-19.0;796;-605.0;979.0;111.0;137;525.0;672;-31;-758;260;-934.0;785.0;572.0;135.0;501.0;622.0;949.0;598.0;2022;597.0;1504;602.0;240.0;-19.0;1040.0;-111.0;119.0;-237.0;596.0;-946.0;-760.0;78;-609.0;568.0;32;-407.0;11;493.0;-344.0;-131.0;386;-896.0;-45;402.0;-11;-83.0;710.0;402.0;239.0;-10;262.0;34;-667.0;288.0;565.0;66.0;-9;759.0;167.0;-25;243.0;164.0
952.0;-162;-136.0;-511.0;-280.0;142.0;-541.0;120;32;-52.0;230.0;-327;-212.0;-111.0;702.0;-331.0;-151.0;6.0;-415;-93.0;95.0;-385.0;27;927.0;44;802.0;216.0;71.0;1019.0;-754.0;-260.0;894.0;-168.0;-1062.0;308.0;419.0;-25;345.0;1169.0;-670.0;230.0;5.0;229.0;552.0;17;-303.0;159;591.0;-11;276.0;518.0;155.0;1018.0;1091.0;-4;-537.0;-89.0;-459.0;-239.0;-903.0;-99.0;673;804.0;-19.0;-3;2.0;354.0;-145.0;828;-209.0;982.0;238.0;-173;147.0;717;-114;-44;268;-355.0;957.0;400.0;-142.0;-117.0;860.0;993.0;364.0;-4;612.0;27;303.0;239.0;52.0;914.0;61.0;449.0;-400.0;405.0;-946.0;-867.0;91;-901.0;583.0;19;-360.0;1340;64.0;-22.0;-123.0;290;-663.0;-38;-172.0;-1340;-334.0;821.0;312.0;482.0;-327;106.0;-8;-672.0;186.0;623.0;206.0;-415;-192.0;472.0;-27;558.0;-36.0
1127.0;-175;433.0;-80.0;355.0;-185.0;380.0;-18;77;-48.0;319.0;-66;567.0;-198.0;906.0;-26.0;-576.0;-645.0;168;-724.0;-79.0;586.0;-1716;816.0;-2888;1005.0;263.0;430.0;858.0;-472.0;286.0;179.0;-104.0;-943.0;-21.0;-256.0;-130;-16.0;921.0;-264.0;437.0;-72.0;101.0;118.0;-290;-235.0;59;112.0;-19;-436.0;-214.0;781.0;724.0;805.0;958;1799.0;-169.0;673.0;493.0;-947.0;-1480.0;910;963.0;353.0;-43;63.0;-526.0;-844.0;799;650.0;975.0;267.0;152;898.0;912;-5;2888;222;-868.0;-726.0;278.0;-1711.0;919.0;400.0;840.0;-610.0;958;-352.0;-1716;-457.0;-124.0;-447.0;1002.0;-390.0;47.0;27.0;726.0;-959.0;525.0;93;-442.0;-1577.0;-253;-18.0;-91;-1384.0;-207.0;358.0;389;-903.0;-43;403.0;91;-137.0;-694.0;-609.0;535.0;-66;706.0;74;560.0;339.0;-360.0;73.0;168;853.0;80.0;-27;207.0;-135.0
975.0;-155;117.0;395.0;-579.0;-419.0;236.0;-10;-179;27.0;34.0;-37;-741.0;943.0;984.0;-40.0;-793.0;326.0;2;-856.0;35.0;-49.0;-10;939.0;-27;380.0;144.0;796.0;476.0;-43.0;-139.0;866.0;233.0;-890.0;-47.0;-297.0;1;-233.0;1107.0;388.0;5.0;-332.0;157.0;224.0;19;-18.0;106;129.0;114;869.0;-168.0;-202.0;562.0;769.0;-4;-28.0;-47.0;-614.0;-780.0;-440.0;-41.0;664;-427.0;652.0;-2;8.0;-179.0;-156.0;770;-83.0;-180.0;346.0;173;287.0;722;0;27;244;-488.0;221.0;709.0;-12.0;570.0;379.0;767.0;629.0;-4;-387.0;-10;425.0;49.0;-523.0;990.0;-402.0;171.0;270.0;939.0;-495.0;289.0;76;-1015.0;6.0;21;299.0;6;-10.0;-955.0;-10.0;447;-960.0;-44;72.0;-6;-403.0;350.0;294.0;449.0;-37;631.0;-3;94.0;414.0;-445.0;-244.0;2;1.0;30.0;-28;-325.0;-343.0
806.0;-132;881.0;690.0;-691.0;-111.0;906.0;2;-143;-77.0;585.0;17;-380.0;777.0;547.0;-119.0;-457.0;-206.0;-50;-228.0;161.0;659.0;9;909.0;17;19.0;250.0;1002.0;-185.0;564.0;507.0;216.0;623.0;-612.0;-933.0;-277.0;-6;132.0;691.0;319.0;-504.0;2.0;-355.0;338.0;8;-727.0;135;18.0;80;693.0;-586.0;443.0;-432.0;27.0;1;1985.0;-318.0;-601.0;-926.0;628.0;125.0;759;-429.0;632.0;-9;-418.0;-99.0;384.0;33;-19.0;-696.0;443.0;-176;-572.0;638;19;-17;214;-970.0;-81.0;568.0;-12.0;525.0;66.0;-288.0;20.0;1;-634.0;9;-248.0;-567.0;189.0;284.0;331.0;898.0;-119.0;733.0;329.0;606.0;132;-623.0;-670.0;25;-535.0;7;-82.0;-1110.0;535.0;841;-695.0;-50;500.0;-7;-19.0;71.0;-316.0;734.0;17;889.0;-5;132.0;738.0;-543.0;622.0;-50;774.0;20.0;-73;-854.0;854.0
833.0;-134;27.0;640.0;-628.0;-98.0;687.0;2;-143;-17.0;10.0;-5;-331.0;838.0;504.0;-123.0;-499.0;23.0;4;179.0;244.0;-13.0;5;915.0;-11;-133.0;300.0;983.0;-148.0;464.0;810.0;414.0;540.0;-649.0;-778.0;-337.0;-2;115.0;723.0;222.0;-31.0;-456.0;-370.0;508.0;11;-113.0;135;186.0;82;738.0;-591.0;92.0;-385.0;-142.0;10;-1.0;-346.0;-619.0;-900.0;512.0;-39.0;751;-280.0;814.0;-1;78.0;-136.0;-28.0;44;-27.0;-595.0;450.0;-176;-691.0;643;19;11;221;-898.0;-74.0;535.0;101.0;618.0;-572.0;-280.0;36.0;10;-448.0;5;-226.0;-439.0;147.0;310.0;362.0;879.0;219.0;774.0;83.0;691.0;133;-761.0;13.0;25;-563.0;-9;12.0;-915.0;12.0;838;-593.0;-50;459.0;9;-6.0;157.0;-304.0;684.0;-5;931.0;0;403.0;788.0;-517.0;540.0;4;657.0;145.0;-73;-872.0;686.0
841.0;-135;-38.0;644.0;-689.0;-173.0;771.0;0;-143;-93.0;124.0;12;-274.0;811.0;532.0;-51.0;-556.0;79.0;4;-139.0;63.0;-66.0;-18;819.0;3;-425.0;747.0;999.0;-86.0;530.0;709.0;318.0;585.0;-288.0;-796.0;-193.0;6;12.0;511.0;154.0;37.0;-7.0;-362.0;373.0;11;-630.0;135;-8.0;83;619.0;-357.0;23.0;-322.0;402.0;-6;-35.0;-354.0;-858.0;-971.0;-83.0;-90.0;747;-331.0;544.0;-1;-528.0;-173.0;-77.0;48;-22.0;-585.0;423.0;-176;-753.0;649;19;-3;218;-947.0;-8.0;365.0;26.0;577.0;144.0;-366.0;1.0;-6;-601.0;-18;61.0;-346.0;-203.0;315.0;-53.0;892.0;-34.0;845.0;47.0;648.0;134;-671.0;-108.0;25;-591.0;31;-131.0;-1005.0;-5.0;837;-604.0;-50;613.0;-31;-35.0;124.0;-371.0;930.0;12;875.0;-6;343.0;745.0;-371.0;779.0;4;753.0;76.0;-73;-642.0;591.0
837.0;-135;-33.0;629.0;-656.0;-43.0;739.0;-2;-143;6.0;-13.0;-27;-315.0;838.0;508.0;-68.0;-69.0;73.0;23;1280.0;562.0;-34.0;-10;840.0;48;-19.0;156.0;848.0;-268.0;473.0;594.0;412.0;544.0;-854.0;-749.0;-407.0;-1;53.0;913.0;245.0;3.0;-17.0;-363.0;494.0;11;-101.0;135;89.0;83;658.0;-592.0;-141.0;-349.0;-169.0;-1;52.0;-347.0;-617.0;-794.0;567.0;-15.0;750;-289.0;919.0;2;193.0;-130.0;-7.0;53;-22.0;-546.0;435.0;-174;-768.0;645;18;-48;216;-903.0;-34.0;519.0;200.0;619.0;-591.0;-126.0;256.0;-1;-542.0;-10;-133.0;-1013.0;-192.0;319.0;119.0;881.0;-80.0;763.0;227.0;673.0;133;-769.0;10.0;23;-619.0;-39;12.0;-1084.0;8.0;838;-595.0;-50;598.0;39;-51.0;432.0;-429.0;635.0;-27;493.0;1;300.0;911.0;-451.0;291.0;23;639.0;64.0;-73;-986.0;494.0
856.0;-135;7.0;654.0;-636.0;10.0;684.0;4;-143;6.0;-8.0;-15;-320.0;837.0;522.0;-74.0;-493.0;-11.0;18;-81.0;530.0;-5.0;-23;851.0;-6;-11.0;162.0;1008.0;-180.0;475.0;597.0;405.0;546.0;-852.0;-787.0;-452.0;-2;52.0;892.0;221.0;-11.0;35.0;-375.0;532.0;17;-24.0;135;149.0;83;594.0;-592.0;64.0;-362.0;-182.0;-27;30.0;-354.0;-613.0;-776.0;557.0;-21.0;742;-262.0;952.0;-2;200.0;-144.0;-59.0;49;-21.0;-566.0;444.0;-171;-754.0;643;18;6;220;-914.0;-32.0;612.0;44.0;620.0;-615.0;-393.0;255.0;-27;-580.0;-23;-109.0;-371.0;-240.0;306.0;122.0;910.0;-96.0;794.0;113.0;687.0;133;-787.0;5.0;27;-643.0;-33;-3.0;-1012.0;12.0;837;-606.0;-50;597.0;33;-49.0;425.0;-437.0;559.0;-15;884.0;-4;348.0;785.0;-457.0;258.0;18;632.0;52.0;-73;-980.0;491.0
851.0;-134;27.0;618.0;-676.0;-43.0;802.0;-6;-143;-157.0;1452.0;-9;-265.0;810.0;462.0;16.0;-513.0;30.0;-28;-76.0;335.0;311.0;-14;802.0;-49;-422.0;581.0;1007.0;-158.0;531.0;703.0;310.0;586.0;-192.0;-832.0;-130.0;4;27.0;538.0;167.0;295.0;58.0;-336.0;416.0;10;-831.0;135;43.0;82;601.0;-405.0;-25.0;-357.0;271.0;7;-1278.0;-355.0;-832.0;-941.0;230.0;-249.0;745;-322.0;537.0;4;-583.0;-147.0;-66.0;60;10.0;-556.0;430.0;-171;-802.0;652;18;49;213;-962.0;-10.0;282.0;23.0;578.0;34.0;-404.0;-58.0;7;-606.0;-14;-111.0;-306.0;-77.0;303.0;52.0;896.0;-110.0;1006.0;62.0;672.0;131;-710.0;-1104.0;19;-623.0;-6;-710.0;-1007.0;72.0;840;-559.0;-50;668.0;6;-49.0;290.0;-398.0;872.0;-9;891.0;2;337.0;754.0;-375.0;805.0;-28;714.0;29.0;-73;-657.0;669.0
849.0;-153;-2459.0;787.0;-477.0;239.0;-354.0;37;-89;-1266.0;1050.0;-304;-599.0;816.0;515.0;-419.0;-135.0;1257.0;429;742.0;113.0;-704.0;-427;921.0;-1401;528.0;655.0;780.0;583.0;469.0;-470.0;309.0;552.0;-1196.0;-812.0;-333.0;96;246.0;810.0;374.0;-1622.0;283.0;-392.0;792.0;58;-71.0;159;373.0;84;499.0;-467.0;-43.0;473.0;669.0;644;916.0;-354.0;-435.0;-925.0;221.0;225.0;859;-639.0;754.0;151;-254.0;-51.0;993.0;626;-36.0;-970.0;348.0;151;-87.0;472;3;1401;352;-964.0;-167.0;486.0;1412.0;576.0;439.0;63.0;37.0;644;-764.0;-427;-134.0;-881.0;-25.0;426.0;160.0;994.0;-223.0;863.0;104.0;641.0;103;-972.0;-206.0;-8;-560.0;588;2145.0;-1019.0;-696.0;549;-698.0;-54;175.0;-588;-300.0;124.0;-313.0;691.0;-304;636.0;-222;263.0;854.0;-769.0;-243.0;429;-96.0;-25.0;-44;-728.0;465.0
392.0;-139;-582.0;127.0;-577.0;171.0;271.0;85;141;-275.0;38.0;-465;-812.0;714.0;799.0;-116.0;-321.0;450.0;504;-796.0;-50.0;83.0;-4;1077.0;-15;396.0;336.0;295.0;1154.0;-4.0;747.0;147.0;504.0;-583.0;-298.0;-139.0;-255;-144.0;684.0;60.0;-40.0;72.0;-734.0;410.0;15;-672.0;128;290.0;-17;676.0;-525.0;-1091.0;691.0;423.0;27;-233.0;-448.0;-777.0;-937.0;413.0;-276.0;682;953.0;716.0;12;117.0;83.0;-676.0;485;-351.0;-765.0;75.0;-173;1046.0;708;-12;15;720;-1023.0;335.0;117.0;944.0;1087.0;-241.0;884.0;289.0;27;-148.0;-4;-83.0;50.0;-986.0;1028.0;-331.0;145.0;437.0;728.0;-1077.0;-14.0;138;-567.0;-4.0;66;256.0;-242;42.0;-410.0;-185.0;237;-1068.0;-38;387.0;242;-110.0;308.0;717.0;1045.0;-465;312.0;-1;-76.0;368.0;-193.0;484.0;504;766.0;294.0;-26;-1120.0;944.0
954.0;-166;407.0;137.0;-663.0;-26.0;192.0;15;168;231.0;-483.0;10;-744.0;711.0;940.0;-117.0;-375.0;81.0;-65;339.0;-44.0;-586.0;-116;910.0;-15;618.0;497.0;368.0;932.0;46.0;600.0;186.0;583.0;-749.0;-325.0;-125.0;-6;-208.0;869.0;178.0;-284.0;35.0;174.0;275.0;44;-683.0;132;217.0;-1;744.0;-400.0;775.0;881.0;397.0;11;-266.0;-72.0;-743.0;-947.0;214.0;483.0;597;801.0;880.0;79;-230.0;27.0;578.0;795;-270.0;-356.0;-73.0;-171;891.0;732;-6;15;270;-964.0;285.0;165.0;-44.0;945.0;-228.0;978.0;253.0;11;-202.0;-116;-4.0;118.0;-1061.0;1346.0;-585.0;1001.0;362.0;770.0;-918.0;79.0;77;-570.0;714.0;180;268.0;-3;200.0;-356.0;-164.0;384;-942.0;-44;473.0;3;-25.0;296.0;635.0;1086.0;10;304.0;-73;-49.0;310.0;-474.0;435.0;-65;829.0;-8.0;-26;-621.0;442.0
1010.0;-155;-48.0;-304.0;-499.0;93.0;185.0;-489;-160;17.0;-965.0;-1054;-818.0;657.0;902.0;-309.0;-263.0;15.0;89;-522.0;766.0;1964.0;-23;999.0;6;-304.0;40.0;440.0;886.0;8.0;581.0;319.0;382.0;-488.0;-290.0;-130.0;213;-626.0;610.0;405.0;-289.0;53.0;-77.0;409.0;16;-264.0;53;225.0;31;627.0;-320.0;458.0;836.0;21.0;14;2584.0;-165.0;-890.0;-617.0;712.0;-178.0;682;471.0;882.0;5;82.0;196.0;-212.0;535;-450.0;11.0;-391.0;-173;630.0;708;-10;-6;-253;-861.0;469.0;-482.0;-623.0;604.0;204.0;1052.0;322.0;14;13.0;-23;-69.0;33.0;-536.0;1166.0;-751.0;-347.0;-22.0;1093.0;-784.0;-210.0;383;-393.0;-1142.0;47;613.0;-307;-196.0;-452.0;66.0;548;-728.0;-43;300.0;307;0.0;773.0;767.0;-585.0;-1054;427.0;8;-133.0;433.0;44.0;808.0;89;965.0;35.0;-31;-480.0;1214.0
1030.0;-156;315.0;-304.0;-503.0;74.0;164.0;165;-160;166.0;966.0;112;-815.0;652.0;902.0;-220.0;-321.0;-167.0;-1010;-236.0;748.0;914.0;13;1002.0;26;-336.0;350.0;430.0;855.0;6.0;447.0;253.0;384.0;-767.0;-276.0;-118.0;140;-626.0;451.0;410.0;180.0;56.0;-49.0;406.0;17;-380.0;54;243.0;34;632.0;-294.0;488.0;883.0;6.0;-14;-54.0;-89.0;-897.0;-622.0;-294.0;-295.0;678;469.0;1016.0;5;435.0;202.0;18.0;766;-454.0;48.0;-203.0;-173;633.0;711;-9;-26;355;-900.0;470.0;-332.0;-635.0;602.0;-146.0;1134.0;324.0;-14;3.0;13;-37.0;-7.0;-553.0;986.0;-774.0;-313.0;-18.0;449.0;-757.0;-204.0;141;-313.0;-1852.0;45;616.0;322;1740.0;-445.0;148.0;305;-715.0;-43;307.0;-322;22.0;773.0;761.0;275.0;112;484.0;3;-148.0;484.0;61.0;1026.0;-1010;1054.0;-88.0;-32;-429.0;103.0
1068.0;-163;1183.0;30.0;100.0;-197.0;213.0;262;-1;135.0;-647.0;-1910;-91.0;-323.0;1052.0;-259.0;-594.0;-895.0;-1764;924.0;-603.0;-237.0;-309;938.0;4520;551.0;270.0;817.0;512.0;-335.0;435.0;106.0;-363.0;-794.0;-142.0;270.0;-359;558.0;1200.0;-672.0;-204.0;-51.0;-337.0;496.0;-30;-354.0;171;371.0;3;-163.0;536.0;2456.0;206.0;404.0;-603;-437.0;-505.0;122.0;825.0;-67.0;1273.0;612;588.0;942.0;-80;28.0;563.0;2367.0;127;-522.0;-279.0;111.0;-152;-29.0;949;-72;-4520;429;-945.0;701.0;369.0;287.0;147.0;200.0;347.0;178.0;-603;354.0;-309;131.0;-425.0;2.0;941.0;396.0;408.0;106.0;1063.0;-586.0;-815.0;845;-822.0;981.0;142;-403.0;-2794;-130.0;-819.0;-419.0;-154;-893.0;-56;330.0;2794;119.0;479.0;545.0;709.0;-1910;949.0;446;-742.0;750.0;816.0;66.0;-1764;727.0;24.0;-25;-208.0;384.0
962.0;-155;40.0;-394.0;-276.0;-11.0;-680.0;227;-8;9.0;-140.0;-1539;-58.0;-289.0;590.0;-527.0;-498.0;11.0;-1864;-24.0;-535.0;-44.0;-62;777.0;26;639.0;-214.0;223.0;1034.0;-423.0;-310.0;849.0;-250.0;-966.0;457.0;490.0;568;596.0;1174.0;-665.0;64.0;-105.0;40.0;598.0;16;-114.0;-162;776.0;3;308.0;722.0;-140.0;687.0;1110.0;36;-46.0;-77.0;-235.0;243.0;-676.0;-83.0;667;887.0;322.0;0;266.0;210.0;-101.0;1023;114.0;773.0;333.0;177;-178.0;723;-72;-26;-62;12.0;917.0;622.0;49.0;-411.0;993.0;1252.0;259.0;36;489.0;-62;239.0;-1306.0;659.0;931.0;708.0;364.0;-675.0;584.0;-946.0;-936.0;54;-789.0;8.0;-20;-300.0;1154;356.0;-350.0;40.0;458;-467.0;-43;-540.0;-1154;-478.0;802.0;459.0;330.0;-1539;1684.0;-5;-675.0;516.0;597.0;-260.0;-1864;-420.0;567.0;-39;554.0;-60.0
961.0;-163;-513.0;505.0;-613.0;69.0;238.0;2601;158;-140.0;190.0;168;-682.0;772.0;811.0;-308.0;-382.0;862.0;566;-711.0;-359.0;-13.0;-194;903.0;89;361.0;204.0;265.0;891.0;426.0;11.0;340.0;600.0;-1299.0;-293.0;-288.0;3073;-62.0;1130.0;335.0;237.0;73.0;85.0;402.0;0;-357.0;119;296.0;-182;639.0;-430.0;-1245.0;749.0;932.0;62;-287.0;-9.0;-615.0;-884.0;-777.0;-127.0;673;35.0;276.0;-19;-29.0;-173.0;-619.0;-1783;-190.0;-279.0;311.0;-194;306.0;737;-4;-89;2087;-1209.0;90.0;535.0;2125.0;490.0;864.0;974.0;466.0;62;-509.0;-194;366.0;73.0;-685.0;1102.0;-104.0;91.0;657.0;548.0;-1428.0;359.0;325;-586.0;204.0;-1;213.0;-1013;360.0;-407.0;-377.0;3066;-1323.0;-42;325.0;1013;34.0;42.0;480.0;604.0;168;377.0;-15;320.0;348.0;-468.0;-76.0;566;870.0;241.0;-32;-574.0;129.0
1001.0;-161;147.0;545.0;-603.0;-462.0;-10.0;28;118;472.0;-1001.0;-105;-598.0;834.0;888.0;-42.0;-710.0;63.0;-218;379.0;259.0;-44.0;-53;794.0;-112;109.0;331.0;456.0;777.0;436.0;338.0;355.0;547.0;-923.0;-49.0;-262.0;60;-70.0;1061.0;289.0;-505.0;-444.0;1.0;391.0;20;-304.0;7;67.0;157;862.0;-390.0;265.0;759.0;656.0;14;-824.0;2.0;-652.0;-805.0;-582.0;1059.0;662;-425.0;688.0;0;44.0;-321.0;648.0;790;-73.0;-357.0;9.0;-178;221.0;725;-7;112;333;-956.0;26.0;494.0;632.0;478.0;555.0;834.0;503.0;14;-311.0;-53;412.0;381.0;-490.0;1044.0;-267.0;111.0;396.0;998.0;-769.0;420.0;53;-856.0;1195.0;1;295.0;-260;486.0;-247.0;-306.0;406;-1081.0;-44;578.0;260;-105.0;337.0;270.0;612.0;-105;359.0;-43;295.0;148.0;-413.0;329.0;-218;506.0;487.0;-28;-609.0;29.0
1014.0;-153;-382.0;-872.0;-488.0;-430.0;-636.0;-284;-33;69.0;371.0;-153;-579.0;374.0;568.0;-251.0;-540.0;-187.0;29;453.0;330.0;-3.0;-447;791.0;-162;460.0;-137.0;167.0;895.0;-686.0;305.0;988.0;-199.0;-883.0;666.0;270.0;32;-71.0;969.0;-90.0;502.0;-530.0;176.0;268.0;12;303.0;-62;516.0;21;661.0;495.0;286.0;631.0;1232.0;-486;3066.0;-99.0;-622.0;-423.0;-852.0;231.0;711;589.0;93.0;-15;415.0;-9.0;592.0;803;-27.0;947.0;379.0;-164;248.0;686;-21;162;238;42.0;905.0;817.0;624.0;-409.0;743.0;565.0;500.0;-486;287.0;-447;567.0;614.0;-184.0;701.0;-175.0;485.0;-572.0;700.0;-854.0;-653.0;108;-770.0;657.0;8;525.0;-58;386.0;-74.0;-684.0;419;-577.0;-47;-541.0;58;-773.0;653.0;399.0;-48.0;-153;297.0;16;-567.0;-214.0;344.0;51.0;29;-405.0;481.0;-10;745.0;55.0
1082.0;-177;1049.0;-308.0;-205.0;168.0;270.0;-42;-72;1696.0;610.0;135;-76.0;-234.0;921.0;-431.0;-963.0;-584.0;-41;-479.0;-245.0;116.0;815;967.0;-496;752.0;-115.0;77.0;1281.0;-534.0;240.0;702.0;-267.0;-992.0;341.0;580.0;-228;455.0;1018.0;-643.0;-26.0;284.0;-84.0;234.0;173;-310.0;-176;734.0;-66;217.0;656.0;286.0;737.0;944.0;1234;221.0;-253.0;-250.0;107.0;-917.0;-101.0;434;454.0;145.0;-350;13.0;346.0;-1088.0;817;-182.0;893.0;336.0;171;-48.0;844;1;496;213;-336.0;917.0;304.0;-686.0;-129.0;749.0;991.0;231.0;1234;709.0;815;76.0;275.0;321.0;983.0;356.0;233.0;-386.0;547.0;-961.0;-913.0;98;-568.0;-1134.0;403;-533.0;10;-1530.0;50.0;911.0;394;-533.0;-47;448.0;-10;-45.0;804.0;253.0;346.0;135;1353.0;-524;-622.0;690.0;674.0;167.0;-41;857.0;177.0;-40;325.0;-44.0
989.0;-188;269.0;395.0;264.0;-520.0;93.0;544;-90;244.0;-1585.0;389;141.0;-530.0;768.0;85.0;-919.0;-527.0;-484;479.0;-722.0;-861.0;-117;1232.0;142;532.0;156.0;739.0;502.0;45.0;228.0;126.0;-488.0;-979.0;-116.0;446.0;-662;632.0;946.0;-498.0;-261.0;-569.0;91.0;558.0;19;-92.0;-224;-74.0;-42;-390.0;582.0;2041.0;257.0;952.0;95;-3327.0;36.0;-27.0;598.0;-751.0;2648.0;659;359.0;546.0;-4;154.0;555.0;2527.0;1130;-414.0;-40.0;315.0;-180;-41.0;722;0;-142;167;-1057.0;556.0;588.0;1485.0;225.0;531.0;154.0;52.0;95;351.0;-117;7.0;183.0;125.0;998.0;467.0;247.0;281.0;664.0;-177.0;-776.0;208;-478.0;2887.0;85;-577.0;575;662.0;-791.0;-590.0;-104;-1033.0;-42;189.0;-575;69.0;666.0;381.0;332.0;389;966.0;-15;-761.0;479.0;811.0;-226.0;-484;752.0;183.0;-41;-71.0;100.0
1120.0;-180;-38.0;-289.0;-105.0;-635.0;126.0;-97;-75;-35.0;232.0;31;-332.0;-41.0;839.0;-139.0;-788.0;8.0;-36;159.0;-134.0;-524.0;-2129;1005.0;-4800;536.0;166.0;812.0;578.0;-588.0;178.0;123.0;-129.0;-1049.0;-265.0;450.0;-309;224.0;969.0;-558.0;169.0;-409.0;-267.0;307.0;226;-289.0;-47;372.0;5;143.0;450.0;619.0;187.0;772.0;178;-995.0;-369.0;-477.0;-40.0;-813.0;1143.0;766;708.0;140.0;186;-38.0;561.0;914.0;804;-617.0;675.0;106.0;-163;209.0;478;-53;4800;309;-967.0;775.0;403.0;860.0;176.0;653.0;120.0;472.0;178;165.0;-2129;238.0;130.0;218.0;1139.0;67.0;130.0;39.0;442.0;-404.0;-751.0;106;-462.0;823.0;-212;63.0;-64;703.0;-836.0;-102.0;405;-859.0;-49;322.0;64;-53.0;860.0;480.0;503.0;31;705.0;210;-850.0;266.0;589.0;20.0;-36;836.0;-26.0;-18;492.0;234.0
985.0;-158;569.0;-279.0;216.0;-669.0;336.0;-7;82;274.0;-629.0;-22;452.0;-13.0;976.0;-207.0;-922.0;-494.0;-3;569.0;-431.0;-245.0;170;857.0;427;700.0;126.0;677.0;555.0;-562.0;439.0;237.0;133.0;-942.0;-175.0;-298.0;40;201.0;1008.0;-511.0;-291.0;-728.0;81.0;218.0;-72;127.0;-3;244.0;8;-318.0;-451.0;772.0;363.0;660.0;152;-262.0;-34.0;475.0;48.0;-474.0;890.0;608;953.0;706.0;165;48.0;-534.0;944.0;813;581.0;760.0;215.0;180;591.0;909;-53;-427;245;-954.0;-803.0;691.0;710.0;385.0;446.0;444.0;-438.0;152;-214.0;170;-525.0;751.0;0.0;1019.0;-61.0;53.0;-109.0;799.0;-526.0;681.0;65;-555.0;910.0;143;439.0;-11;1638.0;-374.0;35.0;393;-925.0;-43;528.0;11;35.0;-796.0;-318.0;322.0;-22;388.0;203;867.0;-121.0;-616.0;9.0;-3;933.0;61.0;-26;395.0;144.0
966.0;-155;174.0;375.0;-239.0;528.0;-117.0;-236;-7;-232.0;-65.0;725;-107.0;484.0;496.0;-428.0;-123.0;-66.0;1627;133.0;-1161.0;110.0;-20;895.0;-51;1117.0;280.0;942.0;268.0;-615.0;-180.0;1068.0;186.0;-1138.0;-538.0;-434.0;-49;711.0;941.0;-570.0;-34.0;584.0;101.0;536.0;21;-290.0;-159;937.0;-50;203.0;-578.0;-445.0;620.0;1151.0;79;105.0;-115.0;95.0;-111.0;-922.0;-320.0;672;214.0;194.0;1;-98.0;-81.0;-198.0;452;6.0;764.0;84.0;184;-445.0;711;-157;51;448;-224.0;-855.0;439.0;-103.0;-182.0;779.0;708.0;-85.0;79;-629.0;-20;-150.0;-958.0;535.0;832.0;1033.0;399.0;-33.0;381.0;-285.0;962.0;186;-744.0;-64.0;-9;-876.0;-2365;345.0;-770.0;305.0;566;-187.0;-44;-202.0;2365;-371.0;-881.0;-623.0;468.0;725;851.0;-1;419.0;949.0;-806.0;139.0;1627;54.0;292.0;-36;366.0;-58.0
996.0;48;53.0;-306.0;-455.0;-388.0;226.0;639;156;-62.0;457.0;-3320;-666.0;351.0;1181.0;-346.0;-1002.0;476.0;847;368.0;-283.0;221.0;1149;977.0;8015;470.0;-37.0;652.0;519.0;-490.0;362.0;417.0;131.0;-1045.0;-55.0;16.0;70;-208.0;923.0;-21.0;-93.0;-318.0;30.0;322.0;-772;119.0;73;282.0;41;638.0;228.0;-370.0;272.0;558.0;-2257;-65.0;-10.0;-622.0;-145.0;-248.0;-506.0;1445;340.0;861.0;369;92.0;440.0;-519.0;1037;-573.0;623.0;984.0;-35;582.0;910;-64;-8015;328;-862.0;729.0;1032.0;-174.0;318.0;223.0;464.0;627.0;-2257;-107.0;1149;653.0;656.0;-90.0;1250.0;-323.0;-368.0;-31.0;842.0;-578.0;-395.0;39;-1054.0;-570.0;369;590.0;-1122;-34.0;-452.0;224.0;-223;-877.0;-62;221.0;1122;11.0;743.0;441.0;44.0;-3320;418.0;248;-623.0;148.0;409.0;-278.0;847;681.0;-55.0;-19;375.0;88.0
