2097;device;00:0f:00:70:91:0a
3591;humidity;76.30000305175781
5989;device;1c:bf:ce:15:ec:4d
6558;temp;19.700000762939453
4437;lpg;0.0075956408534875
3342;motion;False
5721;lpg;0.0075210186498806
4959;smoke;0.0201604721838528
6827;lpg;0.0044940940618551
8836;device;b8:27:eb:bf:9d:51
1524;device;00:0f:00:70:91:0a
8117;light;True
7872;light;True
2480;device;b8:27:eb:bf:9d:51
7545;temp;22.3
919;humidity;75.9000015258789
101;co;0.0049516728589025
1460;light;False
446;light;False
2478;humidity;74.4000015258789
282;device;b8:27:eb:bf:9d:51
146;lpg;0.0076972039695351
4993;lpg;0.0067205831642226
276;co;0.0028400886071015
1406;light;True
6223;motion;False
8984;lpg;0.0048146210446623
7467;light;False
3634;humidity;77.0
5653;motion;False
7418;device;b8:27:eb:bf:9d:51
7931;device;1c:bf:ce:15:ec:4d
4991;lpg;0.0075814947232333
9241;humidity;51.8
1360;co;0.0050251145507861
4143;humidity;50.5
6194;co;0.0048593350714777
5121;temp;22.1
7868;temp;26.0
3279;temp;26.700000762939453
4377;light;True
7538;humidity;51.2
2143;device;00:0f:00:70:91:0a
111;device;00:0f:00:70:91:0a
8540;smoke;0.0200547515073856
3378;light;False
6709;smoke;0.0174440934990321
4790;light;True
7545;lpg;0.0075721756827053
9346;lpg;0.0048146210446623
5871;smoke;0.0200899290537125
6358;temp;19.700000762939453
9573;co;0.0048469245699355
975;lpg;0.0048146210446623
6868;lpg;0.0044593962622784
212;motion;False
1776;device;00:0f:00:70:91:0a
7298;co;0.0048857470172389
7512;light;True
5339;co;0.0048745408555643
8736;device;b8:27:eb:bf:9d:51
8410;lpg;0.0075195024328892
5895;humidity;76.5999984741211
5605;temp;22.5
9819;device;1c:bf:ce:15:ec:4d
7629;humidity;49.9
7906;lpg;0.0046006971359771
9869;lpg;0.007527186806475
8543;lpg;0.0046644737448207
1789;motion;False
9616;device;00:0f:00:70:91:0a
4780;motion;False
1603;co;0.0025840713517823
1813;smoke;0.0124454191086939
7045;smoke;0.0115624422833889
5763;smoke;0.0115624422833889
4400;co;0.0023752603459049
5259;device;b8:27:eb:bf:9d:51
1588;humidity;51.2
355;smoke;0.0206357997679243
8815;motion;False
6259;device;b8:27:eb:bf:9d:51
6676;co;0.0041428370924851
3822;smoke;0.0201829308609096
1992;humidity;75.30000305175781
3812;humidity;76.30000305175781
6399;lpg;0.0045470194416835
1530;co;0.0049817186514974
3967;smoke;0.0176634876225796
6649;co;0.0048483500389767
2731;lpg;0.0076239027505835
940;smoke;0.0124454191086939
3878;humidity;76.80000305175781
7214;humidity;76.9000015258789
1477;lpg;0.0048146210446623
8978;light;False
3527;temp;22.3
2435;lpg;0.0076907895410273
4261;light;False
3484;motion;False
454;light;False
8475;co;0.0041501596475173
8667;humidity;49.5
4928;light;True
7879;motion;False
2037;lpg;0.0068050622298836
9754;light;False
3977;temp;26.600000381469727
9406;light;True
4622;lpg;0.0067205831642226
6731;device;00:0f:00:70:91:0a
1907;co;0.0042074990028892
8482;smoke;0.0176516089674332
8679;motion;False
712;smoke;0.0129353991942072
4736;temp;22.6
3505;co;0.0040886167952559
1487;humidity;51.2
5897;lpg;0.0075753179106622
6788;device;b8:27:eb:bf:9d:51
818;temp;22.5
5195;lpg;0.0075706675433274
7370;device;1c:bf:ce:15:ec:4d
2668;temp;26.700000762939453
3863;co;0.0040886167952559
4999;smoke;0.0202629754051455
4841;co;0.0041648493649717
3784;device;00:0f:00:70:91:0a
2876;co;0.004936096240538
7905;temp;21.7
9436;lpg;0.0066822488026571
7263;lpg;0.0066568387956212
2078;co;0.0042565627316058
173;smoke;0.0132748367048515
9410;co;0.0048400855471052
9598;light;False
81;lpg;0.0076604530556132
450;device;1c:bf:ce:15:ec:4d
8493;light;True
6954;motion;False
4813;humidity;76.4000015258789
2591;co;0.004943182617163
4960;co;0.0041926145730876
5873;motion;False
8204;humidity;77.5999984741211
9570;device;b8:27:eb:bf:9d:51
3612;device;b8:27:eb:bf:9d:51
7553;motion;False
3872;temp;22.6
2630;co;0.0023945478027282
8065;co;0.0024735163023208
7699;device;b8:27:eb:bf:9d:51
3133;motion;False
5602;motion;False
8397;temp;25.89999961853028
4394;co;0.0041319888838079
745;motion;False
1465;co;0.0041795987862793
4423;device;1c:bf:ce:15:ec:4d
7537;device;1c:bf:ce:15:ec:4d
9626;smoke;0.0200065479637268
6257;device;00:0f:00:70:91:0a
1212;lpg;0.0068981900115387
6885;light;False
5753;smoke;0.0174734565755012
250;smoke;0.0204794563689637
7751;smoke;0.0119303264571011
4958;device;1c:bf:ce:15:ec:4d
414;smoke;0.0184333425756136
4829;smoke;0.0201783454349003
588;motion;False
2860;device;00:0f:00:70:91:0a
6712;humidity;52.1
7192;temp;22.2
787;temp;22.4
4260;light;False
209;temp;27.0
9359;light;True
8564;co;0.0048538488549522
1492;humidity;51.3
7908;humidity;51.2
6198;smoke;0.0117079514237597
4132;co;0.0048662251126679
6062;motion;False
9639;light;False
5180;motion;False
2171;smoke;0.0205527239204585
5557;lpg;0.0068138356256058
2377;lpg;0.0070492810443386
6488;light;False
3689;smoke;0.0203212140625402
5369;temp;26.39999961853028
3987;temp;22.5
9471;device;00:0f:00:70:91:0a
7238;humidity;52.2
8853;humidity;51.0
1317;co;0.0050163970386632
936;co;0.0026125893477881
7193;device;00:0f:00:70:91:0a
5733;temp;26.299999237060547
9517;co;0.0048414347549255
1164;device;1c:bf:ce:15:ec:4d
8303;humidity;77.19999694824219
6610;light;True
4385;lpg;0.0066695292280167
1748;lpg;0.0047388314128738
7040;light;True
1942;co;0.004975983419764
7139;humidity;51.4
1886;temp;22.0
8200;lpg;0.0065508819693878
9386;lpg;0.0075210186498806
1712;light;True
400;humidity;74.69999694824219
9714;motion;False
7366;humidity;52.3
8438;lpg;0.0075333389025806
5345;light;False
19;co;0.0044393227660596
100;co;0.004427186101015
15;humidity;50.9
7351;device;b8:27:eb:bf:9d:51
699;smoke;0.0208361717674671
2641;smoke;0.0178934841872677
4025;temp;26.600000381469727
3591;light;False
7207;motion;False
8994;light;True
9045;motion;False
9621;humidity;50.3
7707;motion;False
6487;light;False
9182;device;1c:bf:ce:15:ec:4d
6431;motion;False
9518;motion;False
2521;lpg;0.0077101221622329
8027;humidity;75.5999984741211
1092;light;True
5686;device;1c:bf:ce:15:ec:4d
2608;device;b8:27:eb:bf:9d:51
1788;motion;False
3471;light;False
6026;motion;False
7669;humidity;49.6
6191;co;0.002368998729954
6656;temp;26.200000762939453
2385;temp;22.6
7817;humidity;49.5
8650;co;0.0040743562798112
2223;device;1c:bf:ce:15:ec:4d
8003;humidity;75.4000015258789
2250;smoke;0.0179857127558547
1010;humidity;78.0
4406;light;False
5974;smoke;0.0178326472240506
5963;co;0.0023752603459049
9403;motion;False
5440;smoke;0.0115624422833889
2331;motion;False
9694;co;0.0026125893477881
1961;device;00:0f:00:70:91:0a
5316;smoke;0.0181099375964697
6793;light;True
4250;motion;False
6829;co;0.0041102065970174
5567;humidity;52.0
698;lpg;0.0077816890757185
1963;humidity;77.69999694824219
1536;light;False
5320;humidity;52.1
2518;co;0.0024735163023208
1747;humidity;49.4
1217;co;0.0043415449971564
6326;light;False
5689;lpg;0.0075411014972846
5302;lpg;0.007608176088323
4930;smoke;0.0202718351803855
9282;motion;False
3014;device;b8:27:eb:bf:9d:51
6895;motion;False
866;device;b8:27:eb:bf:9d:51
2942;lpg;0.0044940940618551
6722;light;True
4467;light;False
248;humidity;51.1
4372;motion;False
8467;temp;19.600000381469727
1607;lpg;0.0048146210446623
3596;humidity;51.8
8610;humidity;49.8
5453;smoke;0.0115624422833889
6277;temp;22.3
1435;co;0.0026125893477881
9542;smoke;0.0200590717697767
4;light;True
230;motion;False
8829;co;0.0048745408555643
1906;device;b8:27:eb:bf:9d:51
6611;device;00:0f:00:70:91:0a
9366;motion;False
382;lpg;0.0077117890116314
6640;light;True
3340;light;False
3637;smoke;0.0115624422833889
7216;motion;False
9162;lpg;0.0048146210446623
5437;motion;False
3869;light;False
1621;smoke;0.020557475946877
5611;lpg;0.0075426451456785
1298;smoke;0.0205757967656393
7447;smoke;0.0116349259185682
7313;temp;22.3
8732;humidity;50.4
9518;light;False
7460;co;0.0040977271038307
9701;motion;False
3011;light;False
8998;motion;False
303;motion;False
9445;lpg;0.0066107588093996
1707;device;1c:bf:ce:15:ec:4d
6654;motion;False
4195;lpg;0.0076129121452132
9143;smoke;0.0200458939366155
1837;device;1c:bf:ce:15:ec:4d
4654;co;0.0048995661505936
2929;temp;26.700000762939453
8851;motion;False
4194;lpg;0.0066484303062243
1129;humidity;76.0
7015;device;00:0f:00:70:91:0a
4882;lpg;0.0044940940618551
3659;smoke;0.0202897622046066
5743;smoke;0.0115624422833889
2971;co;0.0049051719574083
5830;lpg;0.0075503802217331
3498;lpg;0.0076175937782167
6737;humidity;76.69999694824219
9294;humidity;76.9000015258789
3256;temp;22.4
4365;humidity;77.69999694824219
7469;temp;26.100000381469727
8474;humidity;51.7
2840;temp;19.89999961853028
8118;lpg;0.0075410624871757
9224;temp;22.2
5160;co;0.0023752603459049
8141;light;True
4541;temp;22.5
9854;temp;19.39999961853028
6045;smoke;0.0202137649949575
1555;temp;22.7
8944;temp;25.799999237060547
5959;co;0.0023499471250725
3027;co;0.004233923798931
4115;humidity;50.1
7140;lpg;0.0075348806378064
7262;smoke;0.0116349259185682
2728;co;0.0049417500449918
3290;smoke;0.0115624422833889
4288;light;True
6170;device;b8:27:eb:bf:9d:51
2502;lpg;0.0046278220095062
233;motion;False
5946;lpg;0.0075582088108666
2377;humidity;77.69999694824219
7096;lpg;0.0067550268598591
4896;temp;26.39999961853028
7061;light;False
7826;smoke;0.0200810367015512
3508;light;True
9750;lpg;0.0075349417677242
5487;light;False
4377;device;1c:bf:ce:15:ec:4d
3837;lpg;0.0076065562486158
9231;motion;False
2302;humidity;75.9000015258789
5034;lpg;0.0076145528796675
2236;device;1c:bf:ce:15:ec:4d
4734;smoke;0.0201960459663653
1224;light;False
9936;device;00:0f:00:70:91:0a
2622;humidity;76.4000015258789
3819;light;False
2688;humidity;51.3
3599;temp;19.700000762939453
5803;lpg;0.0075815397330603
5947;lpg;0.0045204634867867
7468;device;00:0f:00:70:91:0a
6870;humidity;52.0
2006;motion;False
3353;temp;22.1
6974;light;False
7006;smoke;0.0200547515073856
2787;motion;False
1201;lpg;0.0077247158747491
6495;humidity;76.69999694824219
6153;temp;22.2
2366;humidity;77.69999694824219
386;smoke;0.0205850642879159
223;device;1c:bf:ce:15:ec:4d
1824;device;b8:27:eb:bf:9d:51
4518;device;1c:bf:ce:15:ec:4d
4427;light;False
4295;smoke;0.0201960459663653
8398;lpg;0.0047014755735209
4901;humidity;75.4000015258789
5404;smoke;0.0202583683107523
2691;device;00:0f:00:70:91:0a
5677;co;0.0041648493649717
4801;co;0.0023752603459049
9097;co;0.0026563642321795
1043;lpg;0.0048728443183326
7319;smoke;0.0201032045381862
5620;smoke;0.0113727124824279
4498;temp;22.5
2419;device;00:0f:00:70:91:0a
1590;light;False
475;co;0.0028723411548629
2748;lpg;0.0067897610015142
4904;lpg;0.0067636709711528
1646;lpg;0.0077263420735125
5331;motion;False
2337;temp;19.700000762939453
5896;temp;22.2
4600;lpg;0.0076097963434086
8543;light;False
9900;light;False
9680;co;0.0048387171088759
1523;motion;False
309;device;b8:27:eb:bf:9d:51
5118;temp;22.1
5009;motion;False
1219;lpg;0.0077327510172036
7751;temp;19.5
3187;co;0.0049277003655902
5047;smoke;0.0115624422833889
5855;smoke;0.020147326352328
4049;co;0.0041210505445496
1865;lpg;0.0047765452304121
1304;humidity;51.1
6977;smoke;0.0200590717697767
5249;smoke;0.0177717486162276
7326;device;b8:27:eb:bf:9d:51
2367;smoke;0.0206079295050472
4170;light;True
6918;co;0.0048510688081313
3106;temp;19.89999961853028
5159;light;True
2371;smoke;0.0205987832589533
6799;co;0.0048183070988337
662;co;0.0050514301987511
2809;motion;False
6424;light;False
9644;humidity;75.19999694824219
7495;lpg;0.0066949975978393
3683;temp;22.5
5411;temp;19.799999237060547
1636;smoke;0.0205027151141664
109;humidity;78.0
703;device;1c:bf:ce:15:ec:4d
1345;light;False
9370;co;0.0026125893477881
6780;co;0.0023752603459049
7076;light;False
9394;temp;25.799999237060547
5522;lpg;0.0067963024329069
7763;light;False
8988;temp;19.5
5382;humidity;76.4000015258789
2029;device;b8:27:eb:bf:9d:51
715;co;0.0027009829693593
8663;humidity;49.6
3165;temp;26.700000762939453
8337;motion;False
4713;humidity;77.0999984741211
9336;lpg;0.0066045169749674
6686;motion;False
1343;motion;False
1972;device;00:0f:00:70:91:0a
8496;temp;25.89999961853028
3767;temp;22.5
7004;device;b8:27:eb:bf:9d:51
6169;humidity;76.0
1621;co;0.0050019273124705
8636;lpg;0.0048146210446623
3972;co;0.0049094202778271
6195;device;00:0f:00:70:91:0a
2014;device;b8:27:eb:bf:9d:51
7656;humidity;49.7
7348;co;0.0041210505445496
7504;device;00:0f:00:70:91:0a
9476;temp;22.3
7468;motion;False
1875;device;00:0f:00:70:91:0a
9279;smoke;0.0200240376436552
1680;motion;False
439;smoke;0.0183245012883274
9180;light;False
9386;motion;False
6161;device;b8:27:eb:bf:9d:51
6414;humidity;52.1
9238;light;False
2423;temp;22.5
6017;temp;21.9
1771;smoke;0.0205989004690141
3185;smoke;0.0203257640918177
5397;light;True
4456;device;00:0f:00:70:91:0a
95;motion;False
8875;device;b8:27:eb:bf:9d:51
8701;device;1c:bf:ce:15:ec:4d
3850;co;0.0048884568022186
4836;temp;26.39999961853028
5225;light;True
3048;temp;22.7
1135;temp;19.700000762939453
3885;lpg;0.0075597566769459
6863;lpg;0.0075333778645848
4479;temp;22.5
3581;device;00:0f:00:70:91:0a
7721;lpg;0.0066949975978393
8545;humidity;77.0
7067;device;b8:27:eb:bf:9d:51
8877;smoke;0.0200766477407693
8709;smoke;0.0174617042858233
7834;humidity;77.0
3009;co;0.0023945478027282
7702;light;True
1651;device;b8:27:eb:bf:9d:51
9618;humidity;50.3
5251;lpg;0.0044940940618551
7155;humidity;51.5
289;humidity;50.0
128;temp;22.7
6108;temp;22.1
3810;smoke;0.0175917499283839
4340;device;b8:27:eb:bf:9d:51
4024;co;0.0048579256466937
9208;temp;19.600000381469727
7010;lpg;0.0075225352350186
4572;smoke;0.0115624422833889
9435;smoke;0.0124454191086939
8846;device;b8:27:eb:bf:9d:51
8227;temp;25.89999961853028
628;motion;False
9955;smoke;0.0200634561543376
4335;co;0.0023499471250725
4807;lpg;0.0075659182130913
2362;light;False
9338;humidity;51.8
1824;co;0.0050382315076373
7547;humidity;75.5
6916;smoke;0.0119303264571011
8973;light;True
1660;device;1c:bf:ce:15:ec:4d
8391;lpg;0.0047014755735209
6421;co;0.0040993953844157
1966;temp;26.89999961853028
4868;motion;False
3500;humidity;51.2
2774;device;00:0f:00:70:91:0a
369;co;0.004975983419764
6067;co;0.0048607102039201
1560;smoke;0.0206774625402385
9722;light;False
4603;device;00:0f:00:70:91:0a
1739;device;b8:27:eb:bf:9d:51
4308;light;False
8429;temp;22.3
4288;co;0.0041120815612399
4029;smoke;0.0201739311308001
8783;humidity;77.0999984741211
3377;light;True
3322;co;0.0049318500451388
6964;lpg;0.0044940940618551
1668;smoke;0.0206217839948553
3802;co;0.0049205758311892
2975;humidity;76.69999694824219
5441;humidity;52.0
5881;light;False
8571;co;0.0048469245699355
8689;temp;21.7
6225;temp;22.3
5341;lpg;0.007622336895557
3518;light;False
9845;co;0.0048400658789079
938;smoke;0.0184012410013464
3118;motion;False
624;light;False
2806;smoke;0.0180601254080464
3487;light;True
306;smoke;0.0182990061331983
4559;device;b8:27:eb:bf:9d:51
1731;light;False
5532;co;0.0024206767917505
2195;temp;22.5
2479;humidity;76.0999984741211
4687;temp;22.6
47;light;False
3018;device;1c:bf:ce:15:ec:4d
8017;motion;False
9824;co;0.0048538488549522
7203;smoke;0.01786905781099
4338;smoke;0.0177717486162276
4388;lpg;0.0067205831642226
6206;lpg;0.0067550268598591
4102;smoke;0.0201783454349003
1750;co;0.0041907333162479
1336;smoke;0.0123403138596551
7787;light;False
8427;device;00:0f:00:70:91:0a
9534;lpg;0.0075457948200171
5745;lpg;0.0044940940618551
8636;device;00:0f:00:70:91:0a
5425;temp;22.4
9490;motion;False
853;lpg;0.0049319175017362
7985;co;0.0048510490887035
2569;smoke;0.0119303264571011
4344;device;b8:27:eb:bf:9d:51
1363;co;0.0050222279081053
9883;humidity;52.6
9217;motion;False
4916;humidity;76.80000305175781
8806;motion;False
5380;temp;22.4
415;co;0.0049990326382737
7109;lpg;0.0075256248412025
9870;temp;25.700000762939453
8593;humidity;49.7
3341;lpg;0.0076350026684634
2509;device;00:0f:00:70:91:0a
68;humidity;51.0
8632;temp;25.89999961853028
108;co;0.0028400886071015
6938;smoke;0.0115624422833889
239;humidity;75.19999694824219
9170;humidity;75.9000015258789
1552;humidity;51.2
179;co;0.0044596705952071
1227;lpg;0.0067832271499043
5006;lpg;0.0045470194416835
6179;smoke;0.0117079514237597
9011;temp;25.799999237060547
5650;humidity;76.80000305175781
1495;device;b8:27:eb:bf:9d:51
4137;motion;False
82;humidity;50.8
9008;smoke;0.0124454191086939
8411;lpg;0.0066232814614669
1768;co;0.0050120579538793
4618;temp;22.5
3933;lpg;0.0067205831642226
4595;smoke;0.0202764459229124
3548;light;False
4598;lpg;0.0044855205863951
9763;light;False
6117;smoke;0.02010314137587
4481;smoke;0.0113727124824279
6316;motion;False
2819;light;False
2144;humidity;77.5999984741211
268;lpg;0.0069545280445542
5907;temp;19.700000762939453
4335;humidity;76.5
6634;smoke;0.0175917499283839
6614;smoke;0.0115624422833889
6897;lpg;0.0044940940618551
9800;light;False
7539;device;00:0f:00:70:91:0a
3432;lpg;0.0044940940618551
8240;smoke;0.0200371983639998
798;humidity;77.80000305175781
7982;device;1c:bf:ce:15:ec:4d
9116;humidity;51.8
6101;co;0.0023945478027282
7573;temp;22.2
9092;smoke;0.017568015134972
4635;light;True
2694;humidity;76.5
1942;lpg;0.0076731951447764
5736;smoke;0.0201429364304848
8182;light;True
2787;device;1c:bf:ce:15:ec:4d
7529;temp;19.700000762939453
4459;device;b8:27:eb:bf:9d:51
7270;co;0.0041428370924851
5846;lpg;0.0066611014356595
3424;light;True
7883;device;00:0f:00:70:91:0a
2311;lpg;0.0076972039695351
3062;co;0.0023752603459049
3204;light;False
5796;motion;False
7428;temp;19.700000762939453
8458;lpg;0.0067377785099037
2194;smoke;0.012133257760378
54;humidity;76.19999694824219
8855;light;False
7957;humidity;75.4000015258789
5341;smoke;0.0203301041775718
3616;temp;22.4
3147;temp;22.6
4983;motion;False
9907;motion;False
3322;smoke;0.0203345653728883
5019;humidity;75.30000305175781
9381;lpg;0.0048146210446623
5692;co;0.0049023378764787
395;temp;27.0
6076;motion;False
9491;device;00:0f:00:70:91:0a
5040;light;False
7818;temp;19.39999961853028
4928;device;1c:bf:ce:15:ec:4d
619;smoke;0.0180850110751636
4837;smoke;0.0202583683107523
2291;smoke;0.0179857127558547
5219;humidity;76.80000305175781
5602;light;False
4486;smoke;0.0201917550698799
132;smoke;0.0205434737368965
9857;motion;False
9447;motion;False
2732;lpg;0.0076302180157233
4813;temp;19.799999237060547
2983;motion;False
7163;light;False
5912;light;False
1586;temp;22.7
1317;lpg;0.0077182269873876
8421;temp;22.3
36;light;False
6079;device;1c:bf:ce:15:ec:4d
1145;temp;22.6
1796;light;True
1194;smoke;0.0126062492917692
3480;humidity;76.0
5596;temp;22.5
7012;device;00:0f:00:70:91:0a
6723;temp;22.5
1986;co;0.0042074990028892
5675;temp;22.6
6488;temp;19.700000762939453
2928;temp;19.89999961853028
3090;light;False
8101;smoke;0.0176275753088465
5188;temp;22.2
938;device;1c:bf:ce:15:ec:4d
3786;smoke;0.0202406027064674
1487;temp;22.7
1169;lpg;0.0077620336567279
5586;smoke;0.0202450765650816
1627;temp;22.6
242;motion;False
8382;light;False
1741;temp;22.4
3250;temp;22.3
5150;smoke;0.0202137649949575
2344;temp;19.700000762939453
8658;humidity;74.80000305175781
1942;temp;22.1
6849;smoke;0.0200372612796148
3369;light;False
5008;device;b8:27:eb:bf:9d:51
277;lpg;0.0076907895410273
5075;device;b8:27:eb:bf:9d:51
7560;humidity;75.5
3424;smoke;0.0175917499283839
347;light;False
1810;lpg;0.0076940775297466
845;humidity;75.80000305175781
3305;co;0.0040886167952559
8334;device;00:0f:00:70:91:0a
3671;lpg;0.0044940940618551
4803;motion;False
1807;co;0.0026125893477881
1695;motion;False
190;device;b8:27:eb:bf:9d:51
2630;humidity;76.4000015258789
4770;motion;False
8317;lpg;0.0046278220095062
5113;co;0.0023945478027282
5133;temp;22.1
9852;co;0.0041319273389256
3069;temp;26.700000762939453
6370;smoke;0.0200634561543376
1684;smoke;0.0181099375964697
9487;light;False
1829;humidity;48.9
8043;smoke;0.0201695343035519
2519;smoke;0.0205253201614237
2752;temp;26.700000762939453
2965;smoke;0.0203077081148786
2576;humidity;51.3
8985;light;False
6558;humidity;76.19999694824219
5307;light;False
3424;temp;26.39999961853028
4514;temp;19.799999237060547
5833;motion;False
8307;device;00:0f:00:70:91:0a
1767;humidity;49.2
2176;temp;19.600000381469727
3539;smoke;0.0175917499283839
1660;temp;26.799999237060547
3562;device;b8:27:eb:bf:9d:51
3709;humidity;77.19999694824219
6716;temp;19.799999237060547
7128;smoke;0.0201872256285053
4754;motion;False
1547;co;0.0049889187508908
3453;temp;22.2
7756;motion;False
5498;light;False
8031;smoke;0.02010314137587
7725;light;True
7035;device;00:0f:00:70:91:0a
150;motion;False
2042;humidity;51.4
9012;light;False
7390;lpg;0.0075565773875766
5648;lpg;0.0044593962622784
2210;smoke;0.0205619790654704
7900;temp;21.7
194;humidity;78.19999694824219
4174;device;b8:27:eb:bf:9d:51
4599;lpg;0.0067205831642226
9786;smoke;0.0201162528732959
2524;temp;22.6
6504;smoke;0.0201207633534044
2770;temp;22.6
8578;temp;25.89999961853028
1052;temp;22.6
8610;motion;False
2892;lpg;0.006943189198213
6922;temp;22.3
6681;device;b8:27:eb:bf:9d:51
5367;humidity;76.4000015258789
6868;smoke;0.0114671100131212
9102;smoke;0.0172928139223288
6652;device;b8:27:eb:bf:9d:51
8694;humidity;77.30000305175781
3119;smoke;0.0115624422833889
5558;co;0.0023752603459049
4874;smoke;0.0201251638038531
6659;temp;19.799999237060547
6369;light;True
9486;co;0.0048414347549255
2544;device;b8:27:eb:bf:9d:51
1422;temp;22.6
9043;motion;False
903;lpg;0.0048728443183326
6968;motion;False
3804;motion;False
1259;co;0.0050426231173792
6459;temp;19.700000762939453
9814;motion;False
4948;co;0.0023752603459049
4678;temp;19.799999237060547
1810;device;b8:27:eb:bf:9d:51
4233;motion;False
676;co;0.0027928260727185
8397;lpg;0.0066484303062243
6834;lpg;0.0075210186498806
153;co;0.0029050147565559
5607;co;0.0023752603459049
2081;temp;22.3
5023;lpg;0.0067205831642226
4508;light;False
1778;co;0.0050323422353188
9049;light;False
8626;light;False
9947;humidity;75.5999984741211
4272;humidity;76.9000015258789
574;lpg;0.007708541127152
3303;temp;19.700000762939453
6901;lpg;0.0044940940618551
3891;temp;19.799999237060547
9993;smoke;0.0200371354486201
1277;humidity;76.30000305175781
7007;motion;False
9072;smoke;0.0178446711405451
2097;lpg;0.0047388314128738
9885;temp;21.9
667;co;0.0043910039545833
8988;co;0.0026563642321795
9903;light;False
5500;lpg;0.0075503802217332
4464;temp;26.5
2882;humidity;76.5999984741211
2803;motion;False
4289;temp;22.4
6233;temp;26.200000762939453
6997;co;0.0024140152182101
2486;device;00:0f:00:70:91:0a
8449;lpg;0.0046278220095062
7022;smoke;0.0115624422833889
1295;lpg;0.0067963024329069
5573;smoke;0.0177717486162276
8846;smoke;0.02010314137587
1530;light;False
9194;motion;False
3007;humidity;51.4
6217;motion;False
5023;light;True
4295;co;0.0048884166908593
769;lpg;0.007174065340238
7968;lpg;0.0067205831642226
261;light;False
733;co;0.0043513685467255
5543;humidity;76.80000305175781
1300;humidity;77.5999984741211
9925;temp;25.700000762939453
6133;lpg;0.0045470194416835
4582;humidity;51.7
481;smoke;0.0206171479375301
6199;light;True
4881;motion;False
7269;smoke;0.0200856008744013
1740;co;0.0041963133448826
5651;co;0.0023249430145548
1956;light;False
3067;co;0.0023752603459049
6327;temp;22.4
2411;co;0.0042565627316058
2674;co;0.0049559386483912
3406;humidity;77.5
373;motion;False
2006;humidity;50.7
366;humidity;77.9000015258789
7227;smoke;0.0202274531320852
7200;motion;False
8587;lpg;0.0047765452304121
6943;light;True
2076;light;False
1940;smoke;0.0124454191086939
5787;device;00:0f:00:70:91:0a
2254;temp;19.700000762939453
8974;device;b8:27:eb:bf:9d:51
5365;motion;False
9612;lpg;0.0075117833505527
5941;temp;26.299999237060547
5399;temp;22.4
430;motion;False
1732;lpg;0.0047388314128738
5049;co;0.0041428370924851
8673;motion;False
7228;temp;26.100000381469727
7720;temp;19.5
5385;lpg;0.0044940940618551
8787;smoke;0.0200942420579129
1080;co;0.0026125893477881
3904;device;00:0f:00:70:91:0a
7854;light;True
7820;smoke;0.0178203241010549
9566;co;0.0048264210940607
5853;smoke;0.0200634561543376
4187;device;1c:bf:ce:15:ec:4d
3575;lpg;0.0076239027505835
7231;smoke;0.0175917499283839
6349;co;0.0041501596475173
4656;light;True
3205;humidity;77.19999694824219
697;smoke;0.0131038089189969
7342;co;0.0023945478027282
3072;lpg;0.0076302180157233
540;lpg;0.005114383400977
2427;lpg;0.0067897610015142
1656;device;1c:bf:ce:15:ec:4d
3508;smoke;0.0175917499283839
1735;lpg;0.0077343792530527
3473;humidity;77.0999984741211
834;motion;False
8332;co;0.0048455539124078
8162;lpg;0.0075565773875766
9474;device;b8:27:eb:bf:9d:51
2817;temp;22.6
2475;co;0.0049616761961399
865;lpg;0.006952254607111
2633;smoke;0.0204658250676387
6828;light;False
6061;lpg;0.0044940940618551
6345;smoke;0.0116349259185682
2517;lpg;0.0077068726771779
5843;lpg;0.0066568387956212
2824;smoke;0.0117079514237597
8693;light;False
4734;co;0.0048884166908593
2187;light;False
4056;co;0.0048496968055517
7370;light;True
9047;light;False
6077;humidity;75.9000015258789
4122;humidity;75.4000015258789
3559;smoke;0.0202764098094236
7549;motion;False
3936;humidity;51.5
784;temp;27.0
2045;motion;False
9641;co;0.0041319273389256
8707;temp;19.39999961853028
1387;light;True
362;smoke;0.0205434737368965
8174;lpg;0.0075472894932488
6079;smoke;0.0175917499283839
6289;light;False
7166;humidity;51.5
3448;co;0.0049276598844591
10;lpg;0.0076668047981169
8119;smoke;0.0119303264571011
8464;humidity;76.80000305175781
3794;device;1c:bf:ce:15:ec:4d
6092;device;b8:27:eb:bf:9d:51
6023;temp;22.0
6665;temp;22.5
5849;temp;22.3
6784;device;b8:27:eb:bf:9d:51
7124;humidity;75.5999984741211
1692;smoke;0.0179672218292789
6061;light;False
7119;device;00:0f:00:70:91:0a
7290;motion;False
6381;lpg;0.0044940940618551
1312;lpg;0.0048146210446623
2420;humidity;51.3
9469;lpg;0.0075256248412025
1871;smoke;0.0206448317002038
28;co;0.0049262092366209
9573;smoke;0.0200634561543376
441;co;0.0049975187761753
2922;temp;26.700000762939453
8934;smoke;0.0174734565755012
4324;temp;19.700000762939453
6985;humidity;49.8
639;temp;27.0
7469;lpg;0.0066484303062243
4685;co;0.0023249430145548
5234;temp;26.299999237060547
634;co;0.0028400886071015
2597;smoke;0.0179857127558547
4893;co;0.004889854573387
3552;humidity;51.8
8662;motion;False
4248;co;0.0049304498584221
1486;co;0.0049946710978715
6086;smoke;0.0115624422833889
5899;motion;False
8451;motion;False
4842;light;False
606;smoke;0.0206496091039281
6099;co;0.0041795987862793
215;humidity;78.0
6779;temp;26.200000762939453
7013;motion;False
9770;device;00:0f:00:70:91:0a
7956;temp;21.9
9550;light;False
8768;humidity;75.5
6597;device;00:0f:00:70:91:0a
3116;smoke;0.0115624422833889
3099;smoke;0.0178934841872677
2938;lpg;0.0076175937782167
2390;light;False
6528;device;00:0f:00:70:91:0a
2860;smoke;0.0115624422833889
9657;humidity;77.4000015258789
6247;lpg;0.0075862558303191
7318;device;1c:bf:ce:15:ec:4d
4266;device;1c:bf:ce:15:ec:4d
503;co;0.0050309570518495
7592;light;True
9104;co;0.0026125893477881
6910;smoke;0.0115624422833889
3584;lpg;0.0076098734967844
7819;co;0.0048912013994391
1711;smoke;0.0123403138596551
4411;device;00:0f:00:70:91:0a
5776;device;1c:bf:ce:15:ec:4d
7457;device;b8:27:eb:bf:9d:51
3465;light;False
2825;temp;22.6
6632;humidity;76.5999984741211
3069;co;0.0041392277647913
5046;lpg;0.0067205831642226
9516;device;1c:bf:ce:15:ec:4d
9258;device;1c:bf:ce:15:ec:4d
7790;motion;False
5646;light;False
2030;co;0.0026125893477881
2530;motion;False
6245;lpg;0.0045118294131944
1855;humidity;48.9
5731;motion;False
2712;device;00:0f:00:70:91:0a
2618;co;0.0049861401826251
7670;light;False
9380;humidity;51.8
3692;temp;22.5
8921;light;False
9559;co;0.0048483500389767
4497;temp;19.700000762939453
4430;lpg;0.0075846416084486
1068;co;0.0050661069948481
4248;temp;22.3
7611;lpg;0.0065631726148346
4809;smoke;0.0115624422833889
3296;smoke;0.0115624422833889
4198;temp;22.2
4711;smoke;0.0114671100131212
8383;humidity;51.8
1323;smoke;0.0124454191086939
1263;humidity;51.1
4857;lpg;0.0075815397330603
1557;temp;22.7
4008;device;1c:bf:ce:15:ec:4d
1468;device;1c:bf:ce:15:ec:4d
707;smoke;0.02071451311279
2558;device;b8:27:eb:bf:9d:51
8964;co;0.0041210505445496
6152;smoke;0.0117079514237597
2509;temp;19.700000762939453
9606;temp;19.600000381469727
1538;smoke;0.0205344275669833
4760;humidity;76.80000305175781
5217;co;0.0023945478027282
2347;humidity;51.3
86;co;0.0049660046837051
4613;lpg;0.0075690573144887
2596;co;0.0024534975370069
6897;co;0.0023752603459049
8667;co;0.0048662251126679
5751;humidity;76.4000015258789
9005;lpg;0.0048728443183326
4611;smoke;0.0115624422833889
6650;co;0.0040814793896792
4456;co;0.0023499471250725
7753;smoke;0.0202137649949575
1371;humidity;77.5
2801;humidity;76.5
8418;motion;False
4670;motion;False
1221;device;b8:27:eb:bf:9d:51
2242;co;0.0026125893477881
1210;lpg;0.0048146210446623
4492;light;False
4487;temp;26.5
3402;light;False
845;device;00:0f:00:70:91:0a
3946;co;0.0023499471250725
4603;co;0.0023752603459049
3468;device;00:0f:00:70:91:0a
2860;motion;False
3725;lpg;0.0044940940618551
6547;device;b8:27:eb:bf:9d:51
538;temp;27.0
1383;lpg;0.0068402376524605
8778;humidity;76.9000015258789
7288;temp;22.3
4451;smoke;0.0115624422833889
6741;temp;26.100000381469727
7886;lpg;0.0075380042390162
9032;device;b8:27:eb:bf:9d:51
4337;light;False
1974;lpg;0.0067963024329069
4228;motion;False
6168;smoke;0.0201783454349003
9133;temp;25.799999237060547
8239;temp;25.89999961853028
6962;temp;26.100000381469727
8667;device;b8:27:eb:bf:9d:51
3572;humidity;51.8
7289;humidity;75.9000015258789
970;lpg;0.0048146210446623
4547;humidity;76.80000305175781
4089;smoke;0.0175917499283839
5775;lpg;0.0075489016512323
6773;device;00:0f:00:70:91:0a
6580;device;b8:27:eb:bf:9d:51
6879;smoke;0.0178934841872677
3710;co;0.0049220650032988
6524;lpg;0.0075348806378064
5390;smoke;0.0201075372361942
5633;light;False
7767;temp;19.5
2788;co;0.0023945478027282
7238;smoke;0.0200766477407693
9083;temp;22.1
9508;device;1c:bf:ce:15:ec:4d
7449;smoke;0.0201783454349003
2430;motion;False
4751;lpg;0.0075814947232333
3676;light;False
622;co;0.0050091167309803
8563;light;False
4067;lpg;0.0066149239787415
4258;temp;22.3
8499;device;1c:bf:ce:15:ec:4d
359;lpg;0.005114383400977
6035;humidity;76.5999984741211
4614;device;00:0f:00:70:91:0a
3935;smoke;0.0114671100131212
4408;device;b8:27:eb:bf:9d:51
2297;humidity;77.9000015258789
8174;co;0.0048634717134941
531;device;1c:bf:ce:15:ec:4d
9502;light;False
2688;smoke;0.0203796522013571
8198;humidity;51.9
8438;light;False
4055;humidity;75.30000305175781
3705;co;0.0049290591618829
6391;motion;False
7923;light;True
968;device;b8:27:eb:bf:9d:51
262;lpg;0.005114383400977
4640;motion;False
2221;co;0.0049860141621859
5995;smoke;0.0201075372361942
1476;temp;26.89999961853028
532;motion;False
2668;smoke;0.0179303078596507
6220;lpg;0.0075814947232333
2822;co;0.0049304498584221
8334;temp;19.600000381469727
6077;lpg;0.0045470194416835
258;co;0.0050004310581172
1911;temp;26.89999961853028
9637;temp;22.1
7178;lpg;0.0075410624871757
8811;lpg;0.0075816313224544
3309;humidity;75.19999694824219
6596;light;True
1346;motion;False
6552;temp;26.200000762939453
8616;device;b8:27:eb:bf:9d:51
6514;device;00:0f:00:70:91:0a
4810;temp;22.5
387;light;False
4579;co;0.0048745408555643
6073;device;b8:27:eb:bf:9d:51
341;device;1c:bf:ce:15:ec:4d
2751;smoke;0.020443038272213
275;device;b8:27:eb:bf:9d:51
7057;motion;False
8370;lpg;0.0046006971359771
4389;device;b8:27:eb:bf:9d:51
802;smoke;0.0207423526857566
7350;smoke;0.0175917499283839
1527;device;1c:bf:ce:15:ec:4d
7614;device;b8:27:eb:bf:9d:51
7207;temp;6.800000190734863
2637;motion;False
1482;co;0.0050019273124705
3745;motion;False
1586;co;0.0050382315076373
8772;lpg;0.0047765452304121
1296;light;False
3219;humidity;75.19999694824219
3709;temp;26.600000381469727
8087;motion;False
6318;temp;22.4
2840;motion;False
6581;device;00:0f:00:70:91:0a
2384;light;True
1769;motion;False
4561;motion;False
9211;light;True
1084;co;0.0026563642321795
280;lpg;0.0076843815479598
7386;motion;False
6919;device;1c:bf:ce:15:ec:4d
8041;temp;22.0
2863;smoke;0.0176275753088465
5450;co;0.0023752603459049
7935;co;0.0048469245699355
2559;smoke;0.0204159358189465
1894;smoke;0.0179857127558547
3380;motion;False
9130;temp;25.799999237060547
8739;light;True
1847;humidity;48.8
1978;temp;19.5
3595;humidity;76.30000305175781
586;lpg;0.005114383400977
5533;light;False
4487;smoke;0.0179672218292789
9835;device;1c:bf:ce:15:ec:4d
7826;motion;False
8294;smoke;0.0177960166178015
5733;light;True
4001;lpg;0.0044593962622784
25;humidity;50.9
686;motion;False
5473;co;0.0048690151305133
9305;smoke;0.0200458939366155
8752;humidity;77.0999984741211
4403;lpg;0.0067897610015142
669;humidity;77.9000015258789
5733;humidity;76.5999984741211
9306;motion;False
3275;lpg;0.0044940940618551
479;device;b8:27:eb:bf:9d:51
8330;co;0.0048717472037065
6800;motion;False
112;co;0.0043592626701468
4154;motion;False
4461;motion;False
5195;motion;False
5300;lpg;0.0044593962622784
3280;co;0.0049417500449918
4104;humidity;49.7
4422;motion;False
5578;light;False
8526;device;1c:bf:ce:15:ec:4d
4040;smoke;0.0201870976426126
2193;smoke;0.0205527239204585
1637;motion;False
6258;lpg;0.0066400346025462
1010;temp;26.89999961853028
9480;temp;25.700000762939453
8215;co;0.0024735163023208
892;motion;False
4987;temp;22.2
7004;motion;False
4459;lpg;0.0076034435787257
980;co;0.0026563642321795
4555;humidity;77.0
4360;temp;22.4
2404;light;False
1383;light;True
8223;smoke;0.0200328208129216
9624;device;b8:27:eb:bf:9d:51
4352;temp;26.5
8275;smoke;0.0177960166178014
4301;smoke;0.0115624422833889
769;motion;False
4760;temp;26.39999961853028
8933;device;00:0f:00:70:91:0a
2904;device;1c:bf:ce:15:ec:4d
8105;humidity;51.8
514;device;b8:27:eb:bf:9d:51
5266;co;0.0042225112359983
8548;smoke;0.012133257760378
1839;temp;22.1
836;temp;27.0
4309;device;1c:bf:ce:15:ec:4d
6685;temp;19.799999237060547
4501;device;b8:27:eb:bf:9d:51
3438;temp;19.700000762939453
8510;temp;22.1
2105;lpg;0.0047765452304121
1306;temp;22.6
9204;motion;False
875;lpg;0.0077767576831047
6242;motion;False
7174;lpg;0.0075550751259931
3732;lpg;0.0075877677097258
8989;device;1c:bf:ce:15:ec:4d
7820;temp;26.0
2998;temp;22.7
4632;light;True
5781;device;00:0f:00:70:91:0a
2526;humidity;76.0999984741211
4585;co;0.0048912013994391
8596;humidity;74.80000305175781
9885;smoke;0.0199935832376721
8896;temp;22.0
2562;co;0.0049730874721228
7632;co;0.0024336644897368
4701;co;0.0023499471250725
1468;humidity;77.9000015258789
510;lpg;0.0068447065480274
3336;temp;19.700000762939453
331;co;0.0028400886071015
6657;motion;False
610;light;False
4070;humidity;49.6
2170;temp;26.799999237060547
4898;temp;19.799999237060547
9922;motion;False
2450;motion;False
4679;humidity;76.80000305175781
5797;smoke;0.0115624422833889
7472;smoke;0.020209591656372
8862;light;True
3323;smoke;0.0175917499283839
4062;motion;False
6410;humidity;76.5999984741211
5954;device;b8:27:eb:bf:9d:51
3792;co;0.0048772764875949
3743;temp;22.5
2282;light;False
3711;motion;False
7378;smoke;0.0201162528732959
1211;humidity;51.1
8259;temp;22.2
4350;co;0.0048800737788083
3633;humidity;51.7
1801;lpg;0.0048146210446623
7135;temp;22.0
1911;motion;False
9720;device;00:0f:00:70:91:0a
2199;motion;False
455;co;0.0043181221469359
7473;humidity;52.1
4667;smoke;0.0202273248423592
9346;device;00:0f:00:70:91:0a
4326;co;0.0041501596475173
6563;temp;26.200000762939453
9852;temp;25.700000762939453
8750;light;False
3819;motion;False
7559;co;0.0048884166908593
9045;light;True
4965;temp;19.700000762939453
7961;humidity;75.5
452;temp;22.1
1787;lpg;0.0077166028450173
3605;motion;False
316;temp;22.5
7598;co;0.0040797010352268
8650;light;True
11;device;b8:27:eb:bf:9d:51
8413;temp;25.89999961853028
1069;device;b8:27:eb:bf:9d:51
1701;motion;False
5361;motion;False
8107;humidity;77.0
1011;motion;False
3138;lpg;0.0075877677097258
911;light;True
5942;temp;22.1
5203;temp;19.700000762939453
168;lpg;0.0076619694056031
115;lpg;0.007636571657115
6532;co;0.0040886167952559
3745;temp;22.5
6545;light;False
189;smoke;0.0183500387636716
6169;lpg;0.0045470194416835
6668;temp;22.5
3057;humidity;76.9000015258789
4010;light;False
8953;lpg;0.0048146210446623
6897;smoke;0.0115624422833889
1479;smoke;0.0124454191086939
7158;lpg;0.0075271646756203
3329;lpg;0.0066400346025462
7589;light;False
2081;device;b8:27:eb:bf:9d:51
1931;device;1c:bf:ce:15:ec:4d
2053;lpg;0.0067077756921012
5075;lpg;0.0075815397330603
18;motion;False
8976;device;1c:bf:ce:15:ec:4d
2983;device;b8:27:eb:bf:9d:51
8565;humidity;76.9000015258789
7097;motion;False
6582;co;0.0048662251126679
4588;co;0.0023752603459049
8194;humidity;76.9000015258789
2321;humidity;51.3
2250;motion;False
6496;humidity;52.1
6400;lpg;0.0068270776856813
1060;light;False
8842;light;False
4752;lpg;0.0044940940618551
9375;motion;False
2848;co;0.0049802732551297
646;motion;False
5790;co;0.0041210505445496
6004;temp;19.600000381469727
8963;device;b8:27:eb:bf:9d:51
8704;lpg;0.0048146210446623
360;motion;False
8456;lpg;0.0046644737448207
6157;co;0.0048524215303587
9511;temp;22.3
2671;humidity;51.3
6636;lpg;0.0044940940618551
9366;co;0.0048662251126679
4991;co;0.004893967695043
5365;light;True
6551;light;False
3629;temp;26.600000381469727
5376;smoke;0.0114671100131212
7621;lpg;0.0075753179106622
4290;motion;False
1444;co;0.0042074990028892
5738;smoke;0.0201251638038531
9502;humidity;52.0
5103;motion;False
5657;humidity;52.0
3789;co;0.0040886167952559
6210;device;1c:bf:ce:15:ec:4d
7983;smoke;0.0202183600097602
9582;humidity;77.0
6446;light;True
3504;co;0.0023945478027282
4765;light;False
6427;device;00:0f:00:70:91:0a
914;humidity;77.69999694824219
9207;humidity;51.9
7514;device;b8:27:eb:bf:9d:51
6877;co;0.0023752603459049
6467;light;False
935;temp;22.6
898;humidity;63.0
2085;temp;19.600000381469727
2568;humidity;51.3
1415;temp;22.6
3900;lpg;0.0075753179106622
2965;light;False
7596;light;False
9886;smoke;0.0174440934990321
7737;motion;False
7100;co;0.0048773513920531
4160;co;0.004053072401776
9166;co;0.0048662251126679
3553;lpg;0.0076129573797261
7547;lpg;0.0044940940618551
9068;light;False
5055;lpg;0.0067077756921012
5273;humidity;77.0999984741211
377;co;0.0028400886071015
673;co;0.0043435076691941
8799;temp;21.8
3640;motion;False
2046;device;1c:bf:ce:15:ec:4d
7928;lpg;0.0075271646756203
9682;motion;False
5746;co;0.0048703684872246
9347;co;0.0048455539124078
8922;lpg;0.0066822488026571
6957;lpg;0.0075426673313497
2970;humidity;51.4
4707;device;00:0f:00:70:91:0a
6169;smoke;0.0117079514237597
8404;humidity;76.9000015258789
5000;device;1c:bf:ce:15:ec:4d
1422;humidity;51.1
1005;device;00:0f:00:70:91:0a
3489;temp;19.700000762939453
9715;humidity;49.5
1250;device;00:0f:00:70:91:0a
8017;co;0.0048455539124078
8440;device;00:0f:00:70:91:0a
2738;smoke;0.0183245012883274
1355;temp;19.799999237060547
2883;lpg;0.0067897610015142
9774;motion;False
4108;device;1c:bf:ce:15:ec:4d
8363;device;b8:27:eb:bf:9d:51
2217;smoke;0.01786905781099
8467;humidity;75.5
8808;temp;21.8
1517;humidity;51.2
9211;smoke;0.0175917499283839
831;smoke;0.0207563313675601
1666;temp;26.89999961853028
7043;lpg;0.0045204634867867
4679;motion;False
8908;humidity;77.0
2635;device;1c:bf:ce:15:ec:4d
2391;co;0.0043454713595732
3263;co;0.0049389814052963
5085;temp;22.0
5393;co;0.0048524562239945
2101;temp;22.4
4790;motion;False
6189;device;b8:27:eb:bf:9d:51
1759;smoke;0.0123403138596551
7391;light;False
5462;smoke;0.0201963441257713
4899;co;0.0041428370924851
2473;humidity;76.19999694824219
3414;motion;False
6352;motion;False
7038;temp;22.0
152;motion;False
808;humidity;51.1
6507;motion;False
8285;motion;False
8155;lpg;0.0066611014356595
8943;humidity;75.80000305175781
8928;light;False
703;smoke;0.0184269059272954
6840;motion;False
7245;device;1c:bf:ce:15:ec:4d
6654;humidity;52.1
9191;temp;22.2
9349;lpg;0.0075210186498806
5887;lpg;0.0075410624871757
7753;lpg;0.0075814947232333
9135;co;0.0040093051625002
819;humidity;78.30000305175781
2181;smoke;0.0204886722277338
4054;device;1c:bf:ce:15:ec:4d
5498;humidity;52.0
7387;lpg;0.0075597118227908
8884;light;False
3108;device;1c:bf:ce:15:ec:4d
1388;device;b8:27:eb:bf:9d:51
8111;temp;22.1
1178;motion;False
5709;light;True
3994;smoke;0.0115624422833889
8677;temp;19.39999961853028
8810;co;0.0040460210578525
8931;smoke;0.02008984965927
8387;lpg;0.0075071873578835
8442;smoke;0.0200547515073856
5426;smoke;0.0114671100131212
5548;temp;26.39999961853028
6703;smoke;0.019976280893909
7525;humidity;51.7
8231;humidity;51.8
2744;motion;False
5223;lpg;0.0044940940618551
7525;light;False
8893;device;b8:27:eb:bf:9d:51
3505;humidity;77.19999694824219
9078;humidity;77.0
5389;temp;26.39999961853028
4361;temp;19.700000762939453
9047;device;b8:27:eb:bf:9d:51
6184;smoke;0.0178203241010549
2999;smoke;0.0116349259185682
6485;co;0.0040743562798112
4427;co;0.0049205758311892
6500;device;00:0f:00:70:91:0a
8614;humidity;49.7
9880;humidity;75.30000305175781
7313;smoke;0.0200722599225068
8519;humidity;77.19999694824219
6380;device;1c:bf:ce:15:ec:4d
874;device;1c:bf:ce:15:ec:4d
510;device;1c:bf:ce:15:ec:4d
1016;device;00:0f:00:70:91:0a
6605;light;False
9727;temp;21.9
824;light;False
9832;device;b8:27:eb:bf:9d:51
1057;device;00:0f:00:70:91:0a
9177;co;0.0026125893477881
6676;temp;26.200000762939453
9441;light;False
5477;device;00:0f:00:70:91:0a
2232;humidity;75.80000305175781
6371;co;0.0023945478027282
5956;device;1c:bf:ce:15:ec:4d
2542;smoke;0.0119303264571011
8922;motion;False
8231;smoke;0.0200986356004594
980;device;00:0f:00:70:91:0a
4264;humidity;76.30000305175781
418;light;False
1930;motion;False
5393;lpg;0.0075349196094121
6891;humidity;51.4
8738;device;b8:27:eb:bf:9d:51
1728;light;True
7914;humidity;51.1
7459;co;0.0049122102423468
8053;motion;False
9091;lpg;0.0075348806378064
3895;smoke;0.020213893182254
2556;temp;26.700000762939453
6393;lpg;0.0067205831642226
8496;lpg;0.0068138356256058
5261;light;False
448;smoke;0.0132748367048515
1632;device;00:0f:00:70:91:0a
7110;temp;19.600000381469727
4845;device;00:0f:00:70:91:0a
1642;humidity;75.5999984741211
8538;device;b8:27:eb:bf:9d:51
8262;lpg;0.0075489016512323
7280;lpg;0.007520996540861
4787;lpg;0.0068050622298836
1197;humidity;76.19999694824219
2658;light;False
6882;temp;26.100000381469727
6362;smoke;0.0175917499283839
9079;co;0.0026125893477881
3715;motion;False
4617;device;00:0f:00:70:91:0a
2613;light;True
9413;humidity;76.9000015258789
818;smoke;0.0207797447717022
741;motion;False
4498;motion;False
6604;temp;22.5
3106;humidity;76.0999984741211
4037;smoke;0.0200591347672057
1074;lpg;0.0069636307508319
6025;co;0.0023752603459049
1811;temp;26.799999237060547
4546;motion;False
6243;device;00:0f:00:70:91:0a
909;humidity;76.0
4447;co;0.0048926601457225
5309;temp;26.39999961853028
1714;temp;19.700000762939453
3789;temp;26.600000381469727
6232;smoke;0.0201872256285053
9447;smoke;0.0124454191086939
8335;device;1c:bf:ce:15:ec:4d
8165;co;0.0048524215303587
6448;co;0.0023752603459049
4848;temp;22.5
6176;humidity;76.0
4638;smoke;0.0177717486162276
7473;lpg;0.0075862558303191
3695;device;00:0f:00:70:91:0a
8629;device;00:0f:00:70:91:0a
5583;smoke;0.020169406451243
2063;temp;22.3
4798;device;1c:bf:ce:15:ec:4d
2735;lpg;0.0076779799827828
5364;co;0.0048662251126679
9364;light;False
5874;device;1c:bf:ce:15:ec:4d
3010;motion;False
8732;device;b8:27:eb:bf:9d:51
5114;lpg;0.0076240966963856
8773;smoke;0.0200766477407693
9794;motion;False
8787;motion;False
9018;motion;False
1419;lpg;0.0068358852740717
70;lpg;0.0051986974792943
6841;smoke;0.0115624422833889
9696;light;False
7069;humidity;49.8
2692;temp;26.700000762939453
3161;light;False
1111;smoke;0.0124454191086939
2312;humidity;76.0
7574;temp;26.0
5911;co;0.0040886167952559
7977;lpg;0.0075195024328892
7807;motion;False
1799;temp;22.3
1709;temp;19.700000762939453
1318;smoke;0.0124454191086939
3617;light;True
6207;light;False
9528;light;True
2162;smoke;0.0206358428074058
5452;lpg;0.0075909177305702
9934;lpg;0.0075349196094121
2879;temp;19.89999961853028
6962;lpg;0.0066484303062243
2887;co;0.0042225112359983
3119;temp;19.89999961853028
617;smoke;0.0132748367048515
4665;lpg;0.0075878127643997
2641;device;1c:bf:ce:15:ec:4d
2495;smoke;0.0181099375964697
3574;smoke;0.0115624422833889
7983;motion;False
4223;lpg;0.0044593962622784
3879;humidity;51.6
1927;motion;False
4869;co;0.0048940078586805
99;co;0.0028400886071015
1821;co;0.0050091167309803
8771;humidity;77.19999694824219
2051;motion;False
5426;light;False
3156;humidity;51.3
9708;light;False
5704;smoke;0.0202316308643979
1645;co;0.0025840713517823
5862;smoke;0.0175917499283839
1764;co;0.0041795987862793
5407;lpg;0.0075597566769459
1137;humidity;51.2
7777;device;b8:27:eb:bf:9d:51
7408;light;True
8599;humidity;74.69999694824219
1360;motion;False
5711;motion;False
236;light;True
8234;temp;22.2
3300;light;True
7515;motion;False
7598;device;1c:bf:ce:15:ec:4d
4876;lpg;0.0044940940618551
1416;humidity;77.80000305175781
674;motion;False
7336;smoke;0.0117079514237597
7658;smoke;0.0119303264571011
6314;humidity;52.1
3820;motion;False
1325;device;b8:27:eb:bf:9d:51
1463;temp;19.799999237060547
1786;humidity;77.5999984741211
9417;light;False
7442;temp;22.4
7570;device;1c:bf:ce:15:ec:4d
6773;lpg;0.0044940940618551
4221;light;False
1782;device;b8:27:eb:bf:9d:51
4117;device;1c:bf:ce:15:ec:4d
4305;lpg;0.0066822488026571
243;smoke;0.0205159517660394
5843;device;1c:bf:ce:15:ec:4d
2483;lpg;0.007695646843981
3996;smoke;0.020213893182254
8385;device;1c:bf:ce:15:ec:4d
6450;smoke;0.0201870976426126
4716;temp;22.5
5993;light;False
8996;humidity;51.8
8109;light;False
8439;smoke;0.0178022983054814
564;humidity;78.0999984741211
5393;light;False
5839;smoke;0.017603782939631
3688;device;00:0f:00:70:91:0a
7516;co;0.0040442604223947
4480;lpg;0.0066568387956212
5979;temp;22.0
2694;smoke;0.0185695515667708
6248;humidity;76.5
4384;humidity;51.9
3693;humidity;77.0999984741211
2563;co;0.0024735163023208
3518;smoke;0.0203480925996233
499;smoke;0.0205344275669833
5218;smoke;0.0202273248423592
1049;humidity;76.19999694824219
4729;smoke;0.0115624422833889
4429;smoke;0.018223097918814
5360;smoke;0.0201517337232859
5293;light;False
1048;device;1c:bf:ce:15:ec:4d
1469;device;b8:27:eb:bf:9d:51
2364;temp;22.5
2241;motion;False
7251;lpg;0.0075348806378064
8251;humidity;77.0999984741211
6817;lpg;0.0075287659590267
3058;temp;22.7
7101;temp;22.0
9277;temp;25.799999237060547
9054;smoke;0.0201075372361942
2380;light;False
5017;device;1c:bf:ce:15:ec:4d
5500;smoke;0.0201251638038531
14;device;1c:bf:ce:15:ec:4d
3772;co;0.0049122102423468
8024;lpg;0.0075940469470299
9820;light;False
6804;co;0.0048496770925245
3076;co;0.0041428370924851
1401;device;1c:bf:ce:15:ec:4d
8094;device;00:0f:00:70:91:0a
191;device;00:0f:00:70:91:0a
9042;humidity;51.8
260;motion;False
8068;humidity;75.5
1839;co;0.0049990326382737
1857;light;True
6874;lpg;0.0045204634867867
227;light;False
1973;lpg;0.0077327922267093
5293;temp;19.700000762939453
8356;co;0.0048538291225545
1843;humidity;48.9
9077;lpg;0.0075287048894342
8146;device;00:0f:00:70:91:0a
7036;motion;False
2339;humidity;51.3
431;temp;22.2
4598;smoke;0.0115388819599609
8711;lpg;0.0066949975978393
2358;lpg;0.0076699643896225
9045;co;0.0040442604223947
3225;humidity;49.4
3259;motion;False
8322;smoke;0.0119303264571011
5102;humidity;51.0
9435;device;00:0f:00:70:91:0a
2305;humidity;51.3
7416;motion;False
37;temp;27.0
4166;temp;22.2
7274;motion;False
9937;temp;21.9
8817;co;0.0048510490887035
7214;motion;False
7189;motion;False
3701;light;True
4117;motion;False
6241;smoke;0.0117079514237597
6784;light;False
641;motion;False
651;smoke;0.0206263038973195
8007;motion;False
9404;lpg;0.0075333389025806
966;light;True
1571;smoke;0.0124454191086939
2863;motion;False
368;co;0.0028400886071015
5729;co;0.0023752603459049
3229;light;False
335;lpg;0.0077004485462232
6700;temp;26.200000762939453
2858;humidity;51.3
7068;humidity;75.19999694824219
4843;light;False
2146;humidity;77.5999984741211
570;motion;False
9026;motion;False
5429;humidity;52.0
6775;humidity;76.4000015258789
6162;light;False
9388;light;True
5717;lpg;0.0066568387956212
9499;humidity;52.0
6675;device;00:0f:00:70:91:0a
1229;light;False
8455;humidity;76.80000305175781
2485;smoke;0.020539034516531
7347;co;0.0048829261255301
1770;temp;19.600000381469727
2659;smoke;0.0204112701224129
2140;smoke;0.01786905781099
5349;temp;26.39999961853028
9370;device;00:0f:00:70:91:0a
2565;device;b8:27:eb:bf:9d:51
5871;light;False
5075;co;0.0048940078586805
755;lpg;0.0077685669203436
5173;light;False
5044;device;b8:27:eb:bf:9d:51
2472;humidity;51.3
4540;light;False
5236;smoke;0.0116349259185682
7555;light;True
2961;temp;22.6
3298;lpg;0.0076035014233669
4973;co;0.0049079473232724
463;motion;False
5808;co;0.0048884166908593
222;light;False
5358;device;b8:27:eb:bf:9d:51
6271;light;True
2015;device;00:0f:00:70:91:0a
1845;lpg;0.0068535415324248
8431;temp;22.3
1894;humidity;78.4000015258789
4796;motion;False
8978;co;0.0048524215303587
6870;device;b8:27:eb:bf:9d:51
7548;light;False
9462;co;0.0048346046203651
2538;humidity;76.30000305175781
4327;co;0.0023499471250725
6670;light;True
4880;co;0.0048815088452831
3211;co;0.0049319829571314
7882;light;False
8986;co;0.0041722165955503
1293;motion;False
1541;device;1c:bf:ce:15:ec:4d
2581;humidity;51.3
6032;device;b8:27:eb:bf:9d:51
4565;temp;19.799999237060547
6714;motion;False
6803;temp;26.100000381469727
5844;motion;False
4232;motion;False
7587;motion;False
626;motion;False
1860;device;00:0f:00:70:91:0a
4235;smoke;0.0114671100131212
6188;device;00:0f:00:70:91:0a
5535;lpg;0.0044940940618551
3017;humidity;51.3
681;smoke;0.0207423526857566
9358;co;0.0048332379603909
6311;temp;19.700000762939453
8819;light;False
2654;light;False
7542;device;00:0f:00:70:91:0a
4905;device;00:0f:00:70:91:0a
8279;temp;22.2
7097;light;False
1487;device;b8:27:eb:bf:9d:51
2374;co;0.0042300403990849
4617;temp;19.799999237060547
8461;co;0.0048552024669213
7863;lpg;0.0045737634715293
4548;light;False
7862;humidity;76.9000015258789
503;humidity;49.4
3758;co;0.0023752603459049
6164;humidity;76.69999694824219
4897;light;False
7930;motion;False
7900;light;False
6313;motion;False
7650;device;b8:27:eb:bf:9d:51
4094;co;0.0040814793896792
9970;temp;25.700000762939453
4877;humidity;76.80000305175781
3368;temp;26.600000381469727
9102;co;0.0039989300372464
446;smoke;0.020511828092044
7647;motion;False
1243;lpg;0.0048146210446623
8162;temp;22.1
9152;co;0.0048717472037065
7389;smoke;0.0174675792534178
4457;lpg;0.0075597118227908
3057;lpg;0.0067205831642226
249;motion;False
746;lpg;0.0069251010440879
9177;smoke;0.0124454191086939
9253;humidity;75.9000015258789
4126;smoke;0.0201652440184801
7363;co;0.0040601528180467
3643;humidity;76.30000305175781
6989;device;b8:27:eb:bf:9d:51
3086;smoke;0.0179857127558547
8106;lpg;0.0046278220095062
307;smoke;0.0204886722277338
1521;device;1c:bf:ce:15:ec:4d
5612;device;1c:bf:ce:15:ec:4d
760;humidity;50.9
5667;smoke;0.0201428087789691
2914;motion;False
626;lpg;0.0069070696010243
1218;lpg;0.0077328391776015
5914;humidity;49.7
2603;smoke;0.0117079514237597
7434;humidity;76.30000305175781
2894;lpg;0.0045204634867867
5555;lpg;0.0075643688278266
8561;humidity;49.8
3088;temp;19.89999961853028
4567;motion;False
901;smoke;0.0129353991942072
9320;humidity;51.7
8334;motion;False
2844;temp;19.799999237060547
6651;device;00:0f:00:70:91:0a
3597;lpg;0.0066128409991984
77;temp;19.700000762939453
4227;motion;False
1473;lpg;0.0048146210446623
4432;motion;False
3756;temp;26.600000381469727
7197;device;1c:bf:ce:15:ec:4d
5297;light;False
2696;device;00:0f:00:70:91:0a
1927;co;0.0049946710978715
1321;smoke;0.0181475644618616
502;lpg;0.007723084355698
8203;lpg;0.0046278220095062
1415;light;False
3407;temp;22.1
5993;device;00:0f:00:70:91:0a
341;humidity;77.69999694824219
4091;humidity;49.6
2978;co;0.0049234505866542
3526;light;False
5513;lpg;0.0068138356256058
9191;lpg;0.0075333389025806
8942;smoke;0.0201165547131533
9119;humidity;51.8
104;light;False
2166;smoke;0.0205987832589533
7061;smoke;0.02010314137587
8502;motion;False
6429;lpg;0.0045204634867867
1903;smoke;0.0205711730195688
2713;device;b8:27:eb:bf:9d:51
3059;lpg;0.0066568387956212
3181;humidity;50.4
6397;co;0.0041795987862793
9457;co;0.0041102065970174
8680;lpg;0.0047014755735209
7113;device;00:0f:00:70:91:0a
5423;motion;False
3514;temp;22.3
5382;co;0.0023752603459049
541;humidity;50.8
3468;lpg;0.0044940940618551
4461;smoke;0.0184012410013465
9134;temp;22.2
5561;humidity;76.5
3367;motion;False
7811;humidity;76.9000015258789
6205;co;0.0024140152182101
2333;light;False
9511;light;False
7443;device;1c:bf:ce:15:ec:4d
7245;co;0.0041319273389256
2412;humidity;51.3
5594;temp;19.799999237060547
7859;light;False
8032;motion;False
82;temp;22.6
1467;device;b8:27:eb:bf:9d:51
1739;light;False
6417;lpg;0.0075581639677698
6965;smoke;0.0179857127558547
6842;temp;22.5
7864;smoke;0.0201340794363842
950;device;b8:27:eb:bf:9d:51
4241;lpg;0.0067077756921012
66;co;0.0028804994474531
2007;lpg;0.0069613537299617
5345;lpg;0.0044940940618551
1249;light;False
7937;device;b8:27:eb:bf:9d:51
5232;lpg;0.0067963024329069
5173;lpg;0.0076225307933951
66;smoke;0.0134205578926963
7253;smoke;0.017568015134972
3856;smoke;0.0175917499283839
4080;humidity;77.5999984741211
5935;lpg;0.0044940940618551
8841;temp;21.9
9519;smoke;0.0200590717697767
2813;smoke;0.0180850110751636
4855;smoke;0.0202718351803855
3377;lpg;0.0066149239787415
1943;light;False
8032;co;0.0048607102039201
6264;device;00:0f:00:70:91:0a
2364;co;0.0050061986430026
2686;device;1c:bf:ce:15:ec:4d
3666;device;00:0f:00:70:91:0a
704;co;0.0027928260727185
9303;co;0.0026125893477881
1197;smoke;0.0124454191086939
9259;smoke;0.0200766477407693
186;light;False
879;smoke;0.0208079954051597
9256;motion;False
4851;co;0.0048856139108304
3314;lpg;0.0066149239787415
6330;temp;22.4
1288;temp;26.89999961853028
6458;device;b8:27:eb:bf:9d:51
3110;lpg;0.0067463960474168
7843;motion;False
7409;motion;False
4758;device;1c:bf:ce:15:ec:4d
4383;motion;False
4535;device;1c:bf:ce:15:ec:4d
9873;smoke;0.0200591347672057
6901;device;00:0f:00:70:91:0a
3947;device;b8:27:eb:bf:9d:51
731;motion;False
3754;co;0.0049023781189613
3895;device;b8:27:eb:bf:9d:51
3867;device;b8:27:eb:bf:9d:51
2720;temp;22.6
7049;light;False
8906;motion;False
9887;humidity;75.4000015258789
4515;light;False
4037;motion;False
1128;device;b8:27:eb:bf:9d:51
9227;humidity;51.8
9371;humidity;51.8
2190;humidity;51.3
6626;device;b8:27:eb:bf:9d:51
2573;light;True
8674;co;0.0048593350714777
7627;co;0.0040513082444884
6107;light;True
1263;device;b8:27:eb:bf:9d:51
8321;humidity;51.9
9130;smoke;0.0174440934990321
3544;smoke;0.0203842178201949
7772;lpg;0.0046278220095062
5772;smoke;0.0115624422833889
3501;smoke;0.0115624422833889
9055;light;False
474;smoke;0.0205299316341615
6660;motion;False
3012;device;1c:bf:ce:15:ec:4d
6076;temp;26.299999237060547
8835;light;True
4473;lpg;0.006880242885696
1525;temp;22.6
9632;light;False
3271;smoke;0.0203525584970732
856;device;b8:27:eb:bf:9d:51
66;device;00:0f:00:70:91:0a
6826;temp;22.5
1122;lpg;0.0077636693200265
8562;motion;False
2633;temp;22.6
6373;device;1c:bf:ce:15:ec:4d
9406;lpg;0.0066568387956212
1752;device;1c:bf:ce:15:ec:4d
3741;device;00:0f:00:70:91:0a
9342;device;00:0f:00:70:91:0a
8591;humidity;49.8
6026;co;0.004893967695043
6084;smoke;0.0117079514237597
8544;smoke;0.0200986356004594
4495;light;False
1150;device;1c:bf:ce:15:ec:4d
7418;lpg;0.0075721307398094
2938;humidity;51.3
9492;temp;25.700000762939453
7282;co;0.0040601528180467
3570;motion;False
8949;humidity;51.7
4080;device;1c:bf:ce:15:ec:4d
5876;smoke;0.0115624422833889
9367;temp;19.700000762939453
6575;co;0.0023945478027282
8552;motion;False
881;lpg;0.0068936405301486
1544;device;1c:bf:ce:15:ec:4d
2916;light;False
5262;smoke;0.0115624422833889
2759;motion;False
5110;lpg;0.0076034435787257
3262;temp;26.700000762939453
6255;motion;False
9816;temp;21.8
3748;motion;False
5635;light;True
6574;lpg;0.0075550303052826
9028;lpg;0.0066568387956212
5434;motion;False
71;smoke;0.0203527240087818
5967;device;b8:27:eb:bf:9d:51
3316;lpg;0.0076239027505835
5;motion;False
9268;temp;22.2
9183;co;0.0048469245699355
4233;temp;26.5
7925;light;False
685;temp;19.5
1808;co;0.0050382315076373
7676;light;False
4701;motion;False
3759;smoke;0.0202897622046066
8383;co;0.0048510490887035
1663;light;True
7046;lpg;0.0066211953127444
3688;temp;19.700000762939453
6573;temp;19.799999237060547
818;humidity;51.1
4393;humidity;76.5999984741211
6202;lpg;0.0076175937782167
4751;device;b8:27:eb:bf:9d:51
4895;lpg;0.007583108138669
2673;smoke;0.0117079514237597
457;motion;False
4426;temp;26.5
9138;humidity;51.8
490;lpg;0.0068402376524605
5142;light;False
3536;temp;22.3
884;motion;False
5925;lpg;0.0044940940618551
1070;device;00:0f:00:70:91:0a
2527;light;False
6693;co;0.0041907333162479
9629;lpg;0.0066149239787415
5623;lpg;0.0075287048894342
8161;light;True
9975;smoke;0.0199717948545151
6681;lpg;0.0075150218814984
2766;humidity;51.2
6010;humidity;50.3
29;smoke;0.0184333425756136
3457;lpg;0.0044940940618551
5095;temp;19.600000381469727
2143;smoke;0.012133257760378
4425;humidity;76.5
7863;smoke;0.0117815235053884
8423;lpg;0.0046644737448207
7260;motion;False
6416;motion;False
1603;temp;19.799999237060547
2359;lpg;0.0068402376524605
9635;smoke;0.0174440934990321
5135;smoke;0.0203347307103263
6603;light;True
8643;motion;False
1661;temp;19.700000762939453
2736;co;0.0023945478027282
4838;humidity;76.0999984741211
9537;temp;22.2
6003;smoke;0.0201428087789691
7621;temp;22.1
1196;lpg;0.006952254607111
4362;humidity;51.9
6449;lpg;0.0067767008678073
2038;light;False
2632;smoke;0.0175917499283839
4426;smoke;0.0179672218292789
6402;motion;False
35;device;b8:27:eb:bf:9d:51
3116;motion;False
2662;temp;19.799999237060547
6745;humidity;52.1
4677;co;0.0049304498584221
6498;temp;26.200000762939453
2794;temp;26.700000762939453
1709;device;00:0f:00:70:91:0a
6399;temp;19.700000762939453
6836;smoke;0.0174734565755012
9948;light;True
139;smoke;0.0132748367048515
4114;motion;False
1830;lpg;0.0077004485462232
5215;temp;22.2
1053;humidity;76.19999694824219
7313;lpg;0.0075317975471891
349;device;b8:27:eb:bf:9d:51
3220;device;b8:27:eb:bf:9d:51
3633;co;0.004936096240538
2900;motion;False
6000;device;b8:27:eb:bf:9d:51
9509;co;0.0048318717437754
9220;co;0.0041120535808255
3289;device;1c:bf:ce:15:ec:4d
3226;co;0.0049559386483912
5674;light;False
3046;light;False
6940;co;0.004053072401776
6979;temp;22.2
564;co;0.0045488731382352
130;smoke;0.0187864905644235
7911;temp;26.0
1604;smoke;0.0205527239204585
7556;lpg;0.0044940940618551
7805;lpg;0.0046278220095062
4686;smoke;0.0179857127558547
1687;temp;22.5
2773;lpg;0.0076508222705571
4847;lpg;0.0067077756921012
6471;temp;26.200000762939453
6514;lpg;0.0045470194416835
3964;co;0.0041428370924851
7039;co;0.0024336644897368
4199;lpg;0.0066695292280167
3106;motion;False
2306;humidity;76.0
5590;co;0.0048524215303587
8740;motion;False
371;motion;False
9210;humidity;51.9
9299;humidity;76.9000015258789
8505;humidity;75.19999694824219
4627;smoke;0.0113727124824279
8983;humidity;51.8
9802;humidity;74.69999694824219
7787;humidity;49.6
5659;temp;22.5
8014;co;0.004893967695043
1859;lpg;0.0077457647937444
7040;device;1c:bf:ce:15:ec:4d
8852;lpg;0.0067377785099037
4265;lpg;0.0076018827819844
909;motion;False
109;temp;27.0
7948;co;0.0048579256466937
4758;co;0.0041963133448826
913;lpg;0.0077441986636956
2362;co;0.0025006374216621
9068;co;0.0026125893477881
9515;co;0.0025630230072931
5560;device;1c:bf:ce:15:ec:4d
385;device;00:0f:00:70:91:0a
7011;smoke;0.0174734565755012
2409;humidity;51.3
5186;light;False
5185;lpg;0.0067636709711528
9645;device;1c:bf:ce:15:ec:4d
6245;temp;19.600000381469727
21;temp;19.700000762939453
5458;motion;False
4722;temp;19.799999237060547
1807;device;00:0f:00:70:91:0a
171;smoke;0.0205483746671258
8718;lpg;0.0075319861630051
8049;humidity;51.6
5755;humidity;76.4000015258789
8696;light;False
4899;lpg;0.0067205831642226
3237;smoke;0.0175917499283839
5609;lpg;0.0067550268598591
8997;lpg;0.0067636709711528
581;device;b8:27:eb:bf:9d:51
5614;humidity;76.69999694824219
2611;temp;22.6
4902;device;1c:bf:ce:15:ec:4d
7157;humidity;75.80000305175781
6207;motion;False
8901;smoke;0.0176994871144728
9776;light;False
8452;co;0.0041319273389256
3767;motion;False
1134;device;b8:27:eb:bf:9d:51
3966;temp;22.5
2924;co;0.0024336644897368
828;motion;False
8221;smoke;0.0119303264571011
3113;co;0.0023752603459049
7635;lpg;0.0046006971359771
9126;motion;False
4519;temp;22.5
5430;lpg;0.0068668765816904
2929;motion;False
4971;smoke;0.0177717486162276
4778;light;False
7899;humidity;76.80000305175781
1338;device;00:0f:00:70:91:0a
1582;motion;False
5047;temp;19.600000381469727
4162;lpg;0.0075768847665247
9765;humidity;76.9000015258789
8725;smoke;0.0201338885423252
936;humidity;76.0999984741211
4565;humidity;76.5999984741211
5188;light;False
5435;light;False
9681;temp;19.5
8478;device;1c:bf:ce:15:ec:4d
8448;temp;25.89999961853028
2341;humidity;51.3
1884;lpg;0.0047765452304121
4405;device;00:0f:00:70:91:0a
2446;temp;19.700000762939453
9338;temp;22.2
5476;temp;22.5
4304;light;False
3910;motion;False
9710;co;0.004053072401776
5772;light;False
5840;device;b8:27:eb:bf:9d:51
6261;light;False
7528;light;False
523;lpg;0.005114383400977
9632;lpg;0.0075271646756203
8398;co;0.0025281003762908
4879;temp;19.799999237060547
1847;co;0.0049860141621859
9399;light;False
1805;smoke;0.0179857127558547
5654;temp;22.5
3634;motion;False
9633;lpg;0.0048728443183326
5192;motion;False
2912;motion;False
4733;smoke;0.0115624422833889
7594;smoke;0.0202140213705187
826;light;True
732;lpg;0.0077734801307579
4130;light;False
697;temp;19.600000381469727
9407;smoke;0.0201077115336573
9571;humidity;76.9000015258789
9557;motion;False
2122;co;0.0050033799238147
7936;light;False
9885;light;False
8550;co;0.0048386974470605
1956;temp;19.5
507;temp;22.0
1297;light;False
7591;lpg;0.0075956408534875
3349;lpg;0.0066568387956212
630;humidity;75.4000015258789
3559;device;b8:27:eb:bf:9d:51
6895;light;True
8967;humidity;51.6
1670;lpg;0.0047765452304121
8465;smoke;0.0200591347672057
6004;motion;False
2044;light;False
8799;device;b8:27:eb:bf:9d:51
1083;device;b8:27:eb:bf:9d:51
7601;lpg;0.0066568387956212
4925;humidity;49.8
8359;motion;False
3910;co;0.0040886167952559
9057;temp;19.5
7479;temp;26.0
5118;smoke;0.020397692858462
5172;humidity;76.80000305175781
2749;co;0.0023752603459049
5739;temp;19.89999961853028
1435;humidity;76.4000015258789
5261;motion;False
7470;smoke;0.020169406451243
3240;temp;19.799999237060547
1928;device;00:0f:00:70:91:0a
2870;lpg;0.0076035014233669
5391;motion;False
702;co;0.0050529015411435
2458;humidity;77.69999694824219
1250;temp;19.700000762939453
7942;device;00:0f:00:70:91:0a
3214;light;False
8383;smoke;0.0200766477407693
6130;lpg;0.0045737634715293
6412;motion;False
1342;motion;False
8711;smoke;0.0176994871144728
3892;device;b8:27:eb:bf:9d:51
5883;motion;False
5344;light;False
8196;humidity;51.9
7127;temp;19.600000381469727
7635;light;False
4885;smoke;0.0201604721838528
2392;temp;22.5
9889;smoke;0.0174440934990321
8798;humidity;77.19999694824219
6245;co;0.0023882278102691
9150;device;b8:27:eb:bf:9d:51
8248;humidity;77.0
1380;smoke;0.0207143951187531
8463;device;b8:27:eb:bf:9d:51
9472;smoke;0.0199981378764085
4381;smoke;0.0201961740198341
9603;light;True
1871;temp;22.1
6296;light;False
7176;motion;False
9809;smoke;0.0200109186773366
2225;smoke;0.0123403138596551
8641;co;0.0025630230072931
5825;co;0.0040672474333429
1728;smoke;0.0178934841872677
4865;temp;26.39999961853028
664;motion;False
9756;device;1c:bf:ce:15:ec:4d
6914;co;0.0048593350714777
2326;lpg;0.0046644737448207
1928;smoke;0.0124454191086939
6399;co;0.0024140152182101
453;motion;False
7592;temp;26.0
8981;motion;False
1460;co;0.0026125893477881
5461;smoke;0.0179487535412632
9501;smoke;0.0174734565755012
7966;light;False
690;motion;False
667;motion;False
7933;light;False
4674;humidity;51.7
1647;humidity;77.5999984741211
9316;smoke;0.0174206947339584
8401;lpg;0.0066295623383128
4753;temp;22.6
5014;smoke;0.0202986359325295
6025;smoke;0.0115624422833889
8725;temp;21.7
5137;device;b8:27:eb:bf:9d:51
3219;smoke;0.0115624422833889
7069;motion;False
5184;device;b8:27:eb:bf:9d:51
9746;temp;25.700000762939453
2481;lpg;0.0067963024329069
9249;motion;False
466;temp;22.1
9535;light;True
9599;motion;False
4512;humidity;51.7
7039;lpg;0.0045737634715293
2664;temp;26.700000762939453
844;motion;False
6661;co;0.0040302365136399
5851;motion;False
4487;device;1c:bf:ce:15:ec:4d
2768;device;b8:27:eb:bf:9d:51
6303;co;0.0024140152182101
3828;temp;22.6
4280;temp;19.700000762939453
7457;lpg;0.0076112910912906
1458;motion;False
6415;light;False
4573;temp;22.5
1435;motion;False
6281;temp;19.700000762939453
1491;lpg;0.006952254607111
5943;light;False
1734;smoke;0.0123403138596551
3772;light;False
8091;temp;22.1
4085;motion;False
817;device;00:0f:00:70:91:0a
3638;lpg;0.0066149239787415
923;light;True
7021;smoke;0.0200546885263529
872;smoke;0.0126611899438631
6009;lpg;0.0045204634867867
5137;light;False
8006;smoke;0.0175147636368432
7898;motion;False
8486;co;0.0048209774997533
7558;device;1c:bf:ce:15:ec:4d
5478;smoke;0.0202362307170727
7196;temp;22.2
4865;humidity;76.80000305175781
3349;device;1c:bf:ce:15:ec:4d
7173;motion;False
4866;lpg;0.0044940940618551
9948;temp;25.700000762939453
9600;smoke;0.0176634876225796
9222;light;False
6029;lpg;0.0067205831642226
3560;light;False
6599;temp;22.5
953;smoke;0.0184333425756136
2107;motion;False
7939;temp;19.5
4565;smoke;0.0114671100131212
4764;device;b8:27:eb:bf:9d:51
4036;light;False
6338;humidity;76.80000305175781
4615;co;0.0041501596475173
4093;device;b8:27:eb:bf:9d:51
2212;humidity;51.3
4927;humidity;49.8
3012;smoke;0.0179857127558547
6305;light;False
3052;device;00:0f:00:70:91:0a
378;smoke;0.0204294358363917
9221;light;False
8983;smoke;0.0201162528732959
4848;device;b8:27:eb:bf:9d:51
7005;smoke;0.0117079514237597
4886;device;00:0f:00:70:91:0a
2825;motion;False
6148;motion;False
7829;motion;False
3306;smoke;0.0203212140625403
4796;light;False
6780;humidity;76.4000015258789
5643;device;00:0f:00:70:91:0a
508;lpg;0.005114383400977
4107;humidity;49.9
1590;motion;False
189;device;1c:bf:ce:15:ec:4d
906;temp;22.5
7595;motion;False
683;lpg;0.0070791835001313
7517;lpg;0.0075721307398094
6822;co;0.0040886167952559
2953;light;False
9170;lpg;0.0048728443183326
8981;lpg;0.0048728443183326
5533;humidity;51.9
4718;motion;False
6039;device;b8:27:eb:bf:9d:51
8192;smoke;0.0119303264571011
2178;smoke;0.0184269059272954
298;temp;22.5
6425;temp;26.200000762939453
8089;device;b8:27:eb:bf:9d:51
4888;device;1c:bf:ce:15:ec:4d
5084;device;1c:bf:ce:15:ec:4d
8462;smoke;0.0119303264571011
7097;smoke;0.0200766477407693
7323;smoke;0.0201207633534044
6454;lpg;0.0067832271499043
6773;light;False
7722;smoke;0.0202406027064674
6854;humidity;77.80000305175781
1489;light;True
464;smoke;0.0132748367048515
1669;co;0.0041944744901202
5771;motion;False
3836;light;False
5793;co;0.0048717472037065
8489;lpg;0.0075303065673937
3281;lpg;0.0076397267496981
9289;temp;22.2
4745;co;0.0049065952040098
5422;temp;26.39999961853028
6775;co;0.0023752603459049
3768;motion;False
1643;smoke;0.0206680277721092
8269;co;0.0041428370924851
5555;temp;22.5
9988;humidity;76.80000305175781
3187;smoke;0.0203213430618541
4057;lpg;0.0075613196579178
1361;smoke;0.0126062492917692
2984;lpg;0.0044940940618551
5810;co;0.0048662251126679
5086;co;0.0041428370924851
2875;temp;19.89999961853028
8243;light;False
9777;temp;21.8
3088;co;0.0023945478027282
7911;smoke;0.0175326349855198
5906;device;b8:27:eb:bf:9d:51
1268;temp;22.6
572;light;False
4125;smoke;0.0175917499283839
7953;co;0.0040442604223947
4193;device;b8:27:eb:bf:9d:51
9622;humidity;77.19999694824219
9984;motion;False
8766;lpg;0.007536483897959
7691;light;True
9228;smoke;0.0126062492917692
4772;co;0.0023499471250725
8557;light;False
9832;motion;False
2116;temp;19.600000381469727
2203;temp;22.5
7781;light;False
1387;humidity;77.5
7853;co;0.0048772764875949
3745;lpg;0.0076112910912906
8043;humidity;51.6
5627;co;0.0048551776360161
5218;light;False
5528;light;False
5905;humidity;75.19999694824219
6228;temp;19.600000381469727
6226;humidity;77.0
6387;co;0.0023752603459049
1540;temp;22.7
1656;temp;26.89999961853028
3207;motion;False
7255;light;False
9493;motion;True
571;temp;27.0
672;lpg;0.005114383400977
1444;light;True
1394;humidity;77.69999694824219
3128;co;0.0049460060247089
4238;humidity;51.7
4874;device;b8:27:eb:bf:9d:51
1008;smoke;0.0206726774602547
109;device;1c:bf:ce:15:ec:4d
2974;co;0.0041319273389256
7395;motion;False
7522;smoke;0.0174617042858233
8882;lpg;0.0075148565784832
1227;device;1c:bf:ce:15:ec:4d
3837;humidity;51.5
784;lpg;0.0070791835001313
7902;humidity;75.0
8554;smoke;0.0173973333429704
598;light;True
5200;device;b8:27:eb:bf:9d:51
6751;humidity;76.80000305175781
842;light;False
1587;smoke;0.0184591159636713
5572;light;False
193;light;False
9661;light;False
9019;light;False
9580;device;00:0f:00:70:91:0a
9302;temp;22.2
3754;lpg;0.0075909177305702
5347;light;False
2049;light;False
6240;humidity;77.0
3802;lpg;0.0076112910912906
7990;temp;19.39999961853028
8412;device;b8:27:eb:bf:9d:51
7092;humidity;50.3
9832;smoke;0.0200110908774994
6844;light;False
3026;smoke;0.0203525584970732
5781;light;False
8581;lpg;0.0075210186498806
7246;lpg;0.0044940940618551
2589;light;False
1185;device;1c:bf:ce:15:ec:4d
7321;co;0.0048387171088759
8947;temp;22.0
1386;co;0.0050470191209035
8977;lpg;0.0048728443183326
9582;co;0.0040886167952559
2282;lpg;0.0077004952607518
1534;smoke;0.0184462239080981
8656;lpg;0.0075426451456785
782;humidity;77.69999694824219
4958;motion;False
7552;lpg;0.0066045169749674
6865;lpg;0.0044940940618551
8649;light;False
4387;motion;False
3361;device;1c:bf:ce:15:ec:4d
7436;motion;False
9330;temp;22.2
6628;light;True
6138;humidity;77.30000305175781
7485;motion;False
5266;temp;26.299999237060547
3703;device;b8:27:eb:bf:9d:51
8029;humidity;51.5
5163;smoke;0.0115624422833889
7633;co;0.0049318500451388
3703;co;0.0049219728001591
6801;lpg;0.0075333389025806
733;device;1c:bf:ce:15:ec:4d
2815;lpg;0.0045204634867867
2874;co;0.0049502662115648
3297;device;1c:bf:ce:15:ec:4d
2237;smoke;0.0204796247023487
3086;lpg;0.0067963024329069
2571;co;0.0041428370924851
79;temp;27.0
3974;lpg;0.0067205831642226
216;smoke;0.0205434737368965
7993;humidity;52.1
5648;temp;19.89999961853028
9221;device;b8:27:eb:bf:9d:51
1128;humidity;51.1
8918;device;1c:bf:ce:15:ec:4d
8804;device;1c:bf:ce:15:ec:4d
8526;smoke;0.0178934841872677
907;temp;22.5
4273;device;b8:27:eb:bf:9d:51
3768;smoke;0.0175917499283839
9795;lpg;0.0075318196944464
1058;co;0.0050499593480372
9688;lpg;0.0066484303062243
2706;co;0.0049573759421707
6376;lpg;0.0067550268598591
5969;humidity;75.0999984741211
2104;humidity;77.5999984741211
1879;humidity;74.80000305175781
2549;lpg;0.0076460899271677
2174;light;True
1512;device;1c:bf:ce:15:ec:4d
5877;light;False
1437;temp;19.799999237060547
1952;smoke;0.0124454191086939
9383;device;00:0f:00:70:91:0a
3454;light;False
3569;smoke;0.0115624422833889
2253;smoke;0.0204886722277338
354;temp;27.0
3083;device;00:0f:00:70:91:0a
9260;light;False
9593;humidity;77.5999984741211
7562;humidity;77.5
3993;light;False
5141;humidity;76.69999694824219
3273;light;True
9162;device;00:0f:00:70:91:0a
7684;temp;19.5
726;humidity;78.0
8178;co;0.0048594437433679
6718;device;00:0f:00:70:91:0a
3251;light;True
6515;humidity;76.9000015258789
2562;temp;22.6
8496;light;True
7987;temp;26.0
9179;lpg;0.0066045169749674
8794;temp;21.8
349;smoke;0.0204932669527049
1854;smoke;0.0180352805174369
1137;light;False
685;motion;False
1106;co;0.0026563642321795
5816;humidity;50.7
2770;co;0.004956072305693
9810;smoke;0.0199760473709047
9246;light;True
3375;motion;False
3063;lpg;0.0067205831642226
6117;co;0.0048593350714777
2345;device;b8:27:eb:bf:9d:51
1211;device;b8:27:eb:bf:9d:51
1443;motion;False
4416;temp;26.5
7397;co;0.004864867973339
7477;temp;26.0
5842;lpg;0.0075348806378064
1223;smoke;0.0207567049919004
7793;temp;26.0
185;co;0.0044393227660596
2646;lpg;0.0068314233121212
718;smoke;0.0126062492917692
8763;motion;False
4761;light;False
6007;device;1c:bf:ce:15:ec:4d
3334;humidity;49.1
7000;device;1c:bf:ce:15:ec:4d
1790;smoke;0.0178934841872677
9023;lpg;0.0075503802217331
3858;motion;False
2979;co;0.0024140152182101
6635;humidity;52.1
8919;smoke;0.02010314137587
4628;device;1c:bf:ce:15:ec:4d
3041;light;False
8509;smoke;0.0179118847523365
9210;device;b8:27:eb:bf:9d:51
203;co;0.0050061986430026
1260;smoke;0.0124454191086939
2978;smoke;0.0203077991764449
9210;motion;False
443;humidity;74.5
5130;device;b8:27:eb:bf:9d:51
9336;smoke;0.0174440934990321
8375;device;b8:27:eb:bf:9d:51
8517;light;False
9882;light;False
8400;lpg;0.0075317975471891
4577;motion;False
9250;device;b8:27:eb:bf:9d:51
5904;temp;22.2
5256;temp;22.3
7412;lpg;0.0075768847665247
1876;motion;False
9931;co;0.004053072401776
6732;lpg;0.00750264417514
1981;lpg;0.0076876196172242
1454;temp;19.799999237060547
2084;smoke;0.0206035409862366
6946;light;True
6750;motion;False
7314;smoke;0.0201517337232859
5318;smoke;0.0116349259185682
8737;lpg;0.0067636709711528
5692;device;b8:27:eb:bf:9d:51
5035;temp;26.299999237060547
7828;co;0.004893967695043
6058;humidity;75.80000305175781
9283;temp;19.600000381469727
8777;light;False
6571;temp;22.5
2419;co;0.0024534975370069
6486;smoke;0.0115624422833889
786;smoke;0.0184526685948514
4610;humidity;51.7
3306;light;False
259;humidity;75.0999984741211
9726;lpg;0.0048146210446623
9687;light;False
5858;light;False
3431;smoke;0.0202767941416611
7987;lpg;0.0066232814614669
7915;temp;19.39999961853028
9132;motion;False
6336;humidity;52.1
1712;humidity;77.69999694824219
6089;lpg;0.0075565773875766
806;co;0.0050440915160408
9409;temp;25.799999237060547
7093;light;True
3421;device;1c:bf:ce:15:ec:4d
1199;smoke;0.0182990061331983
8891;co;0.0048250570886305
3980;smoke;0.0177355740302009
5361;temp;26.39999961853028
1798;motion;False
868;co;0.0026563642321795
6724;motion;False
2537;smoke;0.0203660999828123
686;lpg;0.0077669418918962
160;device;b8:27:eb:bf:9d:51
2893;lpg;0.0076192164486559
7121;device;b8:27:eb:bf:9d:51
5394;light;False
8287;co;0.0048455736062015
9667;humidity;49.8
6494;device;b8:27:eb:bf:9d:51
6450;motion;False
7850;motion;False
2500;humidity;76.0999984741211
1793;light;True
2831;lpg;0.0076524594874674
6596;motion;False
6103;device;b8:27:eb:bf:9d:51
9560;temp;19.600000381469727
4060;humidity;76.9000015258789
8682;light;False
3503;device;b8:27:eb:bf:9d:51
2635;lpg;0.0066568387956212
5629;motion;False
553;co;0.0050004310581172
7328;co;0.0040814793896792
1861;temp;22.1
3770;smoke;0.0115624422833889
3429;device;b8:27:eb:bf:9d:51
2608;light;False
6613;lpg;0.0067077756921012
5123;humidity;51.1
1858;smoke;0.0204750336202321
8157;smoke;0.0200415770544955
8918;co;0.0040442604223947
7619;humidity;75.19999694824219
439;device;1c:bf:ce:15:ec:4d
6894;lpg;0.0044940940618551
2994;temp;22.7
570;device;b8:27:eb:bf:9d:51
74;lpg;0.0069613537299617
9133;device;1c:bf:ce:15:ec:4d
2025;device;1c:bf:ce:15:ec:4d
3047;temp;19.89999961853028
2115;temp;22.4
2388;co;0.0049946710978715
6929;co;0.0048607500544767
8943;smoke;0.0124454191086939
2975;temp;19.89999961853028
4876;temp;19.799999237060547
628;lpg;0.005114383400977
7079;light;False
8122;temp;22.1
7963;lpg;0.0066316516618555
5927;lpg;0.0076082080210601
1008;humidity;51.1
6557;device;1c:bf:ce:15:ec:4d
4314;lpg;0.0067767008678073
2994;humidity;51.4
6437;temp;26.200000762939453
2014;co;0.0050134740829371
3720;light;True
5063;smoke;0.0177717486162276
8212;light;False
3449;device;00:0f:00:70:91:0a
9090;temp;19.5
1680;lpg;0.0067636709711528
7835;smoke;0.0201785153619932
6841;lpg;0.0044940940618551
3094;motion;False
1468;lpg;0.0067920617514425
490;light;True
1630;motion;False
8427;temp;19.700000762939453
1902;smoke;0.0124454191086939
8664;device;b8:27:eb:bf:9d:51
9775;light;True
5610;lpg;0.0044593962622784
3061;co;0.0049318500451388
1445;device;00:0f:00:70:91:0a
211;smoke;0.0132748367048515
5771;lpg;0.0067205831642226
9070;motion;False
6256;temp;22.3
4515;lpg;0.0075815397330603
9557;temp;19.700000762939453
593;temp;27.0
7247;motion;False
6654;co;0.0048524215303587
3148;co;0.0041428370924851
9985;temp;22.0
2941;device;b8:27:eb:bf:9d:51
5936;smoke;0.020169406451243
6409;motion;False
2744;smoke;0.020443038272213
2495;light;True
3849;motion;False
2324;co;0.0025559100369401
1628;motion;False
7230;smoke;0.0117079514237597
3920;motion;False
4114;light;False
6787;device;00:0f:00:70:91:0a
7177;light;False
2488;humidity;51.3
5140;light;False
9140;humidity;75.80000305175781
1327;co;0.0050294878786609
7174;humidity;51.4
7563;motion;False
2559;temp;22.6
2089;smoke;0.0206310761945679
2614;device;b8:27:eb:bf:9d:51
8941;device;1c:bf:ce:15:ec:4d
6291;temp;22.3
6494;light;False
3831;smoke;0.020213893182254
5325;temp;22.4
6057;motion;False
8745;lpg;0.0066822488026571
7291;smoke;0.0175206598743234
5258;light;False
1731;temp;22.4
6914;motion;False
3410;motion;False
9236;light;False
3969;smoke;0.0203077081148786
2560;temp;19.700000762939453
4452;smoke;0.0201517337232859
2665;humidity;76.4000015258789
6288;humidity;51.9
9777;light;False
5004;temp;26.39999961853028
6723;humidity;52.1
5301;lpg;0.0076018827819844
5794;temp;19.799999237060547
6695;device;b8:27:eb:bf:9d:51
6947;motion;False
3609;lpg;0.0076129121452132
5012;temp;26.39999961853028
437;humidity;74.5
8133;humidity;77.0
9742;motion;False
9420;device;1c:bf:ce:15:ec:4d
1882;lpg;0.0069070696010243
119;light;False
707;humidity;50.7
7708;humidity;49.5
6703;co;0.0048196881730686
1293;lpg;0.0077068726771779
1763;co;0.0026125893477881
7190;temp;19.600000381469727
1911;device;1c:bf:ce:15:ec:4d
6305;humidity;52.0
6325;smoke;0.0116349259185682
4129;smoke;0.017568015134972
1153;device;1c:bf:ce:15:ec:4d
5937;light;False
8207;temp;25.89999961853028
554;humidity;78.19999694824219
1166;smoke;0.0207563313675601
7524;co;0.0023752603459049
2341;device;b8:27:eb:bf:9d:51
7731;light;True
4177;light;False
2646;co;0.0042375849738603
5906;light;False
6799;lpg;0.0074965222473907
82;light;False
3877;humidity;51.6
6263;light;False
1909;smoke;0.0124454191086939
3784;humidity;76.4000015258789
3724;humidity;77.9000015258789
7799;co;0.0040601528180467
6078;temp;22.0
948;lpg;0.0077409315067857
5037;light;False
4685;motion;False
9508;smoke;0.0174206947339584
2555;temp;22.6
3553;temp;22.3
6959;motion;False
5638;motion;False
6006;co;0.0048884166908593
8960;motion;False
7198;lpg;0.0075441891745677
6950;light;False
8237;smoke;0.0179426755274454
7177;smoke;0.0117079514237597
6770;device;b8:27:eb:bf:9d:51
9264;humidity;77.0999984741211
7472;device;b8:27:eb:bf:9d:51
9657;co;0.0040886167952559
8273;device;b8:27:eb:bf:9d:51
4861;temp;22.5
4644;device;b8:27:eb:bf:9d:51
1635;co;0.0025281003762908
8732;smoke;0.0200942420579129
116;temp;27.0
5969;temp;19.600000381469727
5920;temp;26.299999237060547
9252;co;0.0048496770925245
889;lpg;0.0077409257584283
5440;light;False
5816;light;False
4871;lpg;0.0067636709711528
9112;humidity;77.0999984741211
4468;light;True
2408;humidity;51.3
7668;motion;False
6180;motion;False
1597;co;0.0025840713517823
5981;light;False
5334;light;False
5572;humidity;76.5999984741211
7880;device;1c:bf:ce:15:ec:4d
7176;temp;26.100000381469727
4486;motion;False
9182;co;0.0040372414796409
3874;motion;False
5374;motion;False
7333;light;False
7975;light;False
7173;light;True
5595;humidity;76.5999984741211
5983;lpg;0.0067205831642226
6556;light;False
2216;co;0.0049817186514974
6661;device;1c:bf:ce:15:ec:4d
9901;lpg;0.0049319175017362
8603;device;00:0f:00:70:91:0a
9428;motion;False
2733;temp;19.799999237060547
4266;temp;26.5
6229;light;True
6828;lpg;0.0075056524429795
2768;motion;False
5124;motion;False
9892;lpg;0.0075303065673937
8006;co;0.0040654761935274
7489;temp;19.700000762939453
5149;motion;False
1422;motion;False
1430;smoke;0.0180601254080464
4561;light;False
2031;temp;22.2
9214;device;1c:bf:ce:15:ec:4d
2231;device;b8:27:eb:bf:9d:51
2001;humidity;75.4000015258789
2239;device;b8:27:eb:bf:9d:51
771;light;False
6605;lpg;0.0044940940618551
4848;co;0.0048718220107159
1342;smoke;0.0206310761945679
8338;co;0.0040886167952559
9339;device;00:0f:00:70:91:0a
8283;device;b8:27:eb:bf:9d:51
6090;lpg;0.0045470194416835
2726;motion;False
4093;light;False
814;motion;False
9965;smoke;0.0200371354486201
7565;smoke;0.0203210488559958
6338;lpg;0.0067205831642226
9434;motion;False
2049;motion;False
7706;temp;21.9
4493;motion;False
2848;device;b8:27:eb:bf:9d:51
7020;lpg;0.0066045169749674
4336;temp;22.4
4501;co;0.004936096240538
2400;temp;22.6
8686;temp;21.7
6808;co;0.004053072401776
5811;light;False
9107;device;1c:bf:ce:15:ec:4d
9174;humidity;51.9
8988;device;00:0f:00:70:91:0a
3568;device;b8:27:eb:bf:9d:51
7264;lpg;0.0075287048894342
3476;humidity;75.9000015258789
9617;co;0.0048182875321695
8742;temp;25.89999961853028
7940;motion;False
3954;co;0.0048884568022186
3863;light;True
6878;smoke;0.0201032045381862
4312;humidity;76.4000015258789
8571;light;False
8170;humidity;51.6
6575;smoke;0.0116349259185682
722;temp;22.4
5474;co;0.0042451449959396
6655;smoke;0.0117329093168357
7677;lpg;0.0067702338624101
2031;device;b8:27:eb:bf:9d:51
9864;light;False
5625;smoke;0.0201428087789691
2636;co;0.0024140152182101
7518;light;False
9311;smoke;0.02010314137587
6919;smoke;0.0179118847523365
8982;humidity;76.9000015258789
7072;temp;22.0
2903;motion;False
3918;light;False
3796;light;False
9340;humidity;77.0
6419;temp;26.200000762939453
2388;lpg;0.0076940308620936
6171;temp;19.600000381469727
3329;co;0.0040743562798112
6638;motion;False
568;co;0.0027928260727185
5683;motion;False
2847;light;False
5089;co;0.0041174629906152
9101;smoke;0.0124454191086939
5843;motion;False
2646;motion;False
8348;smoke;0.0200810367015512
9448;humidity;77.4000015258789
5467;device;1c:bf:ce:15:ec:4d
3528;co;0.0049374982677249
7110;humidity;75.5999984741211
3930;lpg;0.0067205831642226
4300;device;b8:27:eb:bf:9d:51
8917;motion;False
3299;motion;False
7928;light;False
9932;co;0.0048441836997026
2098;lpg;0.0076747468017272
664;temp;22.3
6794;smoke;0.0201251638038531
8560;temp;22.0
8884;temp;22.0
5026;humidity;49.5
438;motion;False
8354;device;b8:27:eb:bf:9d:51
9000;humidity;51.8
8729;lpg;0.0075271646756203
9510;smoke;0.0124454191086939
5007;light;True
3030;device;1c:bf:ce:15:ec:4d
5640;temp;22.5
6972;device;b8:27:eb:bf:9d:51
553;smoke;0.0205527239204585
356;lpg;0.005114383400977
2927;smoke;0.0204112701224129
7591;device;b8:27:eb:bf:9d:51
8371;humidity;51.9
4551;humidity;76.5999984741211
7141;lpg;0.0044940940618551
6676;device;1c:bf:ce:15:ec:4d
5875;lpg;0.0075426451456785
1220;smoke;0.0190487037791198
2817;light;False
113;humidity;51.0
9201;smoke;0.0200415770544955
1906;light;False
6422;humidity;52.1
3411;smoke;0.0203345653728883
9106;temp;22.2
2270;smoke;0.012133257760378
2577;motion;False
7621;motion;False
729;lpg;0.0049918551404388
4402;motion;False
1040;device;b8:27:eb:bf:9d:51
1206;device;00:0f:00:70:91:0a
1183;device;00:0f:00:70:91:0a
7331;smoke;0.02010314137587
1368;smoke;0.0124454191086939
9985;co;0.0048441836997026
6203;lpg;0.0067077756921012
1576;lpg;0.0069070696010243
8661;light;True
1902;temp;19.5
6108;light;False
1843;lpg;0.0077036947698963
2696;motion;False
5514;smoke;0.0115624422833889
4462;temp;22.5
2920;smoke;0.0117079514237597
9812;motion;False
3393;light;False
5869;light;False
9612;smoke;0.020015290528299
3590;temp;26.600000381469727
8672;lpg;0.0066568387956212
9867;motion;False
8247;humidity;51.9
9728;motion;False
5689;smoke;0.0200987466601496
8506;light;False
4019;smoke;0.0201517337232859
4663;light;False
272;motion;False
4544;humidity;76.5
4124;humidity;75.5999984741211
2555;light;False
3670;humidity;51.6
9572;smoke;0.0126062492917692
8987;co;0.0048455539124078
3269;smoke;0.0202674190601752
9368;humidity;76.80000305175781
3676;temp;22.5
1157;motion;False
3407;device;b8:27:eb:bf:9d:51
4244;humidity;77.80000305175781
6887;temp;22.5
9398;humidity;76.19999694824219
7695;smoke;0.0118556469164645
1576;humidity;77.5999984741211
2280;humidity;51.3
464;motion;False
5231;co;0.0048690151305133
4708;temp;22.5
1785;lpg;0.0077198104149108
7555;humidity;77.19999694824219
722;co;0.0050222279081053
7208;smoke;0.0201961740198341
8650;device;1c:bf:ce:15:ec:4d
6307;temp;22.3
5859;smoke;0.0176875796197967
2991;humidity;76.5999984741211
9160;light;True
6545;device;b8:27:eb:bf:9d:51
3567;motion;False
7890;co;0.0024534975370069
8579;humidity;49.8
6441;smoke;0.0201870976426126
2643;device;00:0f:00:70:91:0a
4694;lpg;0.0044593962622784
9527;temp;22.3
5368;light;False
6807;motion;False
2450;smoke;0.0120312825089417
330;temp;22.4
1293;humidity;51.1
8280;device;b8:27:eb:bf:9d:51
133;motion;False
9363;smoke;0.0124454191086939
1504;lpg;0.0077230900881058
3580;device;1c:bf:ce:15:ec:4d
8021;device;b8:27:eb:bf:9d:51
4845;lpg;0.0044940940618551
2846;temp;22.6
3079;motion;False
4765;lpg;0.0044593962622784
3519;temp;26.600000381469727
229;temp;22.7
7403;light;False
8036;light;False
4345;co;0.0023752603459049
7700;humidity;49.6
5782;humidity;51.9
3814;humidity;51.6
1357;light;True
1677;light;True
9920;temp;22.0
5462;device;b8:27:eb:bf:9d:51
1261;temp;22.6
4057;co;0.0048759740548572
7684;humidity;74.69999694824219
9246;humidity;77.0
6261;co;0.0048566600187382
2208;humidity;77.9000015258789
4541;lpg;0.0075753179106622
8869;co;0.0048524215303587
8412;humidity;51.8
4167;temp;26.5
484;co;0.0042451449959396
3210;light;True
6531;motion;False
8890;smoke;0.0124454191086939
8605;lpg;0.0075488346670234
8529;humidity;77.0999984741211
1525;light;False
4981;device;1c:bf:ce:15:ec:4d
375;smoke;0.0204751255761782
1499;device;1c:bf:ce:15:ec:4d
2730;light;True
1030;humidity;77.80000305175781
5217;device;00:0f:00:70:91:0a
4946;humidity;76.9000015258789
5744;motion;False
2062;light;False
8448;humidity;76.9000015258789
9644;lpg;0.0049319175017362
2441;smoke;0.0180727226640154
5863;smoke;0.0202184882317654
8001;device;1c:bf:ce:15:ec:4d
2832;light;False
1634;temp;22.7
6568;lpg;0.0066568387956212
1353;motion;False
6969;light;True
5132;humidity;50.9
4979;motion;False
4414;motion;False
9086;device;00:0f:00:70:91:0a
775;smoke;0.0184269059272954
5843;co;0.0040886167952559
1781;temp;26.89999961853028
7948;motion;False
3149;lpg;0.0076144756691621
6739;humidity;76.4000015258789
7431;smoke;0.0116349259185682
5241;motion;False
942;humidity;51.1
8750;device;00:0f:00:70:91:0a
574;smoke;0.0205757967656393
3317;temp;19.700000762939453
5282;motion;False
9682;lpg;0.007536483897959
8806;humidity;75.5999984741211
9351;device;b8:27:eb:bf:9d:51
7545;co;0.004885653995797
9524;device;00:0f:00:70:91:0a
6872;motion;False
1332;lpg;0.0048146210446623
9150;temp;22.2
1187;co;0.0050120159086979
5447;co;0.0042074990028892
2445;motion;False
3871;smoke;0.0176994871144728
2287;lpg;0.0077004952607518
7580;temp;19.600000381469727
7903;co;0.0048414347549255
8093;light;False
277;device;b8:27:eb:bf:9d:51
6622;lpg;0.0044940940618551
8831;motion;False
7802;device;1c:bf:ce:15:ec:4d
3977;light;True
8783;lpg;0.0066568387956212
3201;motion;False
8652;device;b8:27:eb:bf:9d:51
2487;lpg;0.0067832271499043
1791;motion;False
5926;lpg;0.0075597118227908
3158;motion;False
9916;device;b8:27:eb:bf:9d:51
1600;motion;False
5803;co;0.0048940078586805
2711;smoke;0.0203708276726368
3767;device;b8:27:eb:bf:9d:51
6737;motion;False
9012;device;b8:27:eb:bf:9d:51
6159;lpg;0.0075519652352758
4222;device;1c:bf:ce:15:ec:4d
1244;smoke;0.0179118847523365
8724;lpg;0.0048146210446623
5349;smoke;0.0179857127558547
770;light;False
4709;motion;False
7620;motion;False
9090;lpg;0.0048146210446623
510;temp;27.0
1361;co;0.0026563642321795
6515;temp;26.200000762939453
3093;light;False
8336;motion;False
892;co;0.0026563642321795
3019;smoke;0.0202811127103627
8734;smoke;0.0174734565755012
450;motion;False
7286;motion;False
2671;motion;False
6079;co;0.0040886167952559
8785;lpg;0.0048146210446623
4465;smoke;0.0202450765650816
3967;co;0.0041102065970174
8052;smoke;0.0200942420579129
5613;lpg;0.0075442339178458
6646;motion;False
1961;temp;19.5
6302;smoke;0.0201207633534044
5134;temp;19.600000381469727
7738;lpg;0.0075909177305702
3000;temp;26.700000762939453
9971;motion;False
8262;humidity;51.8
2102;lpg;0.0047765452304121
3136;humidity;51.5
7353;motion;False
9955;lpg;0.0075287048894342
4947;device;b8:27:eb:bf:9d:51
6239;lpg;0.0075752729453086
2449;lpg;0.0076240381090246
1033;humidity;51.1
751;temp;19.600000381469727
7958;co;0.0048469245699355
7973;motion;False
8832;device;1c:bf:ce:15:ec:4d
490;temp;27.0
1191;temp;22.6
2471;co;0.0043103467828171
4673;light;True
2714;light;True
9760;temp;21.9
5790;device;1c:bf:ce:15:ec:4d
7688;device;1c:bf:ce:15:ec:4d
4348;co;0.0041501596475173
499;co;0.0049946710978715
94;light;False
4512;lpg;0.0075846416084486
2152;lpg;0.0076796384683714
1727;temp;19.700000762939453
3607;device;b8:27:eb:bf:9d:51
4902;co;0.0041428370924851
1139;motion;False
2302;light;False
9993;light;False
5436;light;False
6534;temp;26.200000762939453
273;device;b8:27:eb:bf:9d:51
2177;co;0.0049860141621859
9882;motion;False
617;light;False
3342;lpg;0.0066400346025462
4313;lpg;0.0075752729453086
3493;motion;False
9240;device;1c:bf:ce:15:ec:4d
9360;lpg;0.0075240853860714
7923;humidity;77.4000015258789
3971;temp;26.600000381469727
1817;temp;22.2
8606;smoke;0.0174206947339584
3862;temp;22.6
6607;temp;26.200000762939453
7632;lpg;0.0045737634715293
7581;lpg;0.0066568387956212
7075;smoke;0.0200986356004594
1608;lpg;0.0068668765816904
227;device;00:0f:00:70:91:0a
65;device;b8:27:eb:bf:9d:51
6906;lpg;0.0044940940618551
1832;smoke;0.0206128070530113
9586;device;b8:27:eb:bf:9d:51
1297;motion;False
229;lpg;0.007663726845802
7913;smoke;0.0175090450233445
9589;temp;22.2
6710;motion;False
9917;smoke;0.0199760473709047
1899;motion;False
885;light;False
2767;motion;False
4807;motion;False
1048;lpg;0.0070233371458773
5569;temp;22.5
196;light;False
8393;light;False
4573;co;0.0048954476288393
8077;humidity;51.5
8521;humidity;50.5
4853;light;False
5702;co;0.0048662251126679
1084;temp;19.700000762939453
3272;humidity;75.19999694824219
6849;humidity;52.1
863;humidity;51.1
1304;device;b8:27:eb:bf:9d:51
895;device;b8:27:eb:bf:9d:51
743;humidity;51.1
8706;smoke;0.020169406451243
9324;motion;False
2948;lpg;0.0076413290076014
8834;smoke;0.0201649944762089
8517;humidity;50.6
3551;device;00:0f:00:70:91:0a
7801;light;False
8750;humidity;75.4000015258789
6658;smoke;0.0199979505778642
1596;lpg;0.0077604102736857
2851;humidity;51.3
2219;smoke;0.0205436068490594
9843;lpg;0.0075410624871757
680;device;b8:27:eb:bf:9d:51
8243;humidity;75.5999984741211
88;co;0.0044678607855881
237;lpg;0.0076843815479598
5719;co;0.0023752603459049
8121;humidity;51.9
1149;temp;19.700000762939453
7569;co;0.0048967962230591
6315;humidity;76.19999694824219
3757;humidity;51.5
1396;temp;22.6
2992;co;0.0049660046837051
149;light;False
1144;lpg;0.0067963024329069
9478;temp;19.700000762939453
9710;device;1c:bf:ce:15:ec:4d
9225;smoke;0.0124454191086939
1196;humidity;78.19999694824219
834;humidity;75.9000015258789
504;device;1c:bf:ce:15:ec:4d
7468;humidity;76.19999694824219
4043;smoke;0.0174734565755012
3283;smoke;0.0175917499283839
3728;temp;19.799999237060547
9698;temp;21.9
3599;lpg;0.0044940940618551
1303;smoke;0.0124454191086939
4786;smoke;0.0202854414421301
1009;light;False
9224;lpg;0.0075133418571603
5215;device;b8:27:eb:bf:9d:51
6863;device;b8:27:eb:bf:9d:51
1380;humidity;51.1
7955;humidity;75.4000015258789
4999;device;b8:27:eb:bf:9d:51
3122;motion;False
2418;smoke;0.0179118847523365
8263;lpg;0.0075194803292363
5656;smoke;0.0115624422833889
3130;co;0.0024336644897368
1345;co;0.0026125893477881
3667;humidity;51.6
4944;humidity;75.5
9118;light;True
2158;smoke;0.0181099375964697
6125;motion;False
9961;lpg;0.0049319175017362
2301;humidity;51.3
1317;light;False
9649;co;0.0027009829693593
1153;smoke;0.0184012410013465
3076;humidity;77.0999984741211
9578;motion;False
4802;lpg;0.0068050622298836
21;device;00:0f:00:70:91:0a
3400;lpg;0.0066045169749674
456;lpg;0.0077004485462232
5502;temp;22.5
2471;temp;26.799999237060547
1883;humidity;49.1
5770;light;False
7221;co;0.0048496770925245
5230;lpg;0.0044940940618551
9961;light;False
8822;light;False
7169;co;0.0048510490887035
2447;motion;False
5049;device;1c:bf:ce:15:ec:4d
7951;co;0.0048717472037065
9094;light;False
5087;device;00:0f:00:70:91:0a
7958;light;False
418;temp;19.600000381469727
9657;temp;25.799999237060547
5196;device;00:0f:00:70:91:0a
5879;temp;26.299999237060547
4565;motion;False
152;temp;22.7
5051;smoke;0.0202762811497783
1219;temp;22.7
1128;smoke;0.0207563313675601
7036;smoke;0.0200634561543376
9352;lpg;0.0048146210446623
9835;temp;25.700000762939453
2485;motion;False
6060;motion;False
711;device;b8:27:eb:bf:9d:51
3928;light;True
5314;lpg;0.0075862558303191
412;motion;False
1625;co;0.0049846203684284
7151;lpg;0.0075163827317015
5207;motion;False
6358;lpg;0.0045204634867867
546;lpg;0.0077424735231271
6355;smoke;0.0179672218292789
3250;light;False
694;smoke;0.0181099375964697
7816;co;0.0040302365136399
7697;humidity;76.9000015258789
2150;motion;False
2888;lpg;0.0076444864671609
4775;light;False
7164;motion;False
1830;co;0.0050004310581172
8730;light;False
3280;lpg;0.0076349706002614
2105;smoke;0.0123403138596551
2769;humidity;76.5999984741211
5793;humidity;51.6
3302;device;1c:bf:ce:15:ec:4d
9935;humidity;76.9000015258789
3719;temp;22.5
7099;humidity;76.9000015258789
282;lpg;0.0076571965785195
1538;device;b8:27:eb:bf:9d:51
1175;device;b8:27:eb:bf:9d:51
9596;light;False
8282;device;1c:bf:ce:15:ec:4d
4698;temp;22.6
7955;smoke;0.0118556469164645
5591;device;b8:27:eb:bf:9d:51
2299;lpg;0.0076843815479598
3188;lpg;0.0066695292280167
2467;co;0.0049946710978715
7014;temp;26.100000381469727
9281;motion;False
6409;humidity;76.4000015258789
7652;lpg;0.0046278220095062
1553;humidity;76.30000305175781
5968;humidity;77.30000305175781
8310;light;False
8099;motion;False
9053;co;0.0026125893477881
5346;motion;False
1514;device;b8:27:eb:bf:9d:51
277;light;False
180;lpg;0.0051669233961359
2155;smoke;0.012133257760378
6881;device;b8:27:eb:bf:9d:51
5666;device;00:0f:00:70:91:0a
2328;lpg;0.0076876196172242
3883;lpg;0.0067205831642226
8652;co;0.0048648481895219
6755;light;True
873;smoke;0.0207706107577606
2945;light;False
2931;motion;False
9515;humidity;76.19999694824219
4511;humidity;76.5
9666;motion;False
2882;device;00:0f:00:70:91:0a
8262;light;False
7714;lpg;0.0076239607826938
2979;smoke;0.0117079514237597
6416;device;1c:bf:ce:15:ec:4d
7382;light;False
5805;co;0.0040886167952559
5939;light;False
1614;co;0.0043025874823535
4692;light;True
1817;device;b8:27:eb:bf:9d:51
6155;smoke;0.0201649944762089
4446;motion;False
1336;motion;False
377;device;00:0f:00:70:91:0a
6107;smoke;0.0179303078596507
5282;co;0.004875975649886
9491;light;False
6644;lpg;0.0044940940618551
4665;motion;False
4109;motion;False
7404;lpg;0.0075565773875766
2579;co;0.004971644949355
9642;temp;22.0
4955;device;00:0f:00:70:91:0a
7308;lpg;0.0075348806378064
7425;light;False
745;humidity;51.0
3622;device;1c:bf:ce:15:ec:4d
380;co;0.0049831115140933
6331;motion;False
4565;lpg;0.0044593962622784
2279;lpg;0.0046644737448207
7944;temp;26.0
5267;humidity;52.0
4976;co;0.0023752603459049
5812;humidity;50.9
7757;light;True
336;motion;False
2897;co;0.0023752603459049
9658;motion;False
1393;motion;False
7777;lpg;0.0076035784998995
402;light;True
6335;motion;False
6537;device;b8:27:eb:bf:9d:51
9861;smoke;0.0124454191086939
9483;temp;25.799999237060547
8446;smoke;0.0120312825089417
5283;humidity;76.5
634;light;False
3524;device;b8:27:eb:bf:9d:51
4045;co;0.0023499471250725
4171;smoke;0.0202719638064296
7541;co;0.0040442604223947
3855;motion;False
9595;temp;19.600000381469727
3751;humidity;77.0
8991;device;00:0f:00:70:91:0a
4770;co;0.0042074990028892
1932;motion;False
2558;smoke;0.0204934917316775
6063;co;0.0048731612317109
6902;light;False
5897;smoke;0.0201961740198341
5602;device;b8:27:eb:bf:9d:51
3099;motion;False
6649;motion;False
9060;lpg;0.0075210186498806
8190;co;0.0048648880790157
9002;motion;False
9271;lpg;0.0067205831642226
8073;co;0.004856571163389
2338;lpg;0.0067963024329069
8741;motion;False
3960;temp;19.799999237060547
8160;smoke;0.0201077115336573
9600;device;1c:bf:ce:15:ec:4d
214;motion;False
6522;lpg;0.0044593962622784
1649;humidity;75.5
541;light;False
7995;device;1c:bf:ce:15:ec:4d
9975;light;False
9728;co;0.0026125893477881
9925;light;True
131;smoke;0.0132748367048515
5;lpg;0.0076635772823724
4827;co;0.0041795987862793
3848;humidity;51.5
8606;co;0.0040372414796409
5602;smoke;0.0201251638038531
6726;device;1c:bf:ce:15:ec:4d
600;motion;False
4123;lpg;0.0075909177305702
6614;co;0.0023752603459049
8637;humidity;77.0
1585;lpg;0.0047765452304121
4839;device;1c:bf:ce:15:ec:4d
8941;lpg;0.0067077756921012
5922;humidity;75.19999694824219
7303;temp;22.3
9592;motion;False
9545;temp;25.799999237060547
3458;temp;22.2
2587;motion;False
92;motion;False
2260;co;0.0049616473710871
9446;motion;False
9169;humidity;77.0
7312;humidity;76.80000305175781
1235;co;0.0050222279081053
4509;motion;False
2250;temp;26.799999237060547
8526;temp;25.89999961853028
1731;smoke;0.0205207526761341
9432;humidity;51.8
2722;temp;26.700000762939453
8584;light;False
8059;motion;False
9228;co;0.0026563642321795
4696;humidity;76.80000305175781
2296;lpg;0.0076699643896225
9633;temp;19.600000381469727
1374;co;0.0026125893477881
8235;device;b8:27:eb:bf:9d:51
7688;co;0.0040993953844157
9597;temp;25.700000762939453
719;motion;False
5548;light;True
2563;smoke;0.0119303264571011
4505;light;False
996;device;1c:bf:ce:15:ec:4d
885;lpg;0.0049918551404388
4059;lpg;0.0075597118227908
5193;light;False
4097;light;False
4543;temp;22.5
1538;motion;False
6808;humidity;76.9000015258789
7663;humidity;49.7
8431;humidity;51.9
6487;smoke;0.0201162528732959
9319;humidity;76.0999984741211
7933;device;00:0f:00:70:91:0a
8295;motion;False
8387;humidity;51.9
7421;humidity;76.9000015258789
1920;motion;False
1894;motion;False
5246;light;False
3395;smoke;0.0203572824429145
6492;device;1c:bf:ce:15:ec:4d
4204;smoke;0.0115624422833889
7799;device;1c:bf:ce:15:ec:4d
3039;temp;26.700000762939453
5985;smoke;0.0117079514237597
9480;smoke;0.0174499614097241
8532;lpg;0.0075410624871757
8887;temp;21.9
1934;smoke;0.0205251871903791
1944;motion;False
4482;lpg;0.007592488472563
3297;humidity;77.0
5686;lpg;0.0067205831642226
8117;co;0.0041428370924851
6953;device;00:0f:00:70:91:0a
5786;light;True
889;device;b8:27:eb:bf:9d:51
785;motion;False
2318;co;0.0050236103335713
9887;light;False
6785;device;1c:bf:ce:15:ec:4d
769;smoke;0.0190555748527496
7140;device;b8:27:eb:bf:9d:51
1118;co;0.0026125893477881
6688;light;False
4471;light;True
4621;lpg;0.0076175937782167
991;humidity;76.0999984741211
9453;temp;22.2
5031;co;0.0023499471250725
4867;humidity;50.9
2383;motion;False
9790;humidity;76.9000015258789
5419;light;True
6839;smoke;0.0200766477407693
7917;temp;26.0
997;device;b8:27:eb:bf:9d:51
5574;smoke;0.0201517337232859
1534;temp;26.89999961853028
4059;motion;False
8706;co;0.0048800737788083
1203;temp;19.700000762939453
