134.0;-476.0;1;110.0;-26;1025.0;83;159.0;695.0;0.0;-436.0;-305.0;70.0;-920.0;57.0;-364.0;60.0;-838;34.0;8.0;-25.0;305.0;196.0;36;-1;971.0;486;-57.0;-951.0;251.0;112.0;75;974.0;1006.0;16;-996.0;-228.0;991.0;-64.0;596.0;-93.0;334.0;-316.0;675.0;-5;250.0;42;-776.0;-25.0;174;8;669.0;568.0;8;-2;-13.0;156.0;-85.0;-1.0;-232;-116.0;228.0;978.0;37;-16;937.0;-410.0;34.0;-66.0;-87;924.0;349;244.0;-114.0;11;-1;295.0;659.0;263.0;23.0;518.0;6.0;392.0;-974.0;611.0;486.0;-48.0;1028.0;-104.0;948.0;-37;-29;968.0;337.0;227.0;-128.0;64;-368.0;-886;-921.0;292.0;-29.0;-90.0;-947.0;-114.0;-36;-16;-14;716.0;-1;-151.0;8;-584.0;-11.0;281.0;-123.0;657.0;100.0;6.0;84.0;11;231.0;42.0;-9.0;267.0;-464.0;-379.0;370.0;183.0;734.0
-10.0;-460.0;2;152.0;-26;1066.0;83;79.0;696.0;60.0;-417.0;-264.0;91.0;-901.0;10.0;-392.0;-77.0;-814;60.0;66.0;-80.0;297.0;126.0;18;-9;956.0;498;-39.0;-949.0;251.0;126.0;72;943.0;1006.0;16;-989.0;-216.0;1039.0;28.0;600.0;-113.0;299.0;-439.0;693.0;9;259.0;42;-775.0;-79.0;174;20;678.0;590.0;9;1;-55.0;210.0;-39.0;10.0;-246;-233.0;290.0;1041.0;24;-15;913.0;-464.0;-126.0;259.0;-106;1007.0;368;249.0;-124.0;8;-1;356.0;650.0;391.0;113.0;530.0;-69.0;409.0;-967.0;601.0;437.0;102.0;1014.0;-18.0;946.0;-24;-29;927.0;273.0;393.0;127.0;74;-305.0;-881;-873.0;323.0;-135.0;156.0;-895.0;-170.0;-18;-15;-17;724.0;-9;1.0;20;-612.0;51.0;322.0;-118.0;583.0;210.0;18.0;-20.0;8;281.0;69.0;136.0;330.0;-524.0;-194.0;387.0;74.0;703.0
-1.0;-474.0;-3;154.0;-26;1034.0;83;81.0;710.0;56.0;-422.0;-234.0;63.0;-879.0;56.0;-396.0;-31.0;-822;-56.0;30.0;-47.0;262.0;158.0;-19;38;961.0;493;-33.0;-974.0;207.0;120.0;73;953.0;1025.0;16;-1001.0;-240.0;1023.0;85.0;633.0;-135.0;357.0;-410.0;707.0;3;259.0;42;-783.0;-63.0;174;7;661.0;576.0;9;-2;-55.0;212.0;-71.0;-21.0;-253;-219.0;289.0;1028.0;-32;8;923.0;-472.0;-58.0;7.0;-106;995.0;360;228.0;-113.0;20;3;380.0;658.0;360.0;-8.0;520.0;-63.0;387.0;-992.0;592.0;418.0;-7.0;1026.0;-65.0;948.0;32;-29;981.0;268.0;368.0;-117.0;67;-285.0;-884;-890.0;338.0;-94.0;-95.0;-923.0;-123.0;19;8;-17;712.0;38;-3.0;7;-597.0;134.0;300.0;-89.0;603.0;197.0;94.0;-23.0;20;299.0;68.0;6.0;316.0;-502.0;-217.0;353.0;78.0;698.0
473.0;-793.0;-105;111.0;-22;862.0;66;211.0;747.0;59.0;-17.0;-133.0;167.0;-634.0;-151.0;-44.0;527.0;-779;-196.0;-227.0;228.0;703.0;301.0;-38;-414;833.0;444;-45.0;-535.0;-267.0;81.0;-30;1043.0;902.0;19;-733.0;-220.0;886.0;-578.0;476.0;-81.0;520.0;97.0;522.0;19;-143.0;-18;-671.0;220.0;-152;-297;656.0;432.0;9;-48;-663.0;27.0;-536.0;-502.0;-394;229.0;-180.0;701.0;-196;-22;871.0;-439.0;842.0;797.0;-177;225.0;386;502.0;153.0;64;-69;-2.0;628.0;19.0;549.0;206.0;-614.0;670.0;-807.0;717.0;692.0;-254.0;809.0;-373.0;1186.0;196;-24;839.0;346.0;-178.0;1638.0;52;-565.0;-899;-1042.0;445.0;268.0;726.0;-952.0;-248.0;38;-22;-17;710.0;-414;-118.0;-297;-550.0;382.0;159.0;280.0;849.0;-447.0;845.0;349.0;64;-195.0;-51.0;-354.0;501.0;-197.0;-1108.0;291.0;94.0;792.0
274.0;-524.0;0;-871.0;-30;1086.0;-7;-402.0;-653.0;83.0;418.0;-388.0;-690.0;-311.0;47.0;-905.0;150.0;-816;4.0;14.0;477.0;358.0;28.0;18;37;908.0;508;53.0;-936.0;-563.0;264.0;28;308.0;1035.0;19;-951.0;-394.0;956.0;302.0;-351.0;-43.0;-213.0;-402.0;-398.0;-7;235.0;40;169.0;63.0;-19;-12;739.0;-109.0;10;2;72.0;532.0;-275.0;56.0;-270;-160.0;717.0;989.0;-29;-102;882.0;272.0;105.0;-293.0;-149;929.0;363;1037.0;-137.0;-70;8;769.0;-371.0;243.0;-122.0;89.0;233.0;915.0;-980.0;-441.0;584.0;87.0;1000.0;-81.0;-118.0;29;-31;960.0;348.0;349.0;-459.0;68;-85.0;-867;-202.0;-715.0;424.0;-369.0;-894.0;-564.0;-18;-102;-16;-692.0;37;129.0;-12;630.0;113.0;457.0;-191.0;-208.0;421.0;23.0;316.0;-70;838.0;30.0;-143.0;420.0;661.0;-399.0;800.0;276.0;-431.0
547.0;-763.0;-133;552.0;-29;1019.0;10;194.0;768.0;67.0;-502.0;-290.0;511.0;-890.0;-153.0;-788.0;457.0;-806;-46.0;3.0;-319.0;581.0;52.0;572;-35;991.0;435;-380.0;-914.0;-523.0;147.0;116;129.0;1053.0;13;-827.0;191.0;1080.0;556.0;196.0;-150.0;-232.0;-375.0;523.0;33;281.0;-45;-637.0;52.0;37;0;682.0;303.0;5;-198;77.0;754.0;-230.0;247.0;-310;15.0;344.0;893.0;-46;251;718.0;-328.0;209.0;-901.0;-271;818.0;352;-189.0;-433.0;-1128;-2;976.0;487.0;381.0;-346.0;167.0;-74.0;743.0;-851.0;318.0;407.0;-130.0;975.0;-250.0;-415.0;46;-28;1073.0;-29.0;260.0;659.0;77;-160.0;-747;150.0;630.0;-173.0;-524.0;-962.0;-767.0;-572;251;114;791.0;-35;-304.0;0;-575.0;881.0;363.0;-188.0;469.0;442.0;199.0;373.0;-1128;569.0;61.0;-520.0;441.0;-596.0;-442.0;228.0;298.0;660.0
101.0;-436.0;-4;631.0;-23;1028.0;-94;23.0;728.0;-70.0;621.0;-210.0;476.0;1.0;157.0;-654.0;134.0;-827;139.0;-73.0;-262.0;449.0;157.0;5;-29;1017.0;481;165.0;-895.0;-738.0;124.0;75;944.0;998.0;19;-998.0;65.0;931.0;-266.0;102.0;-153.0;-14.0;-361.0;580.0;-4;-378.0;-29;-355.0;-15.0;-12;-12;452.0;457.0;3;-9;-255.0;376.0;-424.0;-27.0;-262;-219.0;79.0;1020.0;-21;-12;913.0;21.0;437.0;289.0;-36;619.0;339;932.0;402.0;11;2;522.0;603.0;339.0;257.0;-11.0;-96.0;942.0;-955.0;560.0;669.0;705.0;908.0;-276.0;703.0;21;-29;1015.0;-248.0;282.0;412.0;69;-384.0;-902;-884.0;826.0;-346.0;431.0;-955.0;-625.0;-5;-12;-22;751.0;-29;100.0;-12;-516.0;92.0;197.0;103.0;209.0;-76.0;-327.0;90.0;11;130.0;-108.0;465.0;346.0;-524.0;-784.0;536.0;121.0;564.0
309.0;-656.0;492;-521.0;-72;1310.0;58;27.0;-775.0;-151.0;115.0;-388.0;-441.0;-517.0;-147.0;-525.0;403.0;-767;189.0;430.0;290.0;585.0;149.0;111;-573;1272.0;485;165.0;-1248.0;-285.0;265.0;-46;1237.0;1388.0;33;-1188.0;-26.0;1068.0;77.0;130.0;-8.0;-20.0;-425.0;-582.0;137;68.0;79;629.0;-82.0;164;-1688;727.0;330.0;-3;73;-1318.0;331.0;-539.0;586.0;-151;-198.0;420.0;1323.0;-5431;61;998.0;-287.0;35.0;124.0;-36;913.0;511;598.0;-86.0;32;-189;544.0;-552.0;156.0;71.0;-252.0;-487.0;786.0;-1276.0;-571.0;582.0;194.0;1168.0;-237.0;1174.0;5431;-37;1312.0;51.0;360.0;-98.0;241;-512.0;-870;-929.0;-581.0;273.0;-101.0;-1169.0;-559.0;-111;61;21;-781.0;-573;19.0;-1688;626.0;277.0;519.0;189.0;-422.0;144.0;297.0;181.0;32;548.0;74.0;433.0;218.0;649.0;-686.0;406.0;168.0;-626.0
196.0;-482.0;4;-712.0;-35;967.0;-27;-588.0;-729.0;-80.0;653.0;-103.0;-391.0;-266.0;-158.0;-663.0;497.0;-834;194.0;-195.0;25.0;371.0;102.0;27;-10;1028.0;511;-282.0;-188.0;-802.0;-74.0;105;849.0;932.0;22;-870.0;163.0;923.0;-430.0;457.0;-247.0;368.0;-347.0;-689.0;-5;382.0;57;372.0;169.0;-9;21;-61.0;582.0;5;-5;46.0;389.0;-759.0;-98.0;-233;-95.0;295.0;866.0;-26;8;819.0;-329.0;985.0;166.0;-59;-102.0;360;1030.0;-284.0;-4;-1;501.0;-725.0;515.0;147.0;-1.0;-81.0;835.0;-882.0;-524.0;605.0;225.0;587.0;-544.0;672.0;26;-34;983.0;92.0;213.0;226.0;62;-318.0;-873;-782.0;-849.0;34.0;266.0;-961.0;-749.0;-27;8;-13;-668.0;-10;-252.0;21;561.0;225.0;-8.0;-38.0;-520.0;-212.0;195.0;35.0;-4;322.0;-377.0;-26.0;449.0;97.0;-983.0;515.0;115.0;-609.0
139.0;-794.0;13;-596.0;-19;515.0;-89;-1005.0;-908.0;-425.0;-294.0;-256.0;-667.0;-562.0;0.0;-161.0;357.0;-842;594.0;-225.0;461.0;-75.0;717.0;-1294;-9;889.0;-200;72.0;-813.0;-729.0;186.0;114;103.0;1023.0;17;-773.0;-302.0;696.0;446.0;-263.0;-35.0;-379.0;-407.0;-457.0;839;-253.0;44;802.0;-220.0;-134;62;494.0;92.0;8;-872;-236.0;-249.0;-304.0;-757.0;-205;-249.0;950.0;926.0;-22;-333;1490.0;69.0;203.0;1277.0;903;949.0;344;-232.0;49.0;-89;-65;-3.0;-428.0;232.0;549.0;32.0;-522.0;728.0;-402.0;0.0;253.0;95.0;1012.0;-184.0;-14.0;22;-33;864.0;61.0;303.0;1618.0;69;-684.0;-1163;85.0;-740.0;402.0;1125.0;-855.0;-781.0;1294;-333;262;-716.0;-9;276.0;62;329.0;-116.0;267.0;659.0;-177.0;619.0;-74.0;205.0;-89;966.0;-49.0;420.0;151.0;648.0;-486.0;-273.0;165.0;-430.0
65.0;-725.0;1198;-484.0;-27;567.0;-101;-886.0;-891.0;-226.0;-454.0;-198.0;-417.0;-603.0;67.0;-207.0;58.0;-1021;495.0;-228.0;280.0;613.0;662.0;13;460;718.0;482;112.0;-1036.0;-371.0;48.0;0;-228.0;744.0;32;-957.0;67.0;659.0;512.0;220.0;-371.0;9.0;-388.0;-569.0;15;-299.0;132;869.0;54.0;-155;768;678.0;404.0;10;-39;-362.0;-240.0;-218.0;-279.0;-1180;-508.0;984.0;946.0;320;31;1068.0;-350.0;133.0;886.0;-102;945.0;-589;-415.0;104.0;-4;-492;194.0;-530.0;421.0;74.0;-246.0;-384.0;641.0;-570.0;-3.0;390.0;193.0;1031.0;-62.0;-139.0;-320;-31;714.0;-22.0;540.0;-17.0;-66;-598.0;-881;88.0;-569.0;184.0;242.0;-656.0;-661.0;-13;31;-9;-797.0;460;-874.0;768;342.0;-215.0;318.0;492.0;-489.0;811.0;-194.0;85.0;-4;1071.0;196.0;435.0;-60.0;613.0;-323.0;-182.0;96.0;-684.0
-61.0;-245.0;-73;798.0;-33;695.0;2;491.0;539.0;671.0;343.0;-374.0;782.0;-213.0;-80.0;9.0;139.0;-763;-161.0;350.0;-559.0;-246.0;288.0;4118;-689;556.0;3534;-60.0;-1082.0;-260.0;513.0;160;906.0;791.0;16;-1100.0;729.0;1388.0;-306.0;-348.0;-231.0;-216.0;-310.0;186.0;-1864;-477.0;-58;83.0;-35.0;-3;1350;631.0;-239.0;8;-2122;2308.0;-98.0;-165.0;620.0;32;-349.0;267.0;679.0;4149;172;977.0;324.0;233.0;-951.0;-2417;575.0;-264;593.0;597.0;1219;402;364.0;196.0;323.0;-179.0;-381.0;1150.0;559.0;-1171.0;4.0;555.0;-2540.0;744.0;106.0;874.0;-4149;-32;546.0;-594.0;340.0;-3995.0;507;-459.0;-1012;-1327.0;704.0;-595.0;-2850.0;-1024.0;-311.0;-4118;172;-1907;342.0;-689;-246.0;1350;-359.0;281.0;298.0;107.0;-250.0;8.0;-254.0;204.0;1219;195.0;-119.0;-2488.0;786.0;-545.0;-222.0;542.0;145.0;13.0
418.0;-442.0;149;4.0;-56;942.0;2;122.0;704.0;233.0;-249.0;-276.0;90.0;-721.0;150.0;-526.0;424.0;-923;-338.0;289.0;62.0;1846.0;465.0;42;-1518;1095.0;464;612.0;-1258.0;108.0;158.0;-35;1219.0;1170.0;66;-1195.0;-220.0;1338.0;105.0;261.0;-273.0;278.0;-470.0;661.0;271;259.0;97;833.0;-434.0;-99;-3513;985.0;222.0;40;519;-1796.0;-34.0;-374.0;115.0;-549;161.0;958.0;1026.0;-4927;-30;2087.0;-144.0;312.0;-408.0;-4;858.0;1079;571.0;209.0;-30;-615;163.0;670.0;261.0;-233.0;-565.0;-912.0;715.0;-1214.0;-512.0;896.0;1248.0;1065.0;-404.0;1318.0;4927;-58;1155.0;363.0;-93.0;-495.0;-290;-949.0;-910;-1131.0;-285.0;114.0;-118.0;-1280.0;-250.0;-42;-30;171;706.0;-1518;-126.0;-3513;-553.0;713.0;291.0;-395.0;-687.0;-294.0;120.0;252.0;-30;170.0;341.0;978.0;-734.0;357.0;-728.0;871.0;-83.0;736.0
-51.0;-608.0;0;374.0;-24;757.0;100;96.0;-835.0;42.0;169.0;86.0;-636.0;-433.0;274.0;-81.0;29.0;-818;98.0;-65.0;620.0;407.0;585.0;20;23;1008.0;491;176.0;-933.0;-274.0;57.0;26;946.0;1091.0;18;-993.0;-533.0;990.0;-254.0;109.0;-195.0;196.0;-278.0;-231.0;-8;-22.0;-68;-731.0;39.0;-42;-12;887.0;-109.0;1;0;10.0;-214.0;-479.0;-1.0;-257;-192.0;358.0;988.0;3;2;877.0;-112.0;376.0;89.0;-69;737.0;367;935.0;275.0;-1;5;-22.0;-315.0;14.0;62.0;-548.0;-34.0;984.0;-789.0;500.0;920.0;123.0;839.0;-201.0;1012.0;-3;-29;999.0;-313.0;174.0;107.0;67;-736.0;-890;-957.0;-220.0;717.0;147.0;-953.0;28.0;-20;2;-19;-483.0;23;121.0;-12;452.0;29.0;216.0;-12.0;-802.0;-49.0;-50.0;-92.0;-1;301.0;101.0;140.0;360.0;94.0;-646.0;792.0;-271.0;-167.0
33.0;-443.0;136;-408.0;-38;1144.0;115;-165.0;723.0;350.0;-518.0;-314.0;269.0;-743.0;17.0;-821.0;-29.0;-920;-480.0;549.0;-254.0;290.0;-122.0;4;3790;927.0;541;151.0;-937.0;429.0;20.0;30;483.0;1000.0;27;-952.0;585.0;985.0;89.0;360.0;-157.0;662.0;-510.0;-604.0;260;344.0;-6;781.0;-428.0;-46;2215;727.0;106.0;-4;5;2537.0;515.0;-162.0;434.0;-346;-365.0;328.0;1125.0;3479;-94;926.0;-186.0;-30.0;-1465.0;-174;951.0;1346;235.0;192.0;-165;-420;1026.0;-624.0;244.0;-790.0;612.0;2016.0;226.0;-1102.0;-432.0;585.0;-3831.0;1082.0;-91.0;613.0;-3479;-24;912.0;336.0;365.0;-3169.0;-666;-299.0;-943;-652.0;150.0;-338.0;-2211.0;-754.0;388.0;-4;-94;-72;-453.0;3790;-73.0;2215;-496.0;337.0;340.0;-298.0;719.0;333.0;841.0;4.0;-165;775.0;10.0;-3105.0;341.0;-293.0;-436.0;492.0;29.0;-669.0
-10.0;-498.0;-741;-467.0;-47;1060.0;115;-89.0;749.0;316.0;-512.0;-277.0;243.0;-773.0;-133.0;-754.0;-7.0;-1058;-457.0;511.0;-229.0;366.0;-79.0;33;4754;1058.0;429;45.0;-966.0;410.0;-13.0;40;593.0;1109.0;17;-986.0;559.0;999.0;52.0;397.0;-136.0;645.0;-597.0;-618.0;180;325.0;-4;769.0;-313.0;-44;2335;733.0;172.0;-4;57;2546.0;589.0;-163.0;403.0;-1046;-430.0;443.0;1111.0;3454;7;914.0;-215.0;-81.0;-1463.0;-136;1036.0;657;241.0;161.0;96;413;829.0;-641.0;280.0;-726.0;606.0;1947.0;232.0;-1097.0;-406.0;581.0;-3613.0;1027.0;-176.0;524.0;-3454;-24;1045.0;288.0;364.0;-2441.0;-308;-193.0;-886;-631.0;175.0;-318.0;-2059.0;-790.0;355.0;-33;7;26;-473.0;4754;-53.0;2335;-501.0;406.0;310.0;-250.0;713.0;225.0;385.0;-37.0;96;788.0;1.0;-2597.0;381.0;-308.0;-412.0;461.0;98.0;-677.0
105.0;-7.0;20;215.0;-26;844.0;-166;-62.0;435.0;239.0;-497.0;-72.0;451.0;-418.0;16.0;-581.0;168.0;-696;-24.0;-173.0;-231.0;384.0;381.0;-36;-2432;1072.0;467;-196.0;-921.0;433.0;-292.0;-19;953.0;892.0;24;-1048.0;476.0;964.0;-261.0;39.0;-445.0;763.0;-642.0;-488.0;-15;380.0;-123;756.0;49.0;-48;2947;616.0;369.0;2;5;-158.0;173.0;-638.0;-192.0;-312;-448.0;276.0;1131.0;-1989;-81;931.0;185.0;345.0;513.0;-79;781.0;409;-194.0;447.0;-52;7;523.0;-762.0;754.0;65.0;558.0;-285.0;25.0;-902.0;-428.0;468.0;582.0;806.0;-125.0;819.0;1989;-27;945.0;706.0;361.0;273.0;133;-563.0;-908;-856.0;-122.0;-518.0;445.0;-907.0;569.0;36;-81;-24;-374.0;-2432;-384.0;2947;-409.0;45.0;190.0;-734.0;820.0;-185.0;-343.0;-28.0;-52;305.0;222.0;568.0;305.0;29.0;-648.0;526.0;-121.0;-539.0
329.0;-238.0;-17;79.0;-28;1013.0;140;-142.0;-568.0;-267.0;-575.0;-277.0;-206.0;-714.0;-234.0;-1313.0;341.0;-870;66.0;-177.0;164.0;-43.0;237.0;-29;-11;853.0;469;-135.0;-1011.0;500.0;181.0;-6;808.0;946.0;18;-980.0;-553.0;1028.0;-126.0;254.0;-69.0;682.0;-405.0;485.0;-42;-366.0;162;-785.0;198.0;-117;-36;595.0;122.0;12;-69;-91.0;562.0;-359.0;-326.0;-232;-208.0;336.0;930.0;-18;48;701.0;-6.0;215.0;296.0;-44;880.0;362;-256.0;-408.0;50;-89;745.0;565.0;298.0;-71.0;-576.0;-59.0;187.0;-1028.0;460.0;612.0;591.0;1015.0;-116.0;357.0;18;-27;875.0;-502.0;341.0;354.0;33;-412.0;-887;-736.0;11.0;289.0;349.0;-969.0;291.0;29;48;-1;589.0;-11;122.0;-36;540.0;-325.0;431.0;-276.0;-783.0;19.0;-537.0;260.0;50;428.0;33.0;747.0;521.0;234.0;-514.0;337.0;297.0;799.0
435.0;-224.0;6;159.0;-27;1060.0;140;-188.0;-582.0;-40.0;-623.0;-444.0;-187.0;-603.0;-190.0;-1067.0;237.0;-843;136.0;-32.0;169.0;558.0;17.0;37;-131;855.0;476;-178.0;-865.0;427.0;228.0;-3;595.0;958.0;18;-859.0;-569.0;848.0;36.0;221.0;-16.0;684.0;-483.0;461.0;-5;-419.0;162;-839.0;-316.0;-116;-25;651.0;126.0;11;1;25.0;546.0;-332.0;-54.0;-224;-221.0;437.0;912.0;20;-43;942.0;-7.0;246.0;248.0;-55;801.0;351;-365.0;-386.0;-31;5;805.0;582.0;515.0;148.0;-542.0;150.0;183.0;-1021.0;349.0;659.0;-585.0;926.0;-70.0;159.0;-20;-27;928.0;-420.0;492.0;132.0;59;-203.0;-898;-479.0;-10.0;285.0;258.0;-795.0;222.0;-37;-43;-18;556.0;-131;-308.0;-25;557.0;-5.0;504.0;-187.0;-790.0;97.0;-673.0;421.0;-31;648.0;-49.0;475.0;199.0;285.0;-570.0;322.0;336.0;819.0
43.0;50.0;-2;-182.0;-21;1028.0;122;6.0;-486.0;-165.0;-590.0;-277.0;-206.0;-790.0;196.0;-356.0;254.0;-831;321.0;145.0;137.0;346.0;201.0;-64;-74;856.0;529;118.0;-981.0;586.0;238.0;2;960.0;969.0;23;-995.0;-474.0;995.0;47.0;444.0;-101.0;602.0;-303.0;625.0;66;-467.0;-110;-789.0;-48.0;-143;-15;487.0;329.0;8;16;-191.0;156.0;-291.0;148.0;-259;-348.0;352.0;982.0;-8;306;906.0;-118.0;10.0;-518.0;-197;954.0;351;-296.0;-311.0;156;10;410.0;634.0;249.0;-207.0;-659.0;-198.0;138.0;-999.0;498.0;429.0;-201.0;962.0;-32.0;932.0;8;-28;868.0;-614.0;359.0;-532.0;62;-385.0;-926;-875.0;-36.0;251.0;-586.0;-989.0;332.0;64;306;-83;595.0;-74;51.0;-15;411.0;-45.0;383.0;-681.0;-716.0;97.0;258.0;143.0;156;340.0;53.0;-288.0;347.0;229.0;-316.0;340.0;144.0;710.0
158.0;-73.0;-2;-110.0;-21;1028.0;122;2.0;-547.0;-55.0;-609.0;-315.0;-147.0;-889.0;212.0;-304.0;69.0;-833;77.0;-51.0;128.0;265.0;259.0;-5;-20;955.0;488;66.0;-952.0;546.0;147.0;3;952.0;1027.0;23;-988.0;-412.0;1008.0;-107.0;488.0;-135.0;539.0;-389.0;639.0;1;-420.0;-110;-815.0;49.0;-144;19;494.0;380.0;8;-4;61.0;136.0;-294.0;22.0;-258;-181.0;415.0;1006.0;41;-69;905.0;-188.0;33.0;287.0;-147;956.0;341;-357.0;-242.0;-23;-2;231.0;637.0;220.0;181.0;-642.0;96.0;227.0;-932.0;515.0;444.0;258.0;945.0;-134.0;933.0;-41;-30;986.0;-571.0;251.0;195.0;64;-360.0;-880;-891.0;-81.0;208.0;250.0;-901.0;241.0;5;-69;-17;639.0;-20;28.0;19;444.0;-103.0;347.0;-488.0;-711.0;110.0;-364.0;84.0;-23;321.0;143.0;367.0;374.0;277.0;-287.0;297.0;132.0;726.0
169.0;-4.0;1;-152.0;-21;1000.0;122;122.0;-516.0;99.0;-606.0;-276.0;-186.0;-825.0;229.0;-353.0;110.0;-825;-118.0;2.0;153.0;356.0;239.0;8;54;967.0;485;123.0;-961.0;571.0;153.0;2;971.0;1032.0;23;-990.0;-448.0;1011.0;-19.0;461.0;-97.0;580.0;-352.0;630.0;6;-448.0;-110;-803.0;-74.0;-144;-2;484.0;344.0;8;0;-54.0;97.0;-316.0;-38.0;-264;-192.0;327.0;1006.0;-3;-38;905.0;-152.0;25.0;29.0;-166;945.0;350;-347.0;-288.0;-4;-2;324.0;636.0;252.0;18.0;-652.0;-43.0;183.0;-973.0;499.0;437.0;-104.0;944.0;-155.0;905.0;3;-30;980.0;-595.0;314.0;-58.0;66;-406.0;-883;-882.0;-56.0;244.0;-45.0;-921.0;301.0;-8;-38;-21;610.0;54;24.0;-2;422.0;159.0;344.0;-606.0;-713.0;99.0;34.0;80.0;-4;309.0;150.0;-37.0;333.0;251.0;-362.0;316.0;126.0;713.0
105.0;1.0;16;-109.0;-19;1041.0;83;19.0;-508.0;35.0;-588.0;-217.0;-234.0;-794.0;-4.0;-326.0;73.0;-861;-38.0;-4.0;231.0;599.0;189.0;-8;18;943.0;487;-170.0;-976.0;561.0;138.0;1;959.0;1037.0;18;-993.0;-515.0;845.0;0.0;427.0;-110.0;647.0;-354.0;636.0;-5;-479.0;-98;-805.0;-29.0;-130;4;532.0;193.0;2;1;-66.0;191.0;-126.0;13.0;-253;-216.0;319.0;988.0;-13;-9;924.0;-119.0;49.0;3.0;-42;968.0;329;-24.0;-276.0;1;11;332.0;608.0;233.0;38.0;-655.0;-38.0;223.0;-978.0;514.0;482.0;12.0;1005.0;-121.0;965.0;13;-26;989.0;-578.0;297.0;-41.0;45;-346.0;-898;-883.0;-57.0;266.0;-23.0;-924.0;361.0;8;-9;-22;558.0;18;-242.0;4;423.0;-1.0;359.0;-525.0;-724.0;138.0;3.0;39.0;1;320.0;111.0;55.0;239.0;207.0;-300.0;384.0;63.0;685.0
522.0;148.0;-2;-332.0;-21;951.0;134;248.0;-235.0;-104.0;-261.0;-435.0;-360.0;-421.0;-111.0;-43.0;507.0;-856;219.0;-33.0;509.0;505.0;210.0;-2;-174;990.0;487;-221.0;-735.0;322.0;140.0;10;1085.0;1055.0;15;-762.0;-621.0;923.0;-513.0;-88.0;-29.0;507.0;79.0;298.0;10;-416.0;-91;-601.0;77.0;-135;-72;618.0;-275.0;-1;5;146.0;-20.0;-432.0;-21.0;-223;180.0;-40.0;754.0;58;-41;951.0;346.0;534.0;251.0;-27;564.0;341;352.0;-410.0;-26;4;47.0;369.0;-144.0;145.0;-465.0;49.0;411.0;-866.0;601.0;653.0;124.0;947.0;-461.0;1021.0;-58;-27;1017.0;-735.0;-56.0;260.0;53;-517.0;-899;-1028.0;221.0;471.0;277.0;-972.0;299.0;2;-41;-22;467.0;-174;-212.0;-72;481.0;-79.0;218.0;-749.0;-844.0;-328.0;-73.0;358.0;-26;-17.0;82.0;263.0;242.0;149.0;-804.0;670.0;301.0;748.0
114.0;-26.0;2;-168.0;-20;1030.0;109;118.0;-507.0;47.0;-565.0;-261.0;-224.0;-773.0;254.0;-288.0;58.0;-827;8.0;-12.0;245.0;309.0;243.0;7;13;966.0;449;83.0;-965.0;549.0;129.0;9;961.0;1016.0;16;-995.0;-495.0;1001.0;-78.0;427.0;-85.0;629.0;-356.0;632.0;23;-440.0;-90;-798.0;-39.0;-154;30;516.0;222.0;6;-18;-38.0;110.0;-286.0;12.0;-265;-193.0;326.0;1016.0;-34;-192;906.0;-115.0;48.0;-12.0;-103;953.0;345;-78.0;-286.0;-105;-8;291.0;613.0;232.0;16.0;-648.0;-8.0;208.0;-958.0;504.0;451.0;22.0;961.0;-162.0;988.0;34;-27;958.0;-605.0;233.0;-88.0;66;-396.0;-810;-895.0;-53.0;270.0;-77.0;-935.0;350.0;-7;-192;68;564.0;13;38.0;30;428.0;21.0;323.0;-626.0;-724.0;67.0;-57.0;33.0;-105;340.0;122.0;26.0;364.0;228.0;-350.0;402.0;133.0;691.0
62.0;85.0;5;-193.0;-21;901.0;154;266.0;-440.0;-436.0;-575.0;-218.0;-515.0;-191.0;-41.0;-861.0;123.0;-794;21.0;121.0;388.0;448.0;217.0;0;-24;841.0;521;79.0;-857.0;475.0;133.0;-174;650.0;456.0;26;-1029.0;-743.0;958.0;-130.0;42.0;-175.0;7.0;-737.0;486.0;14;-432.0;-103;-786.0;-406.0;-15;24;540.0;-232.0;7;-13;-505.0;533.0;-407.0;323.0;-295;-484.0;315.0;1010.0;-27;-91;905.0;128.0;433.0;691.0;-111;660.0;383;-473.0;-518.0;-62;2;738.0;540.0;953.0;-97.0;-515.0;-974.0;-592.0;-994.0;276.0;121.0;206.0;910.0;-71.0;271.0;27;-28;794.0;-669.0;727.0;-228.0;70;-473.0;-890;-607.0;80.0;449.0;310.0;-768.0;589.0;0;-91;-37;73.0;-24;32.0;24;416.0;275.0;361.0;-550.0;-846.0;3.0;152.0;107.0;-62;446.0;-204.0;294.0;338.0;113.0;-757.0;411.0;21.0;545.0
-127.0;200.0;23;238.0;-29;856.0;-168;-530.0;-588.0;-12.0;-824.0;-237.0;-748.0;-88.0;40.0;-945.0;-641.0;-751;-56.0;12.0;21.0;914.0;385.0;75;-16;-498.0;693;-170.0;-1002.0;828.0;776.0;-4;-188.0;-327.0;19;-834.0;-645.0;452.0;533.0;-54.0;432.0;-552.0;-692.0;539.0;-9;-531.0;-123;-878.0;291.0;-75;-55;639.0;-419.0;-12;3;1181.0;439.0;-308.0;11.0;-266;-407.0;681.0;560.0;-46;30;877.0;283.0;89.0;-77.0;150;965.0;443;-750.0;-379.0;43;-10;592.0;450.0;1095.0;163.0;-669.0;538.0;-164.0;-715.0;-172.0;-625.0;595.0;933.0;901.0;-188.0;46;-44;-478.0;-606.0;403.0;-165.0;89;-371.0;-732;410.0;131.0;229.0;-79.0;361.0;564.0;-75;30;-19;-617.0;-16;-143.0;-55;71.0;-489.0;680.0;191.0;-730.0;527.0;891.0;526.0;43;858.0;-716.0;-873.0;330.0;48.0;-263.0;186.0;141.0;311.0
5.0;-31.0;16;335.0;-28;768.0;-168;-467.0;-738.0;-1577.0;-785.0;-131.0;-588.0;-213.0;102.0;-889.0;-630.0;-765;248.0;-325.0;-108.0;902.0;567.0;-111;11;-320.0;684;-219.0;-953.0;763.0;460.0;-4;-156.0;-251.0;18;-747.0;-824.0;511.0;483.0;479.0;404.0;-762.0;-746.0;549.0;-2;-452.0;-113;-863.0;407.0;-75;44;736.0;94.0;-7;-26;507.0;414.0;-372.0;397.0;-215;-453.0;672.0;628.0;-19;-92;871.0;60.0;221.0;63.0;152;1004.0;451;-570.0;-373.0;-109;30;712.0;445.0;588.0;53.0;-629.0;-46.0;-557.0;-656.0;-67.0;-129.0;1295.0;947.0;778.0;-266.0;19;-43;-287.0;-476.0;673.0;158.0;87;-443.0;-732;328.0;32.0;38.0;-9.0;596.0;712.0;111;-92;-13;-334.0;11;-215.0;44;157.0;-1130.0;724.0;289.0;-774.0;569.0;-16.0;284.0;-109;875.0;-292.0;217.0;372.0;63.0;-264.0;-163.0;19.0;594.0
-108.0;-114.0;-2;416.0;-26;741.0;-167;33.0;-773.0;17.0;-696.0;-172.0;-652.0;-289.0;33.0;-1021.0;-562.0;-807;-34.0;13.0;190.0;876.0;493.0;-50;-50;-109.0;692;-212.0;-949.0;671.0;203.0;-3;-237.0;-316.0;16;-781.0;-645.0;533.0;566.0;234.0;-3.0;-650.0;-955.0;574.0;-2;-469.0;-110;-815.0;-35.0;-78;-3;726.0;-447.0;-3;3;46.0;438.0;-382.0;25.0;-231;-768.0;670.0;799.0;24;2;869.0;39.0;260.0;-42.0;83;948.0;399;-449.0;-403.0;-5;5;609.0;601.0;997.0;37.0;-601.0;51.0;-196.0;-672.0;-29.0;-576.0;19.0;946.0;642.0;-314.0;-24;-43;-216.0;-373.0;952.0;1.0;71;-372.0;-748;380.0;23.0;212.0;-20.0;277.0;718.0;50;2;-21;-431.0;-50;-245.0;-3;209.0;26.0;675.0;323.0;-793.0;701.0;-60.0;261.0;-5;867.0;43.0;55.0;400.0;99.0;-362.0;-278.0;7.0;447.0
-39.0;-116.0;1;374.0;-26;691.0;-167;-829.0;-794.0;45.0;-642.0;-152.0;-476.0;-78.0;20.0;-555.0;-118.0;-788;-42.0;6.0;139.0;836.0;511.0;20;-39;146.0;711;-244.0;-941.0;653.0;151.0;-4;-288.0;-264.0;16;-969.0;-689.0;534.0;573.0;274.0;-88.0;-802.0;-970.0;532.0;4;-454.0;-110;-894.0;-123.0;-78;42;710.0;-663.0;-3;9;207.0;127.0;-441.0;6.0;-231;-902.0;963.0;993.0;-52;32;868.0;-44.0;313.0;90.0;67;921.0;413;-445.0;-214.0;11;-6;285.0;638.0;949.0;74.0;-578.0;-96.0;-851.0;-660.0;-126.0;115.0;-125.0;890.0;154.0;-198.0;52;-44;-127.0;-348.0;994.0;-152.0;81;-379.0;-730;369.0;-9.0;336.0;-52.0;208.0;867.0;-20;32;-21;-314.0;-39;-293.0;42;206.0;51.0;445.0;372.0;-809.0;696.0;-307.0;230.0;11;934.0;-93.0;52.0;397.0;105.0;-429.0;-317.0;-18.0;615.0
-76.0;216.0;-7;86.0;-37;1008.0;-167;-715.0;-466.0;0.0;-747.0;-270.0;-482.0;-110.0;61.0;-665.0;-245.0;-667;8.0;21.0;4.0;961.0;308.0;-6;-15;-3.0;716;-181.0;-957.0;773.0;336.0;-5;-154.0;-138.0;20;-950.0;-795.0;395.0;242.0;320.0;150.0;-506.0;-924.0;591.0;0;-553.0;-107;-916.0;-28.0;-77;21;658.0;-191.0;-4;-2;16.0;397.0;-166.0;-8.0;-261;-818.0;699.0;941.0;-64;-6;895.0;174.0;133.0;-6.0;120;961.0;545;-905.0;-369.0;-14;0;653.0;577.0;924.0;24.0;-651.0;-11.0;-1038.0;-925.0;-130.0;103.0;-31.0;1005.0;347.0;-218.0;64;-42;-71.0;-659.0;979.0;-65.0;100;-320.0;-725;298.0;103.0;271.0;-22.0;215.0;788.0;6;-6;-26;-190.0;-15;-154.0;21;206.0;50.0;578.0;-13.0;-746.0;295.0;33.0;143.0;-14;880.0;-429.0;22.0;328.0;97.0;-310.0;479.0;106.0;588.0
-301.0;-169.0;-9;310.0;-28;616.0;-159;-211.0;-823.0;-76.0;-648.0;-54.0;-444.0;-318.0;220.0;-1205.0;-228.0;-781;91.0;-29.0;7.0;892.0;533.0;-17;-40;-129.0;737;-252.0;-978.0;802.0;196.0;-4;282.0;-189.0;17;-989.0;-715.0;492.0;601.0;370.0;41.0;-773.0;-917.0;656.0;-4;-438.0;-105;-866.0;95.0;-77;-11;812.0;-459.0;-11;-4;-59.0;462.0;-277.0;-18.0;-253;-928.0;776.0;924.0;46;-7;867.0;-104.0;185.0;18.0;171;984.0;427;-531.0;-378.0;14;-4;662.0;632.0;942.0;25.0;-638.0;74.0;-991.0;-582.0;109.0;-11.0;-64.0;951.0;269.0;-105.0;-46;-46;-260.0;-303.0;934.0;7.0;75;-563.0;-679;54.0;-38.0;337.0;-13.0;368.0;865.0;17;-7;-16;-299.0;-40;-163.0;-11;198.0;67.0;390.0;144.0;-765.0;689.0;60.0;-87.0;14;977.0;-376.0;41.0;379.0;76.0;-267.0;-371.0;-105.0;509.0
-68.0;216.0;35;41.0;-38;1039.0;-160;-586.0;-459.0;181.0;-738.0;-252.0;-453.0;-97.0;76.0;-712.0;-291.0;-629;13.0;-280.0;-27.0;975.0;649.0;-23;29;-41.0;708;-133.0;-934.0;770.0;362.0;-6;-179.0;-125.0;22;-983.0;-802.0;393.0;370.0;334.0;226.0;-554.0;-913.0;605.0;0;-550.0;-108;-919.0;700.0;-75;16;695.0;-161.0;-11;-5;398.0;458.0;-105.0;210.0;-277;-756.0;830.0;900.0;2;32;916.0;216.0;135.0;56.0;138;951.0;571;-917.0;-358.0;31;2;571.0;565.0;867.0;-645.0;-642.0;-319.0;-1031.0;-967.0;-158.0;115.0;-412.0;1002.0;404.0;-330.0;-2;-44;-101.0;-676.0;927.0;192.0;107;-276.0;-721;280.0;127.0;293.0;-149.0;297.0;796.0;23;32;-20;-193.0;29;-123.0;16;172.0;173.0;638.0;-19.0;-753.0;229.0;-221.0;216.0;31;850.0;-570.0;-289.0;336.0;71.0;-301.0;498.0;183.0;585.0
-157.0;120.0;1;79.0;-35;863.0;-156;-849.0;-514.0;47.0;-761.0;-277.0;-481.0;-185.0;107.0;-866.0;-260.0;-672;85.0;117.0;-11.0;949.0;554.0;149;64;-88.0;721;-171.0;-948.0;782.0;359.0;-5;-359.0;-144.0;22;-936.0;-800.0;383.0;328.0;303.0;181.0;-529.0;-905.0;603.0;-2;-495.0;-108;-939.0;-278.0;-75;-26;647.0;-179.0;-13;-1;99.0;288.0;-178.0;73.0;-291;-835.0;812.0;946.0;-194;26;869.0;197.0;126.0;107.0;157;964.0;532;-893.0;-323.0;92;-5;623.0;568.0;855.0;97.0;-654.0;364.0;-1032.0;-915.0;-82.0;78.0;-144.0;1015.0;367.0;-615.0;194;-44;-161.0;-683.0;969.0;-93.0;95;-249.0;-702;234.0;114.0;299.0;24.0;250.0;806.0;-149;26;-18;-192.0;64;-162.0;-26;156.0;-42.0;557.0;-36.0;-743.0;721.0;391.0;109.0;92;1034.0;-554.0;-150.0;326.0;84.0;-306.0;442.0;12.0;562.0
156.0;-485.0;-189;-514.0;-18;920.0;-153;-478.0;792.0;-528.0;-759.0;-214.0;181.0;-599.0;10.0;-770.0;46.0;-807;500.0;-110.0;-192.0;285.0;391.0;358;-62;863.0;393;120.0;-1030.0;613.0;120.0;8;-80.0;893.0;40;-970.0;511.0;977.0;470.0;442.0;-104.0;662.0;-433.0;-571.0;-23;366.0;162;826.0;-934.0;-19;-6;588.0;219.0;7;-115;-1118.0;284.0;-124.0;-606.0;-283;-296.0;792.0;962.0;32;-257;886.0;-195.0;-43.0;1343.0;-6;981.0;353;-494.0;230.0;-448;5;377.0;-632.0;477.0;452.0;635.0;-1023.0;90.0;-952.0;0.0;586.0;-160.0;1010.0;-27.0;-288.0;-32;-29;888.0;289.0;429.0;1721.0;95;-258.0;-841;281.0;87.0;-260.0;1315.0;-806.0;351.0;-358;-257;74;-550.0;-62;-52.0;-6;-393.0;-599.0;387.0;435.0;739.0;477.0;-33.0;25.0;-448;850.0;3.0;1086.0;327.0;-209.0;-236.0;7.0;85.0;-757.0
211.0;289.0;-88;585.0;-21;849.0;-115;304.0;-254.0;160.0;715.0;170.0;737.0;210.0;-87.0;-973.0;561.0;-739;516.0;-492.0;-703.0;546.0;430.0;-168;-368;877.0;478;30.0;-221.0;-773.0;-69.0;6;414.0;887.0;25;-968.0;699.0;706.0;-541.0;-681.0;-455.0;307.0;-218.0;175.0;99;491.0;-30;643.0;3.0;-30;-242;9.0;-758.0;8;-49;617.0;748.0;-600.0;-69.0;-392;-338.0;488.0;821.0;-120;56;888.0;461.0;962.0;201.0;12;192.0;264;138.0;491.0;184;13;728.0;-130.0;289.0;226.0;37.0;-158.0;790.0;-683.0;64.0;543.0;1663.0;642.0;-356.0;-40.0;120;-28;799.0;799.0;402.0;-193.0;128;-563.0;-901;-429.0;-806.0;-638.0;175.0;-1104.0;-306.0;168;56;-14;15.0;-368;18.0;-242;-238.0;-136.0;126.0;-1135.0;579.0;-294.0;-42.0;103.0;184;567.0;303.0;490.0;287.0;119.0;-882.0;899.0;-45.0;-140.0
-133.0;66.0;9;553.0;-22;894.0;-97;241.0;-348.0;-446.0;638.0;-105.0;641.0;749.0;-74.0;-919.0;-40.0;-807;-18.0;-131.0;-818.0;529.0;274.0;-15;-16;696.0;475;-14.0;-816.0;-702.0;-402.0;9;317.0;626.0;23;-977.0;432.0;853.0;-341.0;-394.0;-540.0;338.0;-724.0;224.0;-16;571.0;-30;417.0;195.0;-13;21;410.0;-358.0;10;11;1023.0;709.0;-474.0;-1.0;-298;-710.0;16.0;988.0;10;-65;959.0;401.0;563.0;284.0;-187;674.0;361;389.0;572.0;-44;-12;1199.0;-83.0;665.0;147.0;220.0;165.0;914.0;-848.0;439.0;732.0;-1104.0;917.0;44.0;108.0;-10;-28;542.0;742.0;704.0;305.0;67;-574.0;-890;-289.0;-817.0;-702.0;97.0;-592.0;-340.0;15;-65;-26;372.0;-16;-215.0;21;37.0;-396.0;186.0;-907.0;327.0;5.0;-1088.0;-104.0;-44;589.0;407.0;1180.0;155.0;422.0;-761.0;807.0;-104.0;216.0
40.0;-101.0;-352;650.0;-47;1064.0;-128;-117.0;-334.0;1264.0;439.0;-226.0;698.0;39.0;-38.0;-1198.0;245.0;-665;464.0;450.0;-742.0;1081.0;287.0;34;988;1022.0;499;250.0;-908.0;-481.0;-112.0;2;400.0;1114.0;-5;-1082.0;569.0;1125.0;-134.0;-438.0;-737.0;383.0;-619.0;103.0;-11;495.0;-86;544.0;-41.0;-29;-2017;581.0;-359.0;6;31;935.0;876.0;-425.0;-780.0;-648;-465.0;240.0;999.0;1153;245;1241.0;559.0;446.0;-1968.0;-126;988.0;72;123.0;377.0;120;-729;1017.0;-159.0;311.0;-2249.0;368.0;884.0;785.0;-954.0;374.0;710.0;-138.0;1054.0;-258.0;327.0;-1153;-28;1014.0;791.0;283.0;-569.0;546;-647.0;-884;-57.0;-696.0;-707.0;-2027.0;-934.0;-186.0;-34;245;-22;317.0;988;-185.0;-2017;134.0;503.0;-13.0;-1222.0;476.0;59.0;1489.0;-210.0;120;723.0;703.0;-1466.0;272.0;392.0;-485.0;946.0;-32.0;45.0
-64.0;306.0;-53;-336.0;-36;800.0;-149;671.0;-9.0;100.0;0.0;-166.0;-752.0;394.0;-53.0;-893.0;321.0;-750;423.0;-131.0;657.0;429.0;283.0;-17;-383;315.0;1745;-386.0;-968.0;119.0;-579.0;0;191.0;59.0;19;-848.0;-444.0;909.0;-289.0;-572.0;-527.0;829.0;-923.0;69.0;1922;-616.0;-148;-621.0;114.0;-109;162;651.0;-182.0;-17;11;257.0;600.0;-114.0;-251.0;-294;-771.0;-91.0;854.0;1137;-1029;954.0;713.0;440.0;-744.0;656;811.0;365;-335.0;-656.0;402;-166;1377.0;548.0;494.0;-354.0;-597.0;365.0;158.0;-1179.0;-267.0;591.0;-292.0;852.0;151.0;123.0;-1137;4;-3.0;-786.0;458.0;-40.0;131;-184.0;993;-281.0;520.0;623.0;-383.0;-407.0;134.0;17;-1029;2053;-268.0;-383;65.0;162;55.0;32.0;169.0;-855.0;-520.0;83.0;713.0;373.0;402;244.0;472.0;-963.0;318.0;-320.0;-258.0;900.0;106.0;206.0
115.0;299.0;-15;-173.0;-38;1072.0;154;232.0;-377.0;-640.0;-584.0;-594.0;-526.0;-4.0;-334.0;-1121.0;100.0;-813;163.0;65.0;339.0;475.0;602.0;-67;-255;719.0;296;205.0;-720.0;485.0;-291.0;-11;116.0;582.0;17;-872.0;-644.0;952.0;74.0;-108.0;-617.0;322.0;-731.0;323.0;-295;-524.0;-169;-829.0;-1466.0;-159;-73;545.0;-275.0;5;-29;2981.0;927.0;-364.0;179.0;-291;-785.0;172.0;1082.0;86;-370;902.0;249.0;358.0;746.0;97;684.0;349;-566.0;-520.0;692;6;967.0;685.0;706.0;997.0;-503.0;-941.0;-468.0;-1358.0;107.0;365.0;-2758.0;907.0;-36.0;127.0;-86;-28;474.0;-674.0;712.0;298.0;68;-246.0;-896;-775.0;184.0;445.0;1168.0;-299.0;501.0;67;-370;100;14.0;-255;80.0;-73;358.0;262.0;240.0;-522.0;-816.0;167.0;2368.0;307.0;692;468.0;417.0;-1662.0;309.0;217.0;-710.0;371.0;252.0;649.0
-13.0;94.0;-22;-299.0;-26;808.0;-123;-52.0;-83.0;485.0;-101.0;-193.0;-715.0;-14.0;-66.0;-674.0;-42.0;-811;-326.0;131.0;746.0;651.0;388.0;25;-61;424.0;463;15.0;-1014.0;-61.0;-473.0;3;675.0;1.0;14;-1015.0;-318.0;663.0;41.0;-557.0;-476.0;736.0;-888.0;28.0;-19;-553.0;-99;-815.0;-326.0;-17;85;579.0;-255.0;4;-5;-155.0;230.0;-364.0;273.0;-346;-771.0;575.0;935.0;180;147;1217.0;649.0;257.0;-131.0;-75;587.0;381;-377.0;-466.0;63;-135;686.0;454.0;607.0;-801.0;-504.0;168.0;325.0;-903.0;-171.0;523.0;9.0;1069.0;-44.0;727.0;-180;-28;93.0;-827.0;587.0;-633.0;51;-473.0;-908;31.0;553.0;695.0;-804.0;0.0;46.0;-25;147;-22;-369.0;-61;-260.0;85;49.0;-215.0;200.0;-1006.0;-580.0;341.0;384.0;-102.0;63;763.0;513.0;-326.0;-418.0;-323.0;-615.0;937.0;383.0;68.0
44.0;67.0;54;-54.0;-23;1004.0;-174;684.0;-427.0;84.0;-508.0;-316.0;-549.0;-29.0;-164.0;-634.0;248.0;-799;-62.0;-104.0;421.0;425.0;368.0;15;83;509.0;488;139.0;-887.0;510.0;-378.0;-165;38.0;133.0;15;-985.0;-504.0;938.0;-43.0;-130.0;-704.0;302.0;-975.0;374.0;7;-423.0;-152;-687.0;4.0;-133;54;496.0;-396.0;1;13;-256.0;817.0;-345.0;60.0;-329;-836.0;-267.0;1038.0;-71;48;944.0;248.0;344.0;-44.0;-100;781.0;343;-648.0;-719.0;41;-35;797.0;751.0;685.0;56.0;-550.0;-265.0;-401.0;-953.0;89.0;235.0;1179.0;930.0;-12.0;-176.0;71;-26;161.0;-670.0;746.0;76.0;73;-209.0;-894;-66.0;174.0;520.0;-150.0;-388.0;555.0;-15;48;-24;-71.0;83;12.0;54;435.0;-91.0;269.0;-385.0;-811.0;259.0;-224.0;159.0;41;271.0;639.0;71.0;205.0;92.0;-611.0;492.0;181.0;536.0
546.0;-510.0;549;201.0;-59;1122.0;83;456.0;-690.0;505.0;-383.0;-499.0;165.0;-860.0;-282.0;-941.0;78.0;-581;-298.0;535.0;57.0;1654.0;-108.0;79;4687;1335.0;495;692.0;-804.0;213.0;265.0;-168;729.0;1380.0;-44;-812.0;-135.0;1101.0;-154.0;415.0;53.0;152.0;-249.0;545.0;-134;-192.0;132;-747.0;-687.0;173;-4834;605.0;505.0;12;-167;1660.0;711.0;-741.0;646.0;-581;85.0;79.0;1131.0;2227;-31;1460.0;-376.0;105.0;-1269.0;-98;942.0;250;-256.0;-286.0;-31;692;604.0;614.0;388.0;-177.0;-478.0;1181.0;389.0;-970.0;566.0;489.0;-1795.0;902.0;-413.0;805.0;-2227;-17;1450.0;-330.0;422.0;-1644.0;832;-618.0;-986;-709.0;-275.0;58.0;-1338.0;-828.0;-198.0;-79;-31;-96;776.0;4687;-102.0;-4834;615.0;383.0;517.0;164.0;-722.0;98.0;381.0;407.0;-31;406.0;-270.0;-1832.0;-117.0;418.0;-838.0;214.0;14.0;820.0
84.0;-462.0;791;-864.0;-51;838.0;82;17.0;717.0;181.0;412.0;-278.0;-523.0;-216.0;108.0;-256.0;103.0;-1305;-219.0;53.0;520.0;-469.0;167.0;-2;-3782;674.0;498;-871.0;-1081.0;-469.0;153.0;-162;816.0;661.0;21;-954.0;-65.0;1322.0;181.0;50.0;-241.0;-84.0;-635.0;-551.0;210;-237.0;-6;224.0;-206.0;166;-437;440.0;252.0;-7;-16;-1009.0;291.0;-288.0;-55.0;395;-467.0;519.0;844.0;-4558;-99;314.0;-232.0;153.0;834.0;-102;639.0;718;586.0;-93.0;-52;396;677.0;-403.0;551.0;619.0;111.0;-822.0;703.0;-1039.0;-441.0;307.0;490.0;769.0;-121.0;972.0;4558;-30;664.0;-313.0;559.0;352.0;-263;-552.0;-892;-216.0;669.0;374.0;744.0;-610.0;-643.0;2;-99;-4;-750.0;-3782;-370.0;-437;-576.0;-350.0;285.0;86.0;271.0;-114.0;-205.0;96.0;-52;530.0;205.0;835.0;498.0;-683.0;-425.0;203.0;-8.0;-532.0
198.0;-516.0;21;-195.0;-29;1000.0;118;429.0;746.0;325.0;-317.0;-123.0;-53.0;-517.0;-152.0;-413.0;89.0;-806;-107.0;-103.0;295.0;400.0;313.0;11;-25;996.0;500;-50.0;-904.0;46.0;-233.0;-54;745.0;908.0;-2;-1060.0;134.0;975.0;152.0;577.0;-446.0;-46.0;-597.0;-690.0;18;156.0;114;726.0;163.0;-158;45;541.0;640.0;1;-11;-148.0;557.0;-543.0;-214.0;-257;-451.0;120.0;961.0;52;-14;923.0;-448.0;429.0;-16.0;-74;721.0;389;-133.0;419.0;22;30;943.0;-724.0;687.0;-227.0;421.0;-254.0;103.0;-939.0;-509.0;355.0;-402.0;850.0;-233.0;586.0;-52;-23;868.0;279.0;512.0;241.0;69;-460.0;-890;-346.0;407.0;-30.0;-389.0;-839.0;-34.0;-11;-14;-23;-608.0;-25;-7.0;45;-584.0;-69.0;311.0;-252.0;732.0;117.0;217.0;10.0;22;420.0;85.0;-53.0;346.0;-348.0;-710.0;215.0;61.0;-721.0
111.0;-378.0;-98;-389.0;-31;963.0;145;-185.0;607.0;-119.0;-412.0;-10.0;533.0;-628.0;-126.0;-1205.0;-213.0;-691;31.0;-563.0;-176.0;590.0;118.0;-12;60;476.0;503;80.0;-740.0;178.0;-194.0;-5;632.0;613.0;30;-923.0;673.0;830.0;-216.0;164.0;-484.0;330.0;-900.0;-545.0;3;233.0;163;759.0;260.0;-125;5;687.0;26.0;3;-3;-138.0;483.0;-704.0;33.0;-283;-734.0;478.0;1015.0;137;-54;962.0;-52.0;705.0;552.0;-54;466.0;493;-81.0;269.0;7;12;717.0;-698.0;919.0;145.0;381.0;50.0;-404.0;-1028.0;-447.0;121.0;441.0;725.0;312.0;125.0;-137;-28;411.0;446.0;1003.0;48.0;111;-403.0;-888;-473.0;12.0;-276.0;429.0;-477.0;557.0;12;-54;-21;-173.0;60;-117.0;5;-615.0;-165.0;625.0;61.0;924.0;-184.0;-942.0;179.0;7;539.0;377.0;926.0;145.0;-23.0;-926.0;390.0;-7.0;-585.0
142.0;-330.0;12;-236.0;-28;957.0;144;-671.0;631.0;-85.0;-430.0;-136.0;260.0;-360.0;-66.0;-839.0;271.0;-765;154.0;19.0;-209.0;509.0;222.0;29;-8;756.0;503;-73.0;-692.0;155.0;-107.0;-5;600.0;493.0;26;-953.0;603.0;930.0;-362.0;276.0;-490.0;555.0;-794.0;-539.0;4;265.0;165;868.0;248.0;-124;-41;658.0;44.0;4;1;76.0;482.0;-608.0;131.0;-250;-660.0;588.0;995.0;-50;15;949.0;-107.0;677.0;223.0;-61;427.0;435;62.0;261.0;-2;3;650.0;-724.0;745.0;7.0;379.0;-563.0;-426.0;-900.0;-349.0;396.0;139.0;837.0;-183.0;-98.0;50;-29;609.0;481.0;647.0;-166.0;85;-442.0;-890;-639.0;97.0;-411.0;-34.0;-634.0;408.0;-29;15;-25;-261.0;-8;-135.0;-41;-547.0;81.0;276.0;121.0;913.0;-106.0;131.0;94.0;-2;621.0;462.0;71.0;306.0;-116.0;-924.0;315.0;94.0;-687.0
68.0;381.0;-17;-69.0;-24;919.0;-166;258.0;427.0;-387.0;-712.0;-275.0;771.0;15.0;30.0;-1239.0;-792.0;-813;800.0;196.0;-25.0;927.0;290.0;-16;7;-49.0;574;-202.0;-1001.0;676.0;522.0;-3;-184.0;-226.0;20;-511.0;874.0;451.0;319.0;91.0;330.0;-152.0;-861.0;-557.0;1;607.0;-170;850.0;275.0;-74;-3;538.0;-35.0;0;8;56.0;678.0;-136.0;405.0;-259;-685.0;473.0;542.0;4;4;873.0;424.0;83.0;345.0;-20;950.0;380;-924.0;495.0;21;1;831.0;-476.0;1219.0;-80.0;683.0;606.0;-443.0;-1038.0;164.0;-583.0;-127.0;1005.0;897.0;3.0;-4;-33;141.0;652.0;1125.0;-192.0;66;-122.0;-847;350.0;-236.0;-96.0;-497.0;35.0;376.0;16;4;-23;93.0;7;-105.0;-3;-155.0;486.0;936.0;61.0;690.0;538.0;104.0;388.0;21;720.0;-411.0;-174.0;334.0;40.0;-362.0;418.0;122.0;-295.0
-171.0;239.0;-3;-122.0;-29;1050.0;-157;-476.0;472.0;32.0;-778.0;-292.0;589.0;-160.0;15.0;-801.0;-278.0;-730;46.0;26.0;-155.0;990.0;204.0;-12;-43;-46.0;619;41.0;-957.0;773.0;376.0;-2;-107.0;-153.0;21;-991.0;716.0;274.0;266.0;-59.0;172.0;-372.0;-916.0;-528.0;3;586.0;-103;888.0;105.0;-71;-5;575.0;-677.0;-4;-1;-51.0;492.0;-143.0;114.0;-330;-855.0;655.0;980.0;19;17;933.0;267.0;79.0;55.0;21;956.0;436;-922.0;433.0;-4;-6;756.0;-535.0;821.0;-80.0;674.0;57.0;-537.0;-943.0;98.0;2.0;-60.0;1016.0;278.0;-369.0;-19;-37;-81.0;607.0;962.0;-88.0;88;-189.0;-814;300.0;-141.0;-436.0;-41.0;246.0;883.0;12;17;-23;421.0;-43;-20.0;-5;-255.0;6.0;546.0;-25.0;722.0;316.0;-160.0;96.0;-4;860.0;-624.0;69.0;291.0;-62.0;-307.0;448.0;94.0;-428.0
3.0;177.0;-6;-167.0;-27;742.0;-157;-634.0;509.0;-189.0;-815.0;-217.0;608.0;-203.0;-20.0;-590.0;-334.0;-752;8.0;28.0;-167.0;1005.0;303.0;-34;21;-40.0;613;47.0;-980.0;767.0;321.0;-2;26.0;206.0;21;-1004.0;706.0;256.0;397.0;-85.0;558.0;-361.0;-1129.0;-523.0;-4;570.0;-103;884.0;-341.0;-71;-47;579.0;-674.0;-4;10;258.0;161.0;-138.0;-200.0;-313;-598.0;824.0;863.0;-36;25;923.0;262.0;77.0;-15.0;7;981.0;422;-896.0;426.0;0;4;860.0;-535.0;559.0;248.0;675.0;203.0;-543.0;-982.0;94.0;-20.0;-200.0;1000.0;482.0;382.0;36;-37;22.0;584.0;893.0;472.0;83;-289.0;-812;358.0;-143.0;-433.0;682.0;270.0;876.0;34;25;-17;433.0;21;-15.0;-47;-272.0;-208.0;740.0;30.0;721.0;458.0;74.0;88.0;0;818.0;-844.0;-165.0;305.0;-58.0;-239.0;411.0;77.0;-412.0
