device;co;humidity;light;lpg;motion;smoke;temp
b8:27:eb:bf:9d:51;0.0047872468244206;51.7;False;0.0074615325831148;False;0.0198722999362762;22.1
b8:27:eb:bf:9d:51;0.0047604839656032;51.4;False;0.0074313336064331;False;0.0197863990785907;22.1
b8:27:eb:bf:9d:51;0.0047926467269058;51.8;False;0.0074676201181682;False;0.0198896187773123;22.0
b8:27:eb:bf:9d:51;0.0048033901537805;51.7;False;0.007479725992469;False;0.0199240624594239;21.9
b8:27:eb:bf:9d:51;0.0048196493415042;51.9;False;0.0074980328865131;False;0.0199761565263184;22.0
b8:27:eb:bf:9d:51;0.0048441836997026;51.7;False;0.0075256248412025;False;0.0200546885263529;21.8
b8:27:eb:bf:9d:51;0.0048141804733518;51.8;False;0.0074918771702801;False;0.0199586388617518;22.0
b8:27:eb:bf:9d:51;0.0048182875321695;51.8;False;0.0074965002250512;False;0.0199717948545151;22.0
b8:27:eb:bf:9d:51;0.0048155652380874;51.7;False;0.0074934360336826;False;0.0199630749134068;22.0
b8:27:eb:bf:9d:51;0.0048183951512015;51.7;False;0.0074966213502894;False;0.0199721395523876;22.0
b8:27:eb:bf:9d:51;0.0048101892259572;51.7;False;0.0074873834317588;False;0.0199458513993729;22.0
b8:27:eb:bf:9d:51;0.0048114948576898;51.6;False;0.0074888535537281;False;0.0199500347470578;22.0
b8:27:eb:bf:9d:51;0.0048047471318983;51.6;False;0.0074812545252689;False;0.0199284117174674;22.0
b8:27:eb:bf:9d:51;0.004796621574297;51.5;False;0.0074720999170716;False;0.0199023642757082;22.0
b8:27:eb:bf:9d:51;0.0047953011137586;51.6;False;0.0074706118235148;False;0.0198981304354394;22.0
b8:27:eb:bf:9d:51;0.0047751010715972;51.4;False;0.0074478332243465;False;0.0198333292265381;22.1
b8:27:eb:bf:9d:51;0.0047778018305283;51.4;False;0.0074508802793294;False;0.0198419967935251;22.1
b8:27:eb:bf:9d:51;0.0048047131710362;51.5;False;0.0074812162723937;False;0.0199283028727273;22.1
b8:27:eb:bf:9d:51;0.0047899872945372;51.5;False;0.0074646222664772;False;0.0198810898655205;22.1
b8:27:eb:bf:9d:51;0.0047778018305283;51.5;False;0.0074508802793294;False;0.0198419967935251;22.1
b8:27:eb:bf:9d:51;0.0047778018305283;51.6;False;0.0074508802793294;False;0.0198419967935251;22.1
b8:27:eb:bf:9d:51;0.0047912165321484;51.7;False;0.0074660079848062;False;0.0198850322161154;22.1
b8:27:eb:bf:9d:51;0.0047939277547855;51.7;False;0.0074690639957973;False;0.019893726703899;22.1
b8:27:eb:bf:9d:51;0.0048141804733518;51.7;False;0.0074918771702801;False;0.0199586388617518;22.1
b8:27:eb:bf:9d:51;0.0047912165321484;51.7;False;0.0074660079848062;False;0.0198850322161154;22.1
b8:27:eb:bf:9d:51;0.0047778018305283;51.8;False;0.0074508802793294;False;0.0198419967935251;22.1
b8:27:eb:bf:9d:51;0.0048033901537805;51.8;False;0.007479725992469;False;0.0199240624594239;22.1
b8:27:eb:bf:9d:51;0.0048047131710362;51.8;False;0.0074812162723937;False;0.0199283028727273;22.1
b8:27:eb:bf:9d:51;0.0047858569977237;51.8;False;0.0074599654663097;False;0.0198678416953624;22.1
b8:27:eb:bf:9d:51;0.0048141804733518;51.8;False;0.0074918771702801;False;0.0199586388617518;22.1
b8:27:eb:bf:9d:51;0.0048073944427212;51.8;False;0.0074842361762271;False;0.0199368958245272;22.1
b8:27:eb:bf:9d:51;0.0047724595128033;51.8;False;0.007444852499089;False;0.0198248505731607;22.1
b8:27:eb:bf:9d:51;0.0047778018305283;51.9;False;0.0074508802793294;False;0.0198419967935251;22.1
b8:27:eb:bf:9d:51;0.004802033615478;51.8;False;0.0074781978357023;False;0.0199197143319152;22.1
b8:27:eb:bf:9d:51;0.0047631635017222;51.7;False;0.0074343592831661;False;0.0197950045316619;22.1
b8:27:eb:bf:9d:51;0.0047845399375022;51.8;False;0.0074584802821034;False;0.0198636166008352;22.2
b8:27:eb:bf:9d:51;0.0048047131710362;51.7;False;0.0074812162723937;False;0.0199283028727273;22.1
b8:27:eb:bf:9d:51;0.0047698513029273;51.7;False;0.0074419089568637;False;0.0198164779138096;22.1
b8:27:eb:bf:9d:51;0.0047644685376851;51.7;False;0.0074358327322749;False;0.0197991953160364;22.1
b8:27:eb:bf:9d:51;0.0047724595128033;51.7;False;0.007444852499089;False;0.0198248505731607;22.1
b8:27:eb:bf:9d:51;0.0047738044593087;51.7;False;0.0074463701888013;False;0.0198291676026429;22.1
b8:27:eb:bf:9d:51;0.0047939277547855;51.7;False;0.0074690639957973;False;0.019893726703899;22.1
b8:27:eb:bf:9d:51;0.0047778018305283;51.7;False;0.0074508802793294;False;0.0198419967935251;22.1
b8:27:eb:bf:9d:51;0.0047778018305283;51.7;False;0.0074508802793294;False;0.0198419967935251;22.1
b8:27:eb:bf:9d:51;0.0047805043426883;51.7;False;0.0074539288355039;False;0.01985066887262;22.1
b8:27:eb:bf:9d:51;0.0047591050528563;51.7;False;0.0074297763831232;False;0.0197819702080981;22.1
b8:27:eb:bf:9d:51;0.0048182534614465;51.8;False;0.0074964618782909;False;0.0199716857274885;22.2
b8:27:eb:bf:9d:51;0.0047751394915225;51.7;False;0.0074478765738839;False;0.0198334525357189;22.1
b8:27:eb:bf:9d:51;0.0048209774997533;51.7;False;0.007499527559661;False;0.0199804101489348;22.1
b8:27:eb:bf:9d:51;0.0047912889526337;51.7;False;0.0074660896212793;False;0.0198852644723741;22.1
b8:27:eb:bf:9d:51;0.004789897779097;51.7;False;0.007464521351969;False;0.0198808027670083;22.1
b8:27:eb:bf:9d:51;0.0047724595128033;51.7;False;0.007444852499089;False;0.0198248505731607;22.1
b8:27:eb:bf:9d:51;0.0047778018305283;51.7;False;0.0074508802793294;False;0.0198419967935251;22.1
b8:27:eb:bf:9d:51;0.0048128204372515;51.7;False;0.0074903460237784;False;0.0199542817452407;22.1
b8:27:eb:bf:9d:51;0.0048074671439179;51.8;False;0.0074843180527588;False;0.0199371288024863;22.2
b8:27:eb:bf:9d:51;0.0047858569977237;51.7;False;0.0074599654663098;False;0.0198678416953624;22.1
b8:27:eb:bf:9d:51;0.0047939277547855;51.7;False;0.0074690639957973;False;0.019893726703899;22.1
b8:27:eb:bf:9d:51;0.0048061092841516;51.7;False;0.0074827887662556;False;0.0199327772784043;22.1
b8:27:eb:bf:9d:51;0.0047872468244206;51.7;False;0.0074615325831148;False;0.0198722999362762;22.1
b8:27:eb:bf:9d:51;0.0048128204372515;51.7;False;0.0074903460237784;False;0.0199542817452407;22.1
b8:27:eb:bf:9d:51;0.004781890373754;51.7;False;0.0074554921564123;False;0.0198551160691854;22.1
b8:27:eb:bf:9d:51;0.0047912551009201;51.7;False;0.0074660514617528;False;0.0198851559082692;22.1
b8:27:eb:bf:9d:51;0.0047724595128033;51.7;False;0.007444852499089;False;0.0198248505731607;22.1
b8:27:eb:bf:9d:51;0.0047671240495326;51.7;False;0.007438830589749;False;0.0198077219978969;22.1
b8:27:eb:bf:9d:51;0.004783151012648;51.7;False;0.0074569139371654;False;0.0198591606800869;22.1
b8:27:eb:bf:9d:51;0.0047551256278988;51.7;False;0.0074252816690803;False;0.0197691872286584;22.1
b8:27:eb:bf:9d:51;0.0047979763580963;51.6;False;0.0074736265734811;False;0.019906707892585;22.1
b8:27:eb:bf:9d:51;0.0047845784445983;51.7;False;0.0074585237062714;False;0.0198637401343367;22.1
b8:27:eb:bf:9d:51;0.0047992976641334;51.7;False;0.0074751153901761;False;0.0199109439068155;22.1
b8:27:eb:bf:9d:51;0.0047872468244206;51.7;False;0.0074615325831148;False;0.0198722999362762;22.1
b8:27:eb:bf:9d:51;0.0048033901537805;51.7;False;0.007479725992469;False;0.0199240624594239;22.1
b8:27:eb:bf:9d:51;0.0048305597643097;52.8;False;0.0075103078068982;False;0.0200110908774994;21.9
b8:27:eb:bf:9d:51;0.0047724595128033;51.7;False;0.007444852499089;False;0.0198248505731607;22.1
b8:27:eb:bf:9d:51;0.0047912165321484;51.7;False;0.0074660079848062;False;0.0198850322161154;22.1
b8:27:eb:bf:9d:51;0.0047939277547855;51.7;False;0.0074690639957973;False;0.019893726703899;22.1
b8:27:eb:bf:9d:51;0.0048332575967484;52.8;False;0.0075133418571603;False;0.0200197263669984;22.0
b8:27:eb:bf:9d:51;0.0047818518914854;51.6;False;0.0074554487534961;False;0.0198549925995634;22.1
b8:27:eb:bf:9d:51;0.0047979763580963;51.7;False;0.0074736265734811;False;0.019906707892585;22.1
b8:27:eb:bf:9d:51;0.0048277855420396;52.8;False;0.0075071873578835;False;0.0200022097286777;22.0
b8:27:eb:bf:9d:51;0.0047831895069153;51.7;False;0.0074569573503527;False;0.0198592841805819;22.1
b8:27:eb:bf:9d:51;0.0047724595128033;51.7;False;0.007444852499089;False;0.0198248505731607;22.1
b8:27:eb:bf:9d:51;0.0048182875321695;52.6;False;0.0074965002250512;False;0.0199717948545151;22.0
b8:27:eb:bf:9d:51;0.0048318717437754;52.6;False;0.0075117833505527;False;0.020015290528299;22.0
b8:27:eb:bf:9d:51;0.0047912165321484;51.7;False;0.0074660079848062;False;0.0198850322161154;22.1
b8:27:eb:bf:9d:51;0.0048332575967484;52.6;False;0.0075133418571603;False;0.0200197263669984;22.0
b8:27:eb:bf:9d:51;0.0048386974470605;52.7;False;0.0075194582256617;False;0.0200371354486201;22.1
b8:27:eb:bf:9d:51;0.0047858569977237;51.7;False;0.0074599654663098;False;0.0198678416953624;22.1
b8:27:eb:bf:9d:51;0.004833237960391;52.6;False;0.0075133197753111;False;0.0200196635169574;22.0
b8:27:eb:bf:9d:51;0.0047738044593087;51.7;False;0.0074463701888013;False;0.0198291676026429;22.1
b8:27:eb:bf:9d:51;0.004833237960391;52.6;False;0.0075133197753111;False;0.0200196635169574;22.0
b8:27:eb:bf:9d:51;0.0047805043426883;51.7;False;0.0074539288355039;False;0.01985066887262;22.1
b8:27:eb:bf:9d:51;0.0048318913737628;52.6;False;0.0075118054269647;False;0.0200153533619883;22.1
b8:27:eb:bf:9d:51;0.004833237960391;52.5;False;0.0075133197753111;False;0.0200196635169574;22.0
b8:27:eb:bf:9d:51;0.0047805043426883;51.7;False;0.0074539288355039;False;0.01985066887262;22.1
b8:27:eb:bf:9d:51;0.0048209774997533;52.5;False;0.007499527559661;False;0.0199804101489348;22.0
b8:27:eb:bf:9d:51;0.0048237276404617;52.5;False;0.0075026221311435;False;0.0199892170334709;22.0
b8:27:eb:bf:9d:51;0.0048196152597296;52.5;False;0.0074979945303124;False;0.0199760473709047;22.1
b8:27:eb:bf:9d:51;0.0048455539124078;52.6;False;0.0075271646756203;False;0.0200590717697767;22.2
b8:27:eb:bf:9d:51;0.0048277855420396;52.5;False;0.0075071873578835;False;0.0200022097286777;22.1
b8:27:eb:bf:9d:51;0.004796621574297;51.7;False;0.0074720999170716;False;0.0199023642757082;22.1
b8:27:eb:bf:9d:51;0.0048128544638874;52.4;False;0.0074903843328715;False;0.0199543907590078;22.1
b8:27:eb:bf:9d:51;0.0048386974470605;52.4;False;0.0075194582256617;False;0.0200371354486201;22.1
b8:27:eb:bf:9d:51;0.0048264552310748;52.4;False;0.0075056908463556;False;0.0199979505778642;22.1
b8:27:eb:bf:9d:51;0.0048387171088759;52.4;False;0.0075194803292363;False;0.0200371983639998;22.1
b8:27:eb:bf:9d:51;0.0047912551009201;51.7;False;0.0074660514617528;False;0.0198851559082692;22.1
b8:27:eb:bf:9d:51;0.0048387171088759;52.4;False;0.0075194803292363;False;0.0200371983639998;22.1
b8:27:eb:bf:9d:51;0.0048387171088759;52.4;False;0.0075194803292363;False;0.0200371983639998;22.1
b8:27:eb:bf:9d:51;0.0048318913737628;52.4;False;0.0075118054269647;False;0.0200153533619883;22.1
b8:27:eb:bf:9d:51;0.0048386974470605;52.4;False;0.0075194582256617;False;0.0200371354486201;22.1
b8:27:eb:bf:9d:51;0.0047778018305283;51.7;False;0.0074508802793294;False;0.0198419967935251;22.1
b8:27:eb:bf:9d:51;0.0048074526659224;52.3;False;0.0074843017475791;False;0.0199370824064247;22.1
b8:27:eb:bf:9d:51;0.0047591050528563;51.6;False;0.0074297763831232;False;0.0197819702080981;22.1
b8:27:eb:bf:9d:51;0.0048333459627446;52.3;False;0.0075134412278597;False;0.0200200091991068;22.1
b8:27:eb:bf:9d:51;0.0047724595128033;51.7;False;0.007444852499089;False;0.0198248505731607;22.1
b8:27:eb:bf:9d:51;0.0048209774997533;52.3;False;0.007499527559661;False;0.0199804101489348;22.1
b8:27:eb:bf:9d:51;0.0048006919714112;51.7;False;0.0074766863400222;False;0.0199154136704782;22.1
b8:27:eb:bf:9d:51;0.0048264210940607;52.3;False;0.0075056524429795;False;0.0199978412805902;22.1
b8:27:eb:bf:9d:51;0.0047724595128033;51.6;False;0.007444852499089;False;0.0198248505731607;22.1
b8:27:eb:bf:9d:51;0.0048373687701841;52.3;False;0.0075179644856521;False;0.0200328837121652;22.1
b8:27:eb:bf:9d:51;0.0047858569977237;51.6;False;0.0074599654663098;False;0.0198678416953624;22.1
b8:27:eb:bf:9d:51;0.0047912165321484;51.6;False;0.0074660079848062;False;0.0198850322161154;22.1
b8:27:eb:bf:9d:51;0.0048182534614465;52.2;False;0.0074964618782909;False;0.0199716857274885;22.1
b8:27:eb:bf:9d:51;0.0048264210940607;52.2;False;0.0075056524429795;False;0.0199978412805902;22.1
b8:27:eb:bf:9d:51;0.0047926467269058;52.2;False;0.0074676201181682;False;0.0198896187773123;22.1
b8:27:eb:bf:9d:51;0.0048101356922689;52.2;False;0.0074873231512643;False;0.0199456798676802;22.1
b8:27:eb:bf:9d:51;0.0048196152597296;52.2;False;0.0074979945303124;False;0.0199760473709047;22.1
b8:27:eb:bf:9d:51;0.0047805043426883;51.6;False;0.0074539288355039;False;0.01985066887262;22.1
b8:27:eb:bf:9d:51;0.0047858569977237;52.2;False;0.0074599654663097;False;0.0198678416953624;22.1
b8:27:eb:bf:9d:51;0.0047831895069153;52.2;False;0.0074569573503527;False;0.0198592841805819;22.2
b8:27:eb:bf:9d:51;0.0047738044593087;52.1;False;0.0074463701888013;False;0.0198291676026429;22.1
b8:27:eb:bf:9d:51;0.0047697622192191;52.2;False;0.0074418084119791;False;0.0198161919262933;22.2
b8:27:eb:bf:9d:51;0.0047325992328565;52.2;False;0.0073998187197908;False;0.0196967804977652;22.2
b8:27:eb:bf:9d:51;0.0047325992328565;52.1;False;0.0073998187197908;False;0.0196967804977651;22.1
b8:27:eb:bf:9d:51;0.0047644302162776;52.1;False;0.007435789467132;False;0.0197990722604978;22.1
b8:27:eb:bf:9d:51;0.004743161851513;52.1;False;0.0074117624522435;False;0.019730741718822;22.1
b8:27:eb:bf:9d:51;0.0047498123970468;52.2;False;0.0074192788145294;False;0.0197521159162018;22.2
b8:27:eb:bf:9d:51;0.0047684938776216;52.2;False;0.0074403768339525;False;0.0198121200078415;22.2
b8:27:eb:bf:9d:51;0.0047751010715972;52.1;False;0.0074478332243465;False;0.0198333292265381;22.1
b8:27:eb:bf:9d:51;0.004741826807948;52.1;False;0.0074102532517054;False;0.0197264501998404;22.2
b8:27:eb:bf:9d:51;0.0047684672705125;52.1;False;0.0074403468013625;False;0.0198120345850173;22.1
b8:27:eb:bf:9d:51;0.0047312676006858;52.1;False;0.0073983124471393;False;0.0196924977753841;22.2
b8:27:eb:bf:9d:51;0.0047551521495894;52.1;False;0.0074253116284633;False;0.0197692724314821;22.2
b8:27:eb:bf:9d:51;0.0047484665446098;52.1;False;0.0074177579842175;False;0.0197477910284542;22.2
b8:27:eb:bf:9d:51;0.0047339312951797;52.1;False;0.0074013253617274;False;0.0197010643295803;22.2
b8:27:eb:bf:9d:51;0.004768505629188;52.1;False;0.0074403900984368;False;0.0198121577365205;22.2
b8:27:eb:bf:9d:51;0.0047564164192682;52.1;False;0.0074267397168305;False;0.0197733338627828;22.2
b8:27:eb:bf:9d:51;0.0047378903696414;52.1;False;0.0074058026190834;False;0.019713794856732;22.2
b8:27:eb:bf:9d:51;0.0047471297873722;52.1;False;0.0074162473135717;False;0.0197434950922869;22.2
b8:27:eb:bf:9d:51;0.0047418532445295;52.1;False;0.0074102831380901;False;0.0197265351833209;22.2
b8:27:eb:bf:9d:51;0.0047631635017222;52.1;False;0.0074343592831661;False;0.0197950045316619;22.2
b8:27:eb:bf:9d:51;0.0047644302162776;52.0;False;0.007435789467132;False;0.0197990722604978;22.1
b8:27:eb:bf:9d:51;0.0047418532445295;52.0;False;0.0074102831380901;False;0.0197265351833209;22.2
b8:27:eb:bf:9d:51;0.0047604456809743;52.0;False;0.0074312903728097;False;0.0197862761177747;22.2
b8:27:eb:bf:9d:51;0.0047471297873722;52.0;False;0.0074162473135717;False;0.0197434950922869;22.2
b8:27:eb:bf:9d:51;0.0047418532445295;52.0;False;0.0074102831380901;False;0.0197265351833209;22.2
b8:27:eb:bf:9d:51;0.0047325992328565;52.0;False;0.0073998187197908;False;0.0196967804977651;22.2
b8:27:eb:bf:9d:51;0.0047657725661618;52.0;False;0.0074373049323841;False;0.0198033826045546;22.2
b8:27:eb:bf:9d:51;0.0047564164192682;52.0;False;0.0074267397168305;False;0.0197733338627828;22.2
b8:27:eb:bf:9d:51;0.0047738428672614;52.0;False;0.0074464135280852;False;0.0198292908810061;22.2
b8:27:eb:bf:9d:51;0.0047604839656032;52.0;False;0.0074313336064331;False;0.0197863990785907;22.2
b8:27:eb:bf:9d:51;0.0047551256278988;52.0;False;0.0074252816690803;False;0.0197691872286584;22.2
b8:27:eb:bf:9d:51;0.0047604722367217;52.0;False;0.0074313203613875;False;0.0197863614083307;22.2
b8:27:eb:bf:9d:51;0.0047604456809743;52.0;False;0.0074312903728097;False;0.0197862761177747;22.2
b8:27:eb:bf:9d:51;0.0047325992328565;52.0;False;0.0073998187197908;False;0.0196967804977651;22.2
b8:27:eb:bf:9d:51;0.0047207962810719;52.0;False;0.0073864637481629;False;0.0196588109364572;22.2
b8:27:eb:bf:9d:51;0.0047577561781879;52.0;False;0.0074282529614345;False;0.0197776375334253;22.2
b8:27:eb:bf:9d:51;0.0047459329629309;52.0;False;0.0074148946812802;False;0.0197396486248144;22.2
b8:27:eb:bf:9d:51;0.0047671822996864;52.0;False;0.0074388963442697;False;0.0198079090233832;22.2
b8:27:eb:bf:9d:51;0.0047591050528563;52.0;False;0.0074297763831232;False;0.0197819702080981;22.2
b8:27:eb:bf:9d:51;0.0047457934619985;52.0;False;0.0074147370133659;False;0.0197392002691921;22.2
b8:27:eb:bf:9d:51;0.004736631749624;52.0;False;0.0074043793770016;False;0.0197097479871167;22.2
b8:27:eb:bf:9d:51;0.0047644302162776;52.0;False;0.007435789467132;False;0.0197990722604978;22.2
b8:27:eb:bf:9d:51;0.0047405669877559;52.0;False;0.0074088289796747;False;0.0197224002357612;22.2
b8:27:eb:bf:9d:51;0.0048047518645231;52.0;False;0.0074812598560024;False;0.0199284268855408;22.2
b8:27:eb:bf:9d:51;0.0047352988152095;52.0;False;0.0074028719864644;False;0.0197054619062516;22.2
b8:27:eb:bf:9d:51;0.0047697622192191;52.0;False;0.0074418084119791;False;0.0198161919262932;22.2
b8:27:eb:bf:9d:51;0.0047537867190549;52.0;False;0.0074237691532796;False;0.0197648857480691;22.2
b8:27:eb:bf:9d:51;0.0047194207922373;52.0;False;0.0073849067900039;False;0.0196543846483638;22.2
b8:27:eb:bf:9d:51;0.0047405669877559;52.0;False;0.0074088289796747;False;0.0197224002357611;22.2
b8:27:eb:bf:9d:51;0.004741826807948;52.0;False;0.0074102532517054;False;0.0197264501998405;22.2
b8:27:eb:bf:9d:51;0.0047513112425755;52.0;False;0.0074209723886952;False;0.0197569321184331;22.2
b8:27:eb:bf:9d:51;0.0047365570287399;52.0;False;0.0074042948796593;False;0.0197095077276711;22.2
b8:27:eb:bf:9d:51;0.0047273148764611;52.0;False;0.0073938406414498;False;0.0196797836265408;22.2
b8:27:eb:bf:9d:51;0.0047260722749611;51.9;False;0.0073924346448283;False;0.0196757862332783;22.2
b8:27:eb:bf:9d:51;0.0047551256278988;51.9;False;0.0074252816690803;False;0.0197691872286584;22.2
b8:27:eb:bf:9d:51;0.004743161851513;51.9;False;0.0074117624522435;False;0.019730741718822;22.2
b8:27:eb:bf:9d:51;0.0047564164192682;51.9;False;0.0074267397168305;False;0.0197733338627828;22.2
b8:27:eb:bf:9d:51;0.004752439574164;51.9;False;0.0074222472145968;False;0.0197605575298282;22.2
b8:27:eb:bf:9d:51;0.0047365570287399;51.9;False;0.0074042948796593;False;0.0197095077276711;22.2
b8:27:eb:bf:9d:51;0.0047458683501301;51.9;False;0.0074148216542178;False;0.0197394409598186;22.2
b8:27:eb:bf:9d:51;0.0047564164192682;51.9;False;0.0074267397168305;False;0.0197733338627828;22.2
b8:27:eb:bf:9d:51;0.0047591536346348;51.9;False;0.0074298312492505;False;0.0197821262507772;22.2
b8:27:eb:bf:9d:51;0.004743161851513;51.9;False;0.0074117624522435;False;0.019730741718822;22.2
b8:27:eb:bf:9d:51;0.0047405934162766;51.9;False;0.0074088588591427;False;0.0197224851984602;22.2
b8:27:eb:bf:9d:51;0.0047498123970468;51.9;False;0.0074192788145294;False;0.0197521159162018;22.2
b8:27:eb:bf:9d:51;0.0047697622192191;51.9;False;0.0074418084119791;False;0.0198161919262933;22.2
b8:27:eb:bf:9d:51;0.004722063600649;51.9;False;0.0073878981551487;False;0.0196628888791968;22.2
b8:27:eb:bf:9d:51;0.0047457934619985;51.9;False;0.0074147370133659;False;0.0197392002691921;22.2
b8:27:eb:bf:9d:51;0.0047458418878569;51.9;False;0.0074147917457912;False;0.0197393559101105;22.2
b8:27:eb:bf:9d:51;0.0047354587323686;51.9;False;0.0074030528399763;False;0.0197059761379803;22.2
b8:27:eb:bf:9d:51;0.0047565317474952;51.9;False;0.0074268699835727;False;0.0197737043393032;22.2
b8:27:eb:bf:9d:51;0.0047471562578871;51.9;False;0.007416277229068;False;0.0197435801632375;22.2
b8:27:eb:bf:9d:51;0.004741826807948;51.9;False;0.0074102532517054;False;0.0197264501998404;22.2
b8:27:eb:bf:9d:51;0.0047872448100479;51.9;False;0.0074615303118743;False;0.01987229347485;22.2
b8:27:eb:bf:9d:51;0.0047286452319026;51.9;False;0.0073953458178623;False;0.0196840630556085;22.2
b8:27:eb:bf:9d:51;0.0047551903853642;51.9;False;0.0074253548202073;False;0.0197693952664476;22.2
b8:27:eb:bf:9d:51;0.0047511015332603;51.9;False;0.0074207354430303;False;0.0197562582856007;22.2
b8:27:eb:bf:9d:51;0.004722063600649;51.9;False;0.0073878981551487;False;0.0196628888791968;22.2
b8:27:eb:bf:9d:51;0.0047404921956221;51.9;False;0.007408744421186;False;0.0197221597926035;22.2
b8:27:eb:bf:9d:51;0.0047142271848046;51.9;False;0.0073790268537461;False;0.0196376691072063;22.2
b8:27:eb:bf:9d:51;0.0047511015332603;51.9;False;0.0074207354430303;False;0.0197562582856007;22.2
b8:27:eb:bf:9d:51;0.0047604456809743;51.9;False;0.0074312903728097;False;0.0197862761177747;22.2
b8:27:eb:bf:9d:51;0.0047537867190549;51.9;False;0.0074237691532796;False;0.0197648857480691;22.2
b8:27:eb:bf:9d:51;0.0047591050528563;51.9;False;0.0074297763831232;False;0.0197819702080981;22.2
b8:27:eb:bf:9d:51;0.0047273148764611;51.9;False;0.0073938406414498;False;0.0196797836265408;22.2
b8:27:eb:bf:9d:51;0.0047457934619985;51.9;False;0.0074147370133659;False;0.0197392002691921;22.2
b8:27:eb:bf:9d:51;0.0047498123970468;51.9;False;0.0074192788145294;False;0.0197521159162018;22.2
b8:27:eb:bf:9d:51;0.0047511015332603;52.0;False;0.0074207354430303;False;0.0197562582856007;22.3
1c:bf:ce:15:ec:4d;0.0041574970603345;77.0;True;0.0067377785099037;False;0.0178203241010548;26.39999961853028
b8:27:eb:bf:9d:51;0.0047511015332603;51.9;False;0.0074207354430303;False;0.0197562582856007;22.2
b8:27:eb:bf:9d:51;0.0047471297873722;51.9;False;0.0074162473135717;False;0.0197434950922869;22.2
b8:27:eb:bf:9d:51;0.0047286452319026;51.9;False;0.0073953458178623;False;0.0196840630556085;22.2
b8:27:eb:bf:9d:51;0.004736631749624;51.9;False;0.0074043793770016;False;0.0197097479871167;22.2
b8:27:eb:bf:9d:51;0.0047365306260429;51.9;False;0.0074042650223532;False;0.0197094228315565;22.3
b8:27:eb:bf:9d:51;0.0047498388847298;51.9;False;0.0074193087447508;False;0.0197522010313979;22.3
b8:27:eb:bf:9d:51;0.0047365570287399;51.9;False;0.0074042948796593;False;0.0197095077276711;22.2
b8:27:eb:bf:9d:51;0.0047404921956221;51.9;False;0.007408744421186;False;0.0197221597926035;22.2
b8:27:eb:bf:9d:51;0.0047233659416782;51.9;False;0.0073893720899944;False;0.0196670792537746;22.2
b8:27:eb:bf:9d:51;0.0047365570287399;51.9;False;0.0074042948796593;False;0.0197095077276711;22.3
b8:27:eb:bf:9d:51;0.0047142271848046;51.9;False;0.0073790268537461;False;0.0196376691072063;22.2
b8:27:eb:bf:9d:51;0.0047090668112809;51.9;False;0.0073731827683662;False;0.0196210563831264;22.2
b8:27:eb:bf:9d:51;0.0047339791307358;51.9;False;0.0074013794644132;False;0.0197012181607378;22.2
b8:27:eb:bf:9d:51;0.0047181196994945;51.9;False;0.0073834339275536;False;0.0196501974951587;22.2
b8:27:eb:bf:9d:51;0.0047233659416782;51.9;False;0.0073893720899944;False;0.0196670792537746;22.2
b8:27:eb:bf:9d:51;0.0047378639584144;51.9;False;0.0074057727544563;False;0.0197137099386221;22.2
b8:27:eb:bf:9d:51;0.0047325728554772;51.9;False;0.0073997888842174;False;0.0196966956669431;22.2
b8:27:eb:bf:9d:51;0.0047498388847298;51.9;False;0.0074193087447508;False;0.0197522010313979;22.2
b8:27:eb:bf:9d:51;0.0047378639584144;51.9;False;0.0074057727544563;False;0.019713709938622;22.3
b8:27:eb:bf:9d:51;0.0047591050528563;51.9;False;0.0074297763831232;False;0.0197819702080981;22.3
b8:27:eb:bf:9d:51;0.0047498123970468;51.9;False;0.0074192788145294;False;0.0197521159162018;22.2
b8:27:eb:bf:9d:51;0.0047325728554772;51.9;False;0.0073997888842174;False;0.0196966956669431;22.2
b8:27:eb:bf:9d:51;0.0047181196994945;51.9;False;0.0073834339275536;False;0.0196501974951587;22.2
b8:27:eb:bf:9d:51;0.0047194684595545;51.9;False;0.007384960748207;False;0.0196545380454821;22.3
b8:27:eb:bf:9d:51;0.0047339312951797;51.9;False;0.0074013253617274;False;0.0197010643295803;22.3
b8:27:eb:bf:9d:51;0.0047551521495894;51.9;False;0.0074253116284633;False;0.0197692724314821;22.3
b8:27:eb:bf:9d:51;0.0047618270416348;52.0;False;0.0074328502389588;False;0.0197907125663974;22.3
b8:27:eb:bf:9d:51;0.0047365570287399;51.9;False;0.0074042948796593;False;0.0197095077276711;22.2
b8:27:eb:bf:9d:51;0.0047457934619985;51.9;False;0.0074147370133659;False;0.0197392002691921;22.3
b8:27:eb:bf:9d:51;0.0047511015332603;51.9;False;0.0074207354430303;False;0.0197562582856007;22.3
00:0f:00:70:91:0a;0.0026125893477881;75.69999694824219;False;0.0048146210446623;False;0.0124454191086939;19.600000381469727
b8:27:eb:bf:9d:51;0.0047471297873722;51.9;False;0.0074162473135717;False;0.0197434950922869;22.3
b8:27:eb:bf:9d:51;0.0047313422258139;51.9;False;0.0073983968622818;False;0.0196927377878752;22.3
b8:27:eb:bf:9d:51;0.0047380129970048;51.9;False;0.0074059412799854;False;0.0197141891302241;22.3
b8:27:eb:bf:9d:51;0.0047273412202101;51.9;False;0.0073938704481472;False;0.0196798683706137;22.3
b8:27:eb:bf:9d:51;0.0047194947531276;51.9;False;0.0073849905118054;False;0.019654622660086;22.3
b8:27:eb:bf:9d:51;0.004741826807948;51.9;False;0.0074102532517054;False;0.0197264501998404;22.3
b8:27:eb:bf:9d:51;0.0047511015332603;51.9;False;0.0074207354430303;False;0.0197562582856007;22.3
b8:27:eb:bf:9d:51;0.0047458418878569;51.9;False;0.0074147917457912;False;0.0197393559101105;22.2
b8:27:eb:bf:9d:51;0.0047326256104045;51.9;False;0.0073998485555091;False;0.0196968653290223;22.3
b8:27:eb:bf:9d:51;0.0047181196994945;51.9;False;0.0073834339275536;False;0.0196501974951587;22.2
b8:27:eb:bf:9d:51;0.004743161851513;51.9;False;0.0074117624522435;False;0.019730741718822;22.3
b8:27:eb:bf:9d:51;0.0047365570287399;51.9;False;0.0074042948796593;False;0.0197095077276711;22.3
b8:27:eb:bf:9d:51;0.0047405934162766;51.9;False;0.0074088588591427;False;0.0197224851984602;22.2
b8:27:eb:bf:9d:51;0.004741826807948;51.9;False;0.0074102532517054;False;0.0197264501998404;22.3
b8:27:eb:bf:9d:51;0.0047312676006858;51.9;False;0.0073983124471393;False;0.0196924977753841;22.2
b8:27:eb:bf:9d:51;0.0047325992328565;51.9;False;0.0073998187197908;False;0.0196967804977651;22.3
b8:27:eb:bf:9d:51;0.0047274371897407;51.9;False;0.0073939790327124;False;0.0196801770899615;22.3
b8:27:eb:bf:9d:51;0.0047274371897407;51.9;False;0.0073939790327124;False;0.0196801770899615;22.3
b8:27:eb:bf:9d:51;0.0047457934619985;51.9;False;0.0074147370133659;False;0.0197392002691921;22.3
b8:27:eb:bf:9d:51;0.0047538617519622;51.9;False;0.0074238539182962;False;0.0197651268117877;22.3
b8:27:eb:bf:9d:51;0.0047537867190548;51.9;False;0.0074237691532796;False;0.019764885748069;22.3
b8:27:eb:bf:9d:51;0.0047458683501301;51.9;False;0.0074148216542178;False;0.0197394409598186;22.3
b8:27:eb:bf:9d:51;0.0047511015332603;51.9;False;0.0074207354430303;False;0.0197562582856007;22.3
b8:27:eb:bf:9d:51;0.0047194947531276;51.9;False;0.0073849905118054;False;0.019654622660086;22.2
b8:27:eb:bf:9d:51;0.0047418751873571;51.9;False;0.0074103079442802;False;0.0197266057210228;22.2
b8:27:eb:bf:9d:51;0.0047537867190549;51.9;False;0.0074237691532796;False;0.0197648857480691;22.3
b8:27:eb:bf:9d:51;0.0047325992328565;51.9;False;0.0073998187197908;False;0.0196967804977651;22.3
b8:27:eb:bf:9d:51;0.0047378639584144;51.9;False;0.0074057727544563;False;0.019713709938622;22.2
b8:27:eb:bf:9d:51;0.0047194470855056;51.9;False;0.0073849365533404;False;0.0196544692621811;22.3
b8:27:eb:bf:9d:51;0.0047273412202101;51.9;False;0.0073938704481472;False;0.0196798683706137;22.3
b8:27:eb:bf:9d:51;0.0047405669877559;51.9;False;0.0074088289796747;False;0.0197224002357612;22.3
b8:27:eb:bf:9d:51;0.0047591050528563;51.9;False;0.0074297763831232;False;0.0197819702080981;22.3
b8:27:eb:bf:9d:51;0.0047194947531276;51.9;False;0.0073849905118054;False;0.019654622660086;22.3
b8:27:eb:bf:9d:51;0.0047418532445295;51.9;False;0.0074102831380901;False;0.0197265351833209;22.3
b8:27:eb:bf:9d:51;0.0047405669877559;51.9;False;0.0074088289796747;False;0.0197224002357612;22.3
b8:27:eb:bf:9d:51;0.0047404921956221;51.9;False;0.007408744421186;False;0.0197221597926035;22.2
b8:27:eb:bf:9d:51;0.0047471297873722;51.9;False;0.0074162473135717;False;0.0197434950922869;22.3
b8:27:eb:bf:9d:51;0.004789897779097;52.1;False;0.007464521351969;False;0.0198808027670083;22.5
b8:27:eb:bf:9d:51;0.0047365570287399;51.9;False;0.0074042948796593;False;0.0197095077276711;22.3
b8:27:eb:bf:9d:51;0.0047378903696414;51.9;False;0.0074058026190834;False;0.019713794856732;22.2
b8:27:eb:bf:9d:51;0.0047207962810719;51.9;False;0.0073864637481629;False;0.0196588109364572;22.2
b8:27:eb:bf:9d:51;0.0047405934162766;51.9;False;0.0074088588591427;False;0.0197224851984602;22.3
b8:27:eb:bf:9d:51;0.0047325992328565;51.9;False;0.0073998187197908;False;0.0196967804977652;22.2
b8:27:eb:bf:9d:51;0.004741826807948;51.9;False;0.0074102532517054;False;0.0197264501998404;22.2
b8:27:eb:bf:9d:51;0.004751150021285;51.9;False;0.0074207902287758;False;0.0197564140867342;22.3
b8:27:eb:bf:9d:51;0.004741826807948;51.9;False;0.0074102532517054;False;0.0197264501998404;22.3
b8:27:eb:bf:9d:51;0.0047286452319026;51.9;False;0.0073953458178623;False;0.0196840630556085;22.3
b8:27:eb:bf:9d:51;0.004741826807948;51.9;False;0.0074102532517054;False;0.0197264501998404;22.3
b8:27:eb:bf:9d:51;0.0047405934162766;51.9;False;0.0074088588591427;False;0.0197224851984602;22.3
b8:27:eb:bf:9d:51;0.0047457934619985;51.9;False;0.0074147370133659;False;0.0197392002691921;22.3
b8:27:eb:bf:9d:51;0.0047326256104045;51.8;False;0.0073998485555091;False;0.0196968653290223;22.2
b8:27:eb:bf:9d:51;0.0047591050528563;51.9;False;0.0074297763831232;False;0.0197819702080981;22.3
b8:27:eb:bf:9d:51;0.0047286452319026;51.9;False;0.0073953458178623;False;0.0196840630556085;22.2
b8:27:eb:bf:9d:51;0.0047273412202101;51.9;False;0.0073938704481472;False;0.0196798683706137;22.3
b8:27:eb:bf:9d:51;0.0047697622192191;51.9;False;0.0074418084119791;False;0.0198161919262932;22.3
b8:27:eb:bf:9d:51;0.0047418532445295;51.9;False;0.0074102831380901;False;0.0197265351833209;22.3
b8:27:eb:bf:9d:51;0.0047286188798138;51.8;False;0.0073953160040031;False;0.0196839782900207;22.2
b8:27:eb:bf:9d:51;0.0047472163910789;51.9;False;0.0074163451880686;False;0.0197437734189108;22.3
b8:27:eb:bf:9d:51;0.0047658108999606;51.9;False;0.0074373482081448;False;0.0198035056920027;22.3
b8:27:eb:bf:9d:51;0.004741826807948;51.9;False;0.0074102532517054;False;0.0197264501998404;22.3
b8:27:eb:bf:9d:51;0.0047537867190549;51.9;False;0.0074237691532796;False;0.0197648857480691;22.3
b8:27:eb:bf:9d:51;0.0047340654591606;51.9;False;0.0074014771026914;False;0.0197014957776364;22.3
b8:27:eb:bf:9d:51;0.0047498123970468;51.9;False;0.0074192788145294;False;0.0197521159162018;22.3
b8:27:eb:bf:9d:51;0.0047312676006858;51.9;False;0.0073983124471393;False;0.0196924977753841;22.3
b8:27:eb:bf:9d:51;0.0047233659416782;51.9;False;0.0073893720899944;False;0.0196670792537746;22.3
b8:27:eb:bf:9d:51;0.0047591050528563;51.9;False;0.0074297763831232;False;0.0197819702080981;22.3
b8:27:eb:bf:9d:51;0.0047128801436305;51.9;False;0.0073775015101728;False;0.0196333329936777;22.3
b8:27:eb:bf:9d:51;0.0047089450433241;51.8;False;0.0073730448456573;False;0.0196206643271584;22.2
b8:27:eb:bf:9d:51;0.0047325992328565;51.8;False;0.0073998187197908;False;0.0196967804977652;22.2
b8:27:eb:bf:9d:51;0.0047591050528563;51.9;False;0.0074297763831232;False;0.0197819702080981;22.3
b8:27:eb:bf:9d:51;0.0047378903696414;51.9;False;0.0074058026190834;False;0.019713794856732;22.3
b8:27:eb:bf:9d:51;0.0047378639584144;51.9;False;0.0074057727544563;False;0.0197137099386221;22.3
b8:27:eb:bf:9d:51;0.0047511882201296;51.9;False;0.0074208333888531;False;0.0197565368265442;22.3
1c:bf:ce:15:ec:4d;0.0040232454929871;75.80000305175781;True;0.0065796728549932;False;0.0173740092568121;25.200000762939453
b8:27:eb:bf:9d:51;0.0047102907937369;51.9;False;0.0073745690797496;False;0.0196249971082319;22.3
b8:27:eb:bf:9d:51;0.0047181196994945;51.9;False;0.0073834339275536;False;0.0196501974951587;22.3
b8:27:eb:bf:9d:51;0.0047339049092796;51.9;False;0.0074012955188392;False;0.0197009794767825;22.3
b8:27:eb:bf:9d:51;0.0047365570287399;51.9;False;0.0074042948796593;False;0.0197095077276711;22.3
b8:27:eb:bf:9d:51;0.004741826807948;51.9;False;0.0074102532517054;False;0.0197264501998404;22.3
b8:27:eb:bf:9d:51;0.0047247427502313;51.9;False;0.0073909301818267;False;0.0196715089473612;22.3
b8:27:eb:bf:9d:51;0.0047089450433241;51.8;False;0.0073730448456573;False;0.0196206643271584;22.3
b8:27:eb:bf:9d:51;0.0047458418878569;51.8;False;0.0074147917457912;False;0.0197393559101105;22.3
b8:27:eb:bf:9d:51;0.0047312676006858;51.8;False;0.0073983124471393;False;0.0196924977753841;22.3
b8:27:eb:bf:9d:51;0.004741826807948;51.8;False;0.0074102532517054;False;0.0197264501998404;22.3
b8:27:eb:bf:9d:51;0.004751150021285;51.8;False;0.0074207902287758;False;0.0197564140867342;22.3
b8:27:eb:bf:9d:51;0.0047325728554772;51.8;False;0.0073997888842174;False;0.0196966956669431;22.3
b8:27:eb:bf:9d:51;0.0047418751873571;51.8;False;0.0074103079442802;False;0.0197266057210228;22.3
b8:27:eb:bf:9d:51;0.0047551521495894;51.9;False;0.0074253116284633;False;0.0197692724314821;22.3
b8:27:eb:bf:9d:51;0.0047498770714766;51.8;False;0.0074193518944531;False;0.0197523237400327;22.3
b8:27:eb:bf:9d:51;0.0047365570287399;51.8;False;0.0074042948796593;False;0.0197095077276711;22.3
b8:27:eb:bf:9d:51;0.0047365570287399;51.8;False;0.0074042948796593;False;0.0197095077276711;22.3
b8:27:eb:bf:9d:51;0.0047765043765809;51.8;False;0.0074494165230356;False;0.0198378330033316;22.2
b8:27:eb:bf:9d:51;0.0047325728554772;51.7;False;0.0073997888842174;False;0.0196966956669431;22.2
b8:27:eb:bf:9d:51;0.0047273412202101;51.7;False;0.0073938704481472;False;0.0196798683706137;22.2
b8:27:eb:bf:9d:51;0.0047511015332603;51.7;False;0.0074207354430303;False;0.0197562582856007;22.2
b8:27:eb:bf:9d:51;0.0047273148764611;51.7;False;0.0073938406414498;False;0.0196797836265408;22.2
b8:27:eb:bf:9d:51;0.0047457934619985;51.6;False;0.0074147370133659;False;0.0197392002691921;22.2
b8:27:eb:bf:9d:51;0.004768505629188;51.5;False;0.0074403900984368;False;0.0198121577365205;22.2
b8:27:eb:bf:9d:51;0.0047818518914854;51.6;False;0.0074554487534961;False;0.0198549925995634;22.1
b8:27:eb:bf:9d:51;0.0048074671439179;51.6;False;0.0074843180527588;False;0.0199371288024863;22.1
b8:27:eb:bf:9d:51;0.0047697622192191;51.6;False;0.0074418084119791;False;0.0198161919262933;22.1
b8:27:eb:bf:9d:51;0.0047858569977237;51.6;False;0.0074599654663097;False;0.0198678416953624;22.1
b8:27:eb:bf:9d:51;0.0047711466830052;51.6;False;0.0074433709370105;False;0.019820636365685;22.1
b8:27:eb:bf:9d:51;0.0047993702248212;51.6;False;0.0074751971465754;False;0.0199111765235996;22.1
b8:27:eb:bf:9d:51;0.0047778018305283;51.6;False;0.0074508802793294;False;0.0198419967935251;22.1
b8:27:eb:bf:9d:51;0.0047845399375022;51.6;False;0.0074584802821034;False;0.0198636166008352;22.1
b8:27:eb:bf:9d:51;0.0047926081452773;51.6;False;0.0074675766302221;False;0.0198894950520925;22.1
b8:27:eb:bf:9d:51;0.0047845399375022;51.6;False;0.0074584802821034;False;0.0198636166008352;22.1
b8:27:eb:bf:9d:51;0.0047724595128033;51.6;False;0.007444852499089;False;0.0198248505731607;22.1
b8:27:eb:bf:9d:51;0.0047939277547855;51.6;False;0.0074690639957973;False;0.019893726703899;22.1
b8:27:eb:bf:9d:51;0.0047711466830052;51.6;False;0.0074433709370105;False;0.019820636365685;22.1
b8:27:eb:bf:9d:51;0.0047805043426883;51.5;False;0.0074539288355039;False;0.01985066887262;21.9
b8:27:eb:bf:9d:51;0.004775190269751;51.7;False;0.0074479338672547;False;0.0198336155086663;22.1
b8:27:eb:bf:9d:51;0.0047805043426883;51.6;False;0.0074539288355039;False;0.01985066887262;22.1
b8:27:eb:bf:9d:51;0.0048047131710362;51.6;False;0.0074812162723937;False;0.0199283028727273;22.1
b8:27:eb:bf:9d:51;0.0047805043426883;51.7;False;0.0074539288355039;False;0.01985066887262;22.1
b8:27:eb:bf:9d:51;0.0047805043426883;51.7;False;0.0074539288355039;False;0.01985066887262;22.1
b8:27:eb:bf:9d:51;0.0048073944427212;51.7;False;0.0074842361762271;False;0.0199368958245272;22.1
b8:27:eb:bf:9d:51;0.0048114948576898;51.7;False;0.0074888535537281;False;0.0199500347470578;22.1
b8:27:eb:bf:9d:51;0.0047980149893255;51.6;False;0.0074736701038545;False;0.019906831745351;22.1
b8:27:eb:bf:9d:51;0.0048006919714112;51.6;False;0.0074766863400222;False;0.0199154136704782;22.1
b8:27:eb:bf:9d:51;0.004768505629188;51.7;False;0.0074403900984368;False;0.0198121577365205;22.1
b8:27:eb:bf:9d:51;0.0047724595128033;51.7;False;0.007444852499089;False;0.0198248505731607;22.1
b8:27:eb:bf:9d:51;0.0047604456809743;51.7;False;0.0074312903728097;False;0.0197862761177747;22.1
b8:27:eb:bf:9d:51;0.0047778018305283;51.6;False;0.0074508802793294;False;0.0198419967935251;22.1
b8:27:eb:bf:9d:51;0.0047805043426883;51.6;False;0.0074539288355039;False;0.01985066887262;22.1
b8:27:eb:bf:9d:51;0.0047778018305283;51.6;False;0.0074508802793294;False;0.0198419967935251;22.1
b8:27:eb:bf:9d:51;0.0047912165321484;51.7;False;0.0074660079848062;False;0.0198850322161154;22.1
b8:27:eb:bf:9d:51;0.0047858955169852;51.7;False;0.0074600089008899;False;0.019867965260162;22.1
b8:27:eb:bf:9d:51;0.0047858955169852;51.7;False;0.0074600089008899;False;0.019867965260162;22.1
b8:27:eb:bf:9d:51;0.0047912165321484;51.7;False;0.0074660079848062;False;0.0198850322161154;22.1
b8:27:eb:bf:9d:51;0.0047698005898498;51.7;False;0.0074418517192952;False;0.0198163151085771;22.1
b8:27:eb:bf:9d:51;0.0048141804733518;51.7;False;0.0074918771702801;False;0.0199586388617518;22.1
b8:27:eb:bf:9d:51;0.0047912551009201;51.7;False;0.0074660514617528;False;0.0198851559082692;22.1
b8:27:eb:bf:9d:51;0.0048128544638874;51.7;False;0.0074903843328715;False;0.0199543907590078;22.1
b8:27:eb:bf:9d:51;0.0047551256278988;51.7;False;0.0074252816690803;False;0.0197691872286584;22.1
b8:27:eb:bf:9d:51;0.0047778018305283;51.7;False;0.0074508802793294;False;0.0198419967935251;22.1
b8:27:eb:bf:9d:51;0.0047926081452773;51.7;False;0.0074675766302221;False;0.0198894950520925;22.1
b8:27:eb:bf:9d:51;0.0047831895069153;51.6;False;0.0074569573503527;False;0.0198592841805819;22.1
b8:27:eb:bf:9d:51;0.0047458683501301;51.4;False;0.0074148216542178;False;0.0197394409598186;22.0
b8:27:eb:bf:9d:51;0.0047458683501301;51.4;False;0.0074148216542178;False;0.0197394409598186;22.0
b8:27:eb:bf:9d:51;0.0047671240495326;51.4;False;0.007438830589749;False;0.0198077219978969;22.0
b8:27:eb:bf:9d:51;0.0047591050528563;51.4;False;0.0074297763831232;False;0.0197819702080981;22.0
b8:27:eb:bf:9d:51;0.0047644302162776;51.4;False;0.007435789467132;False;0.0197990722604978;22.0
b8:27:eb:bf:9d:51;0.0047498388847298;51.4;False;0.0074193087447508;False;0.0197522010313979;22.0
b8:27:eb:bf:9d:51;0.0047644302162776;51.4;False;0.007435789467132;False;0.0197990722604978;22.0
b8:27:eb:bf:9d:51;0.0047551256278988;51.4;False;0.0074252816690803;False;0.0197691872286584;22.0
b8:27:eb:bf:9d:51;0.0047605689785583;51.4;False;0.0074314296085369;False;0.019786672118499;22.0
b8:27:eb:bf:9d:51;0.0047684672705125;51.5;False;0.0074403468013625;False;0.0198120345850173;22.0
b8:27:eb:bf:9d:51;0.0047684938776216;51.5;False;0.0074403768339525;False;0.0198121200078415;22.0
b8:27:eb:bf:9d:51;0.0047671240495326;51.5;False;0.007438830589749;False;0.0198077219978969;22.0
b8:27:eb:bf:9d:51;0.004752439574164;51.5;False;0.0074222472145968;False;0.0197605575298282;22.0
b8:27:eb:bf:9d:51;0.0047617381298984;51.5;False;0.0074327498414266;False;0.0197904270217207;22.0
b8:27:eb:bf:9d:51;0.0047552487673575;51.5;False;0.007425420769257;False;0.0197695828220444;22.0
b8:27:eb:bf:9d:51;0.0047684672705125;51.5;False;0.0074403468013625;False;0.0198120345850173;22.0
b8:27:eb:bf:9d:51;0.0047617381298984;51.5;False;0.0074327498414266;False;0.0197904270217207;22.0
b8:27:eb:bf:9d:51;0.0047551256278988;51.5;False;0.0074252816690803;False;0.0197691872286584;22.0
b8:27:eb:bf:9d:51;0.0047670666750434;51.5;False;0.0074387658234875;False;0.019807537783425;22.0
b8:27:eb:bf:9d:51;0.0047551256278988;51.5;False;0.0074252816690803;False;0.0197691872286584;22.0
b8:27:eb:bf:9d:51;0.0047899363356856;51.5;False;0.0074645648184915;False;0.0198809264278267;22.0
b8:27:eb:bf:9d:51;0.0047604456809743;51.5;False;0.0074312903728097;False;0.0197862761177747;22.0
b8:27:eb:bf:9d:51;0.0047604839656032;51.5;False;0.0074313336064331;False;0.0197863990785907;22.0
b8:27:eb:bf:9d:51;0.0047551256278988;51.5;False;0.0074252816690803;False;0.0197691872286584;22.0
b8:27:eb:bf:9d:51;0.0047325728554772;51.5;False;0.0073997888842174;False;0.0196966956669431;22.0
b8:27:eb:bf:9d:51;0.0047912165321484;51.5;False;0.0074660079848062;False;0.0198850322161154;22.1
b8:27:eb:bf:9d:51;0.0047751394915225;51.5;False;0.0074478765738839;False;0.0198334525357189;22.0
b8:27:eb:bf:9d:51;0.0047471297873722;51.5;False;0.0074162473135717;False;0.0197434950922869;22.0
b8:27:eb:bf:9d:51;0.0047858569977237;51.5;False;0.0074599654663097;False;0.0198678416953624;22.0
b8:27:eb:bf:9d:51;0.0047738044593087;51.5;False;0.0074463701888013;False;0.0198291676026429;22.0
b8:27:eb:bf:9d:51;0.0047912551009201;51.5;False;0.0074660514617528;False;0.0198851559082692;22.0
b8:27:eb:bf:9d:51;0.0047751010715972;51.5;False;0.0074478332243465;False;0.0198333292265381;22.0
b8:27:eb:bf:9d:51;0.0047551256278988;51.5;False;0.0074252816690803;False;0.0197691872286584;22.0
b8:27:eb:bf:9d:51;0.004752439574164;51.5;False;0.0074222472145968;False;0.0197605575298282;22.0
b8:27:eb:bf:9d:51;0.0047724595128033;51.5;False;0.007444852499089;False;0.0198248505731607;22.0
b8:27:eb:bf:9d:51;0.0047684672705125;51.5;False;0.0074403468013625;False;0.0198120345850173;22.0
b8:27:eb:bf:9d:51;0.0047818518914854;51.5;False;0.0074554487534961;False;0.0198549925995634;22.0
b8:27:eb:bf:9d:51;0.0047577561781879;51.5;False;0.0074282529614345;False;0.0197776375334253;22.0
b8:27:eb:bf:9d:51;0.0047684672705125;51.5;False;0.0074403468013625;False;0.0198120345850173;22.1
b8:27:eb:bf:9d:51;0.0047764873140365;51.5;False;0.0074493972727514;False;0.0198377782444888;22.0
b8:27:eb:bf:9d:51;0.0047551256278988;51.5;False;0.0074252816690803;False;0.0197691872286584;22.1
b8:27:eb:bf:9d:51;0.0047738044593087;51.5;False;0.0074463701888013;False;0.0198291676026429;22.1
b8:27:eb:bf:9d:51;0.0047697622192191;51.5;False;0.0074418084119791;False;0.0198161919262933;22.1
b8:27:eb:bf:9d:51;0.0047511015332603;51.5;False;0.0074207354430303;False;0.0197562582856007;22.1
b8:27:eb:bf:9d:51;0.0047992976641334;51.5;False;0.0074751153901761;False;0.0199109439068155;22.1
b8:27:eb:bf:9d:51;0.0047698492969529;51.5;False;0.0074419066928138;False;0.0198164714739963;22.1
b8:27:eb:bf:9d:51;0.0047778018305283;51.5;False;0.0074508802793294;False;0.0198419967935251;22.1
b8:27:eb:bf:9d:51;0.0047724595128033;51.5;False;0.007444852499089;False;0.0198248505731607;22.1
b8:27:eb:bf:9d:51;0.004751150021285;51.5;False;0.0074207902287758;False;0.0197564140867342;22.1
b8:27:eb:bf:9d:51;0.0047458683501301;51.5;False;0.0074148216542178;False;0.0197394409598186;22.1
b8:27:eb:bf:9d:51;0.0047658108999606;51.5;False;0.0074373482081448;False;0.0198035056920027;22.1
b8:27:eb:bf:9d:51;0.0047591050528563;51.5;False;0.0074297763831232;False;0.0197819702080981;22.1
b8:27:eb:bf:9d:51;0.0047578399629877;51.5;False;0.0074283475916308;False;0.0197779066638765;22.1
b8:27:eb:bf:9d:51;0.0047751010715972;51.5;False;0.0074478332243465;False;0.0198333292265381;22.1
b8:27:eb:bf:9d:51;0.0047966601930076;51.5;False;0.0074721434367382;False;0.0199024880962863;22.1
b8:27:eb:bf:9d:51;0.0047778402753933;51.5;False;0.0074509236502229;False;0.0198421201668948;22.1
b8:27:eb:bf:9d:51;0.0047885456128604;51.5;False;0.00746299693483;False;0.0198764658817442;22.1
b8:27:eb:bf:9d:51;0.0047644302162776;51.5;False;0.007435789467132;False;0.0197990722604978;22.1
b8:27:eb:bf:9d:51;0.0047644302162776;51.5;False;0.007435789467132;False;0.0197990722604979;22.1
b8:27:eb:bf:9d:51;0.0047378903696414;51.5;False;0.0074058026190834;False;0.019713794856732;22.1
b8:27:eb:bf:9d:51;0.0047684672705125;51.5;False;0.0074403468013625;False;0.0198120345850173;22.1
b8:27:eb:bf:9d:51;0.0047247427502313;51.5;False;0.0073909301818267;False;0.0196715089473612;22.1
b8:27:eb:bf:9d:51;0.0047420624854229;51.5;False;0.0074105196819438;False;0.0197272078088261;22.1
b8:27:eb:bf:9d:51;0.0047458418878569;51.5;False;0.0074147917457912;False;0.0197393559101105;22.1
b8:27:eb:bf:9d:51;0.0047551521495894;51.5;False;0.0074253116284633;False;0.0197692724314821;22.1
b8:27:eb:bf:9d:51;0.0047591433251118;51.5;False;0.0074298196061409;False;0.0197820931370426;22.1
b8:27:eb:bf:9d:51;0.0047885456128604;51.5;False;0.00746299693483;False;0.0198764658817442;22.1
b8:27:eb:bf:9d:51;0.0047378639584144;51.5;False;0.0074057727544563;False;0.0197137099386221;22.1
b8:27:eb:bf:9d:51;0.0047818518914854;51.5;False;0.0074554487534961;False;0.0198549925995634;22.1
b8:27:eb:bf:9d:51;0.0047979763580963;51.5;False;0.0074736265734811;False;0.019906707892585;22.1
b8:27:eb:bf:9d:51;0.0047751010715972;51.5;False;0.0074478332243465;False;0.0198333292265381;22.1
b8:27:eb:bf:9d:51;0.0047658108999606;51.5;False;0.0074373482081448;False;0.0198035056920027;22.1
b8:27:eb:bf:9d:51;0.0047471297873722;51.5;False;0.0074162473135717;False;0.0197434950922869;22.1
b8:27:eb:bf:9d:51;0.004751150021285;51.5;False;0.0074207902287758;False;0.0197564140867342;22.1
b8:27:eb:bf:9d:51;0.0047778018305283;51.5;False;0.0074508802793294;False;0.0198419967935251;22.1
b8:27:eb:bf:9d:51;0.0047644685376851;51.5;False;0.0074358327322749;False;0.0197991953160364;22.1
b8:27:eb:bf:9d:51;0.0047724595128033;51.5;False;0.007444852499089;False;0.0198248505731607;22.1
b8:27:eb:bf:9d:51;0.0047365306260429;51.5;False;0.0074042650223532;False;0.0197094228315566;22.1
b8:27:eb:bf:9d:51;0.004783151012648;51.5;False;0.0074569139371654;False;0.0198591606800869;22.1
b8:27:eb:bf:9d:51;0.0047657725661618;51.5;False;0.0074373049323841;False;0.0198033826045546;22.1
b8:27:eb:bf:9d:51;0.0047684672705125;51.5;False;0.0074403468013625;False;0.0198120345850173;22.1
b8:27:eb:bf:9d:51;0.004743161851513;51.5;False;0.0074117624522435;False;0.019730741718822;22.1
b8:27:eb:bf:9d:51;0.0047697622192191;51.5;False;0.0074418084119791;False;0.0198161919262933;22.1
b8:27:eb:bf:9d:51;0.0047912551009201;51.7;False;0.0074660514617528;False;0.0198851559082692;22.1
b8:27:eb:bf:9d:51;0.0047644788604483;51.5;False;0.0074358443867319;False;0.019799228463872;22.1
b8:27:eb:bf:9d:51;0.0047551521495894;51.5;False;0.0074253116284633;False;0.0197692724314821;22.1
b8:27:eb:bf:9d:51;0.0047631369287444;51.5;False;0.0074343292798212;False;0.0197949191967279;22.1
b8:27:eb:bf:9d:51;0.0047471297873722;51.5;False;0.0074162473135717;False;0.0197434950922869;22.1
b8:27:eb:bf:9d:51;0.0047738044593087;51.5;False;0.0074463701888013;False;0.0198291676026429;22.1
b8:27:eb:bf:9d:51;0.0047498123970468;51.5;False;0.0074192788145294;False;0.0197521159162018;22.1
b8:27:eb:bf:9d:51;0.0047564164192682;51.5;False;0.0074267397168305;False;0.0197733338627828;22.1
b8:27:eb:bf:9d:51;0.0047418532445295;51.5;False;0.0074102831380901;False;0.0197265351833209;22.1
b8:27:eb:bf:9d:51;0.0047498388847298;51.5;False;0.0074193087447508;False;0.0197522010313979;22.1
b8:27:eb:bf:9d:51;0.0047697622192191;51.5;False;0.0074418084119791;False;0.0198161919262933;22.1
b8:27:eb:bf:9d:51;0.0047273412202101;51.5;False;0.0073938704481472;False;0.0196798683706137;22.1
b8:27:eb:bf:9d:51;0.004752439574164;51.5;False;0.0074222472145968;False;0.0197605575298282;22.1
b8:27:eb:bf:9d:51;0.0047684672705125;51.5;False;0.0074403468013625;False;0.0198120345850173;22.1
b8:27:eb:bf:9d:51;0.0047939982046707;51.5;False;0.0074691433984774;False;0.0198939526113043;22.1
b8:27:eb:bf:9d:51;0.0047644302162776;51.5;False;0.007435789467132;False;0.0197990722604978;22.1
b8:27:eb:bf:9d:51;0.0047818518914854;51.5;False;0.0074554487534961;False;0.0198549925995634;22.1
b8:27:eb:bf:9d:51;0.0047498123970468;51.5;False;0.0074192788145294;False;0.0197521159162018;22.1
b8:27:eb:bf:9d:51;0.0048047131710362;51.5;False;0.0074812162723937;False;0.0199283028727273;22.1
b8:27:eb:bf:9d:51;0.0047551256278988;51.5;False;0.0074252816690803;False;0.0197691872286584;22.1
b8:27:eb:bf:9d:51;0.0047738428672614;51.5;False;0.0074464135280852;False;0.0198292908810061;22.1
b8:27:eb:bf:9d:51;0.0047684672705125;51.5;False;0.0074403468013625;False;0.0198120345850173;22.1
b8:27:eb:bf:9d:51;0.0047858569977237;51.7;False;0.0074599654663097;False;0.0198678416953624;22.1
b8:27:eb:bf:9d:51;0.0047778402753933;51.5;False;0.0074509236502229;False;0.0198421201668948;22.1
b8:27:eb:bf:9d:51;0.0047738044593087;51.5;False;0.0074463701888013;False;0.0198291676026429;22.1
b8:27:eb:bf:9d:51;0.0047697622192191;51.5;False;0.0074418084119791;False;0.0198161919262932;22.1
b8:27:eb:bf:9d:51;0.0047724595128033;51.5;False;0.007444852499089;False;0.0198248505731607;22.1
b8:27:eb:bf:9d:51;0.0047671240495326;51.5;False;0.007438830589749;False;0.0198077219978969;22.1
b8:27:eb:bf:9d:51;0.0047644302162776;51.5;False;0.007435789467132;False;0.0197990722604978;22.1
b8:27:eb:bf:9d:51;0.004752439574164;51.5;False;0.0074222472145968;False;0.0197605575298282;22.1
b8:27:eb:bf:9d:51;0.0047845399375022;51.5;False;0.0074584802821034;False;0.0198636166008352;22.1
b8:27:eb:bf:9d:51;0.0047858569977237;51.7;False;0.0074599654663097;False;0.0198678416953624;22.1
b8:27:eb:bf:9d:51;0.0047698005898498;51.5;False;0.0074418517192952;False;0.0198163151085772;22.1
b8:27:eb:bf:9d:51;0.0047724595128033;51.5;False;0.007444852499089;False;0.0198248505731607;22.1
b8:27:eb:bf:9d:51;0.0047604456809743;51.5;False;0.0074312903728097;False;0.0197862761177747;22.1
b8:27:eb:bf:9d:51;0.0047724595128033;51.5;False;0.007444852499089;False;0.0198248505731607;22.1
b8:27:eb:bf:9d:51;0.0047993363075724;51.6;False;0.0074751589309915;False;0.0199110677909734;22.2
b8:27:eb:bf:9d:51;0.0047697622192191;51.6;False;0.0074418084119791;False;0.0198161919262933;22.2
b8:27:eb:bf:9d:51;0.0047551256278988;51.5;False;0.0074252816690803;False;0.0197691872286584;22.1
b8:27:eb:bf:9d:51;0.0047778018305283;51.5;False;0.0074508802793294;False;0.0198419967935251;22.1
b8:27:eb:bf:9d:51;0.004743161851513;51.6;False;0.0074117624522435;False;0.019730741718822;22.2
b8:27:eb:bf:9d:51;0.0047845399375022;51.5;False;0.0074584802821034;False;0.0198636166008352;22.1
b8:27:eb:bf:9d:51;0.0047872448100479;51.6;False;0.0074615303118743;False;0.01987229347485;22.2
b8:27:eb:bf:9d:51;0.0047791869623627;51.5;False;0.0074524428303678;False;0.0198464416760551;22.1
b8:27:eb:bf:9d:51;0.0047551521495894;51.5;False;0.0074253116284633;False;0.0197692724314821;22.1
b8:27:eb:bf:9d:51;0.0047511015332603;51.5;False;0.0074207354430303;False;0.0197562582856007;22.2
b8:27:eb:bf:9d:51;0.0047339791307358;51.5;False;0.0074013794644132;False;0.0197012181607378;22.1
b8:27:eb:bf:9d:51;0.0047511015332603;51.5;False;0.0074207354430303;False;0.0197562582856007;22.1
b8:27:eb:bf:9d:51;0.004783151012648;51.5;False;0.0074569139371654;False;0.0198591606800869;22.1
b8:27:eb:bf:9d:51;0.0047605325635367;51.5;False;0.0074313884864074;False;0.019786555162882;22.1
b8:27:eb:bf:9d:51;0.0047778018305283;51.5;False;0.0074508802793294;False;0.0198419967935251;22.1
b8:27:eb:bf:9d:51;0.0047764873140365;51.5;False;0.0074493972727514;False;0.0198377782444888;22.1
b8:27:eb:bf:9d:51;0.0047458683501301;51.5;False;0.0074148216542178;False;0.0197394409598186;22.1
b8:27:eb:bf:9d:51;0.0047578399629877;51.4;False;0.0074283475916308;False;0.0197779066638765;22.1
b8:27:eb:bf:9d:51;0.0047670666750434;51.4;False;0.0074387658234875;False;0.019807537783425;22.1
b8:27:eb:bf:9d:51;0.0047431882966368;51.5;False;0.0074117923459575;False;0.0197308267243241;22.2
b8:27:eb:bf:9d:51;0.0048060705781187;51.5;False;0.0074827451719215;False;0.0199326532333449;22.1
b8:27:eb:bf:9d:51;0.0047365306260429;51.4;False;0.0074042650223532;False;0.0197094228315566;22.1
b8:27:eb:bf:9d:51;0.0048061092841516;51.7;False;0.0074827887662556;False;0.0199327772784043;22.0
b8:27:eb:bf:9d:51;0.0047670666750434;51.5;False;0.0074387658234875;False;0.019807537783425;22.1
b8:27:eb:bf:9d:51;0.004775190269751;51.5;False;0.0074479338672547;False;0.0198336155086663;22.1
b8:27:eb:bf:9d:51;0.0047286452319026;51.5;False;0.0073953458178623;False;0.0196840630556085;22.1
b8:27:eb:bf:9d:51;0.0048101356922689;51.5;False;0.0074873231512643;False;0.0199456798676802;22.1
b8:27:eb:bf:9d:51;0.0047604456809743;51.6;False;0.0074312903728097;False;0.0197862761177747;22.2
b8:27:eb:bf:9d:51;0.004751150021285;51.5;False;0.0074207902287758;False;0.0197564140867342;22.1
b8:27:eb:bf:9d:51;0.0047738428672614;51.6;False;0.0074464135280852;False;0.0198292908810061;22.2
b8:27:eb:bf:9d:51;0.0047511015332603;51.6;False;0.0074207354430303;False;0.0197562582856007;22.2
b8:27:eb:bf:9d:51;0.0047724595128033;51.6;False;0.007444852499089;False;0.0198248505731607;22.2
b8:27:eb:bf:9d:51;0.0047697622192191;51.5;False;0.0074418084119791;False;0.0198161919262933;22.1
b8:27:eb:bf:9d:51;0.004780574566226;51.5;False;0.0074540080444813;False;0.0198508941977591;22.1
b8:27:eb:bf:9d:51;0.0047751010715972;51.5;False;0.0074478332243465;False;0.0198333292265381;22.1
b8:27:eb:bf:9d:51;0.0047378639584144;51.6;False;0.0074057727544563;False;0.0197137099386221;22.2
b8:27:eb:bf:9d:51;0.0047564164192682;51.6;False;0.0074267397168305;False;0.0197733338627828;22.2
b8:27:eb:bf:9d:51;0.0047457934619985;51.6;False;0.0074147370133659;False;0.0197392002691921;22.2
b8:27:eb:bf:9d:51;0.0047551256278988;51.5;False;0.0074252816690803;False;0.0197691872286584;22.1
b8:27:eb:bf:9d:51;0.0047697622192191;51.6;False;0.0074418084119791;False;0.0198161919262932;22.2
b8:27:eb:bf:9d:51;0.0047778018305283;51.5;False;0.0074508802793294;False;0.0198419967935251;22.1
b8:27:eb:bf:9d:51;0.0047657725661618;51.6;False;0.0074373049323841;False;0.0198033826045546;22.2
b8:27:eb:bf:9d:51;0.0047644302162776;51.6;False;0.007435789467132;False;0.0197990722604978;22.2
b8:27:eb:bf:9d:51;0.0047738044593087;51.6;False;0.0074463701888013;False;0.0198291676026429;22.2
b8:27:eb:bf:9d:51;0.0047724595128033;51.5;False;0.007444852499089;False;0.0198248505731607;22.1
b8:27:eb:bf:9d:51;0.0047564164192682;51.5;False;0.0074267397168305;False;0.0197733338627828;22.1
b8:27:eb:bf:9d:51;0.004752439574164;51.5;False;0.0074222472145968;False;0.0197605575298282;22.2
b8:27:eb:bf:9d:51;0.0047912165321484;51.5;False;0.0074660079848062;False;0.0198850322161154;22.2
b8:27:eb:bf:9d:51;0.0047551256278988;51.5;False;0.0074252816690803;False;0.0197691872286584;22.2
b8:27:eb:bf:9d:51;0.0047577561781879;51.6;False;0.0074282529614345;False;0.0197776375334253;22.2
b8:27:eb:bf:9d:51;0.004741826807948;51.5;False;0.0074102532517054;False;0.0197264501998405;22.2
b8:27:eb:bf:9d:51;0.0047551256278988;51.5;False;0.0074252816690803;False;0.0197691872286584;22.1
b8:27:eb:bf:9d:51;0.0047644302162776;51.5;False;0.007435789467132;False;0.0197990722604978;22.2
b8:27:eb:bf:9d:51;0.0047858569977237;51.5;False;0.0074599654663097;False;0.0198678416953624;22.2
b8:27:eb:bf:9d:51;0.0047738428672614;51.5;False;0.0074464135280852;False;0.0198292908810061;22.2
b8:27:eb:bf:9d:51;0.0047604456809743;51.6;False;0.0074312903728097;False;0.0197862761177747;22.2
b8:27:eb:bf:9d:51;0.0047471297873722;51.5;False;0.0074162473135717;False;0.0197434950922869;22.2
b8:27:eb:bf:9d:51;0.0047738044593087;51.5;False;0.0074463701888013;False;0.0198291676026429;22.2
b8:27:eb:bf:9d:51;0.0047326256104045;51.5;False;0.0073998485555091;False;0.0196968653290223;22.2
b8:27:eb:bf:9d:51;0.0047992976641334;51.6;False;0.0074751153901761;False;0.0199109439068155;22.2
b8:27:eb:bf:9d:51;0.0047432483721473;51.5;False;0.0074118602554752;False;0.0197310198313177;22.2
b8:27:eb:bf:9d:51;0.0047604456809743;51.5;False;0.0074312903728097;False;0.0197862761177747;22.2
b8:27:eb:bf:9d:51;0.0047912165321484;51.5;False;0.0074660079848062;False;0.0198850322161154;22.2
b8:27:eb:bf:9d:51;0.0047617381298984;51.6;False;0.0074327498414266;False;0.0197904270217207;22.2
b8:27:eb:bf:9d:51;0.0047791869623627;51.5;False;0.0074524428303678;False;0.0198464416760551;22.2
b8:27:eb:bf:9d:51;0.0047604456809743;51.5;False;0.0074312903728097;False;0.0197862761177747;22.2
b8:27:eb:bf:9d:51;0.0047604456809743;51.5;False;0.0074312903728097;False;0.0197862761177747;22.1
b8:27:eb:bf:9d:51;0.0047564164192682;51.5;False;0.0074267397168305;False;0.0197733338627828;22.2
b8:27:eb:bf:9d:51;0.0047511015332603;51.6;False;0.0074207354430303;False;0.0197562582856007;22.2
b8:27:eb:bf:9d:51;0.0047644302162776;51.5;False;0.007435789467132;False;0.0197990722604978;22.2
b8:27:eb:bf:9d:51;0.0047845399375022;51.5;False;0.0074584802821034;False;0.0198636166008352;22.2
b8:27:eb:bf:9d:51;0.0047684672705125;51.5;False;0.0074403468013625;False;0.0198120345850173;22.2
b8:27:eb:bf:9d:51;0.0047604839656032;51.5;False;0.0074313336064331;False;0.0197863990785907;22.2
b8:27:eb:bf:9d:51;0.0047697622192191;51.5;False;0.0074418084119791;False;0.0198161919262932;22.2
b8:27:eb:bf:9d:51;0.004743161851513;51.5;False;0.0074117624522435;False;0.019730741718822;22.2
b8:27:eb:bf:9d:51;0.0047818518914854;51.5;False;0.0074554487534961;False;0.0198549925995634;22.2
b8:27:eb:bf:9d:51;0.0047698513029273;51.5;False;0.0074419089568637;False;0.0198164779138096;22.2
b8:27:eb:bf:9d:51;0.004751176517529;51.5;False;0.0074208201663391;False;0.0197564992239915;22.2
b8:27:eb:bf:9d:51;0.0047872448100479;51.5;False;0.0074615303118743;False;0.01987229347485;22.2
b8:27:eb:bf:9d:51;0.0047751394915225;51.5;False;0.0074478765738839;False;0.0198334525357189;22.2
b8:27:eb:bf:9d:51;0.0047912551009201;51.5;False;0.0074660514617528;False;0.0198851559082692;22.2
b8:27:eb:bf:9d:51;0.0047564164192682;51.5;False;0.0074267397168305;False;0.0197733338627828;22.1
b8:27:eb:bf:9d:51;0.0047498873579659;51.5;False;0.0074193635178136;False;0.0197523567944218;22.1
b8:27:eb:bf:9d:51;0.004741826807948;51.5;False;0.0074102532517054;False;0.0197264501998405;22.1
b8:27:eb:bf:9d:51;0.0047565032174394;51.5;False;0.0074268377580877;False;0.0197736126905009;22.1
b8:27:eb:bf:9d:51;0.004783151012648;51.5;False;0.0074569139371654;False;0.0198591606800869;22.2
b8:27:eb:bf:9d:51;0.0047778018305283;51.5;False;0.0074508802793294;False;0.0198419967935251;22.2
b8:27:eb:bf:9d:51;0.0047644788604483;51.5;False;0.0074358443867319;False;0.019799228463872;22.1
b8:27:eb:bf:9d:51;0.0047912936700481;51.6;False;0.0074660949390042;False;0.0198852796013395;22.2
b8:27:eb:bf:9d:51;0.00477522668193;51.5;False;0.0074479749512244;False;0.0198337323734721;22.2
b8:27:eb:bf:9d:51;0.0047684672705125;51.5;False;0.0074403468013625;False;0.0198120345850173;22.2
b8:27:eb:bf:9d:51;0.0047804852526357;51.5;False;0.0074539073027315;False;0.0198506076185443;22.2
b8:27:eb:bf:9d:51;0.0047578450045992;51.6;False;0.0074283532858313;False;0.019777922858321;22.2
b8:27:eb:bf:9d:51;0.0047591050528563;51.5;False;0.0074297763831232;False;0.0197819702080981;22.2
b8:27:eb:bf:9d:51;0.0047858569977237;51.6;False;0.0074599654663097;False;0.0198678416953624;22.2
b8:27:eb:bf:9d:51;0.0047724595128033;51.6;False;0.007444852499089;False;0.0198248505731607;22.2
b8:27:eb:bf:9d:51;0.0047831895069153;51.5;False;0.0074569573503527;False;0.0198592841805819;22.2
b8:27:eb:bf:9d:51;0.0047644302162776;51.6;False;0.007435789467132;False;0.0197990722604979;22.2
b8:27:eb:bf:9d:51;0.0047498388847298;51.6;False;0.0074193087447508;False;0.0197522010313979;22.2
b8:27:eb:bf:9d:51;0.0047671557009761;51.6;False;0.0074388663188753;False;0.0198078236221842;22.2
b8:27:eb:bf:9d:51;0.0047792274305198;51.6;False;0.0074524884801395;False;0.0198465715338074;22.2
b8:27:eb:bf:9d:51;0.004796621574297;51.6;False;0.0074720999170716;False;0.0199023642757082;22.2
b8:27:eb:bf:9d:51;0.0047697622192191;51.6;False;0.0074418084119791;False;0.0198161919262933;22.2
b8:27:eb:bf:9d:51;0.0047711466830052;51.6;False;0.0074433709370105;False;0.019820636365685;22.2
b8:27:eb:bf:9d:51;0.0047831895069153;51.6;False;0.0074569573503527;False;0.0198592841805819;22.2
b8:27:eb:bf:9d:51;0.0047832670851326;51.6;False;0.0074570448414678;False;0.0198595330727544;22.2
b8:27:eb:bf:9d:51;0.004789897779097;51.6;False;0.007464521351969;False;0.0198808027670083;22.2
b8:27:eb:bf:9d:51;0.0047698005898498;51.6;False;0.0074418517192952;False;0.0198163151085772;22.2
b8:27:eb:bf:9d:51;0.0047684672705125;51.6;False;0.0074403468013625;False;0.0198120345850173;22.2
b8:27:eb:bf:9d:51;0.0047845399375022;51.6;False;0.0074584802821034;False;0.0198636166008352;22.2
b8:27:eb:bf:9d:51;0.0047738428672614;51.6;False;0.0074464135280852;False;0.0198292908810061;22.2
b8:27:eb:bf:9d:51;0.0047818518914854;51.6;False;0.0074554487534961;False;0.0198549925995634;22.2
b8:27:eb:bf:9d:51;0.0047724595128033;51.6;False;0.007444852499089;False;0.0198248505731607;22.2
b8:27:eb:bf:9d:51;0.0047511015332603;51.6;False;0.0074207354430303;False;0.0197562582856007;22.2
b8:27:eb:bf:9d:51;0.0047684938776216;51.6;False;0.0074403768339525;False;0.0198121200078415;22.2
b8:27:eb:bf:9d:51;0.0047684672705125;51.6;False;0.0074403468013625;False;0.0198120345850173;22.2
b8:27:eb:bf:9d:51;0.0047711903480337;51.6;False;0.0074434202159271;False;0.0198207765354554;22.2
b8:27:eb:bf:9d:51;0.0047885456128604;51.6;False;0.00746299693483;False;0.0198764658817442;22.2
b8:27:eb:bf:9d:51;0.0047751010715972;51.6;False;0.0074478332243465;False;0.0198333292265381;22.2
b8:27:eb:bf:9d:51;0.0047845399375022;51.6;False;0.0074584802821034;False;0.0198636166008352;22.2
b8:27:eb:bf:9d:51;0.0047778402753933;51.6;False;0.0074509236502229;False;0.0198421201668948;22.2
b8:27:eb:bf:9d:51;0.0047778018305283;51.6;False;0.0074508802793294;False;0.0198419967935251;22.2
b8:27:eb:bf:9d:51;0.0047858955169852;51.6;False;0.0074600089008899;False;0.019867965260162;22.2
b8:27:eb:bf:9d:51;0.0047912551009201;51.6;False;0.0074660514617528;False;0.0198851559082692;22.2
b8:27:eb:bf:9d:51;0.0047805043426883;51.6;False;0.0074539288355039;False;0.01985066887262;22.2
b8:27:eb:bf:9d:51;0.0047899148966312;51.6;False;0.0074645406493232;False;0.0198808576673364;22.2
b8:27:eb:bf:9d:51;0.0047631369287444;51.6;False;0.0074343292798212;False;0.0197949191967279;22.2
b8:27:eb:bf:9d:51;0.0047698005898498;51.6;False;0.0074418517192952;False;0.0198163151085772;22.2
b8:27:eb:bf:9d:51;0.004752439574164;51.7;False;0.0074222472145968;False;0.0197605575298282;22.2
b8:27:eb:bf:9d:51;0.0047698005898498;51.7;False;0.0074418517192952;False;0.0198163151085771;22.2
b8:27:eb:bf:9d:51;0.0047711446764056;51.7;False;0.0074433686724251;False;0.0198206299242621;22.2
b8:27:eb:bf:9d:51;0.0047831895069153;51.7;False;0.0074569573503527;False;0.0198592841805819;22.2
b8:27:eb:bf:9d:51;0.0047778018305283;51.7;False;0.0074508802793294;False;0.0198419967935251;22.2
b8:27:eb:bf:9d:51;0.0047591536346348;51.6;False;0.0074298312492505;False;0.0197821262507772;22.1
b8:27:eb:bf:9d:51;0.0047697622192191;51.6;False;0.0074418084119791;False;0.0198161919262932;22.1
b8:27:eb:bf:9d:51;0.0047591050528563;51.7;False;0.0074297763831232;False;0.0197819702080981;22.2
b8:27:eb:bf:9d:51;0.0047724595128033;51.7;False;0.007444852499089;False;0.0198248505731607;22.2
b8:27:eb:bf:9d:51;0.0047591050528563;51.7;False;0.0074297763831232;False;0.0197819702080981;22.2
b8:27:eb:bf:9d:51;0.0047604859670581;51.7;False;0.0074313358666102;False;0.0197864055067655;22.2
b8:27:eb:bf:9d:51;0.0047551256278988;51.6;False;0.0074252816690803;False;0.0197691872286584;22.1
b8:27:eb:bf:9d:51;0.0047644302162776;51.6;False;0.007435789467132;False;0.0197990722604978;22.2
b8:27:eb:bf:9d:51;0.0047564164192682;51.2;False;0.0074267397168305;False;0.0197733338627828;22.1
b8:27:eb:bf:9d:51;0.0047644302162776;51.1;False;0.007435789467132;False;0.0197990722604978;22.1
b8:27:eb:bf:9d:51;0.0047778018305283;51.7;False;0.0074508802793294;False;0.0198419967935251;22.1
b8:27:eb:bf:9d:51;0.0048182875321695;51.7;False;0.0074965002250512;False;0.0199717948545151;22.1
b8:27:eb:bf:9d:51;0.0047939277547855;51.6;False;0.0074690639957973;False;0.019893726703899;21.9
b8:27:eb:bf:9d:51;0.0047471297873722;51.0;False;0.0074162473135717;False;0.0197434950922869;21.7
b8:27:eb:bf:9d:51;0.0047926081452773;51.6;False;0.0074675766302221;False;0.0198894950520925;21.9
b8:27:eb:bf:9d:51;0.0047724595128033;51.7;False;0.007444852499089;False;0.0198248505731607;22.1
b8:27:eb:bf:9d:51;0.004802033615478;51.7;False;0.0074781978357023;False;0.0199197143319152;22.1
b8:27:eb:bf:9d:51;0.0047791889728446;51.6;False;0.0074524450982779;False;0.0198464481274707;21.9
b8:27:eb:bf:9d:51;0.004789897779097;51.6;False;0.007464521351969;False;0.0198808027670083;21.9
b8:27:eb:bf:9d:51;0.0047992976641334;51.7;False;0.0074751153901761;False;0.0199109439068155;21.9
b8:27:eb:bf:9d:51;0.0047778018305283;51.7;False;0.0074508802793294;False;0.0198419967935251;21.9
b8:27:eb:bf:9d:51;0.0047993363075724;51.7;False;0.0074751589309915;False;0.0199110677909734;21.9
b8:27:eb:bf:9d:51;0.0047805043426883;51.7;False;0.0074539288355039;False;0.01985066887262;21.9
b8:27:eb:bf:9d:51;0.0047912551009201;51.7;False;0.0074660514617528;False;0.0198851559082692;21.9
b8:27:eb:bf:9d:51;0.0048196152597296;51.7;False;0.0074979945303124;False;0.0199760473709047;22.1
b8:27:eb:bf:9d:51;0.0047671240495326;51.7;False;0.007438830589749;False;0.0198077219978969;21.9
b8:27:eb:bf:9d:51;0.0047939277547855;51.7;False;0.0074690639957973;False;0.019893726703899;21.9
b8:27:eb:bf:9d:51;0.004787283342129;51.7;False;0.0074615737574255;False;0.0198724170726281;21.9
b8:27:eb:bf:9d:51;0.0048128544638874;51.7;False;0.0074903843328715;False;0.0199543907590078;22.1
b8:27:eb:bf:9d:51;0.0047899363356856;51.7;False;0.0074645648184915;False;0.0198809264278267;21.9
b8:27:eb:bf:9d:51;0.0047644302162776;51.7;False;0.007435789467132;False;0.0197990722604978;22.1
b8:27:eb:bf:9d:51;0.0047858569977237;51.7;False;0.0074599654663097;False;0.0198678416953624;21.9
b8:27:eb:bf:9d:51;0.0047657725661618;51.7;False;0.0074373049323841;False;0.0198033826045546;21.9
b8:27:eb:bf:9d:51;0.0047926081452773;51.7;False;0.0074675766302221;False;0.0198894950520925;21.9
b8:27:eb:bf:9d:51;0.0047966601930076;51.8;False;0.0074721434367382;False;0.0199024880962863;21.9
b8:27:eb:bf:9d:51;0.0047724595128033;51.8;False;0.007444852499089;False;0.0198248505731607;21.9
b8:27:eb:bf:9d:51;0.0047912551009201;51.8;False;0.0074660514617528;False;0.0198851559082692;21.9
b8:27:eb:bf:9d:51;0.0048047518645231;51.8;False;0.0074812598560024;False;0.0199284268855408;21.9
b8:27:eb:bf:9d:51;0.0047926081452773;51.8;False;0.0074675766302221;False;0.0198894950520925;21.9
b8:27:eb:bf:9d:51;0.0047724595128033;51.7;False;0.007444852499089;False;0.0198248505731607;22.1
b8:27:eb:bf:9d:51;0.0047858569977237;51.7;False;0.0074599654663097;False;0.0198678416953624;21.9
b8:27:eb:bf:9d:51;0.004796621574297;51.7;False;0.0074720999170716;False;0.0199023642757082;21.9
b8:27:eb:bf:9d:51;0.0047872468244206;51.7;False;0.0074615325831148;False;0.0198722999362762;21.9
b8:27:eb:bf:9d:51;0.0047858569977237;51.7;False;0.0074599654663097;False;0.0198678416953624;22.1
b8:27:eb:bf:9d:51;0.0047859293252438;51.7;False;0.0074600470232315;False;0.0198680737124883;21.9
b8:27:eb:bf:9d:51;0.0047926081452773;51.7;False;0.0074675766302221;False;0.0198894950520925;21.9
b8:27:eb:bf:9d:51;0.0048141804733518;51.7;False;0.0074918771702801;False;0.0199586388617518;22.1
b8:27:eb:bf:9d:51;0.004789897779097;51.7;False;0.007464521351969;False;0.0198808027670083;22.1
b8:27:eb:bf:9d:51;0.0047885965547322;51.7;False;0.0074630543682864;False;0.0198766292757623;21.9
b8:27:eb:bf:9d:51;0.0047858955169852;51.7;False;0.0074600089008899;False;0.019867965260162;21.9
b8:27:eb:bf:9d:51;0.0047939277547855;51.7;False;0.0074690639957973;False;0.019893726703899;21.9
b8:27:eb:bf:9d:51;0.0048060705781187;51.7;False;0.0074827451719215;False;0.0199326532333449;22.1
b8:27:eb:bf:9d:51;0.0047939471968448;51.8;False;0.0074690859085922;False;0.0198937890476552;22.0
b8:27:eb:bf:9d:51;0.0047805043426883;51.7;False;0.0074539288355039;False;0.01985066887262;22.1
b8:27:eb:bf:9d:51;0.0048047131710362;51.7;False;0.0074812162723937;False;0.0199283028727273;22.1
b8:27:eb:bf:9d:51;0.0047724979083376;51.8;False;0.0074448958277368;False;0.0198249738195569;22.0
b8:27:eb:bf:9d:51;0.0048182534614465;51.8;False;0.0074964618782909;False;0.0199716857274885;22.0
b8:27:eb:bf:9d:51;0.0048061092841516;51.8;False;0.0074827887662556;False;0.0199327772784043;22.0
b8:27:eb:bf:9d:51;0.0047926081452773;51.8;False;0.0074675766302221;False;0.0198894950520925;22.0
b8:27:eb:bf:9d:51;0.0047778402753933;51.8;False;0.0074509236502229;False;0.0198421201668948;22.0
b8:27:eb:bf:9d:51;0.0047926081452773;51.8;False;0.0074675766302221;False;0.0198894950520925;22.0
b8:27:eb:bf:9d:51;0.0047511015332603;51.8;False;0.0074207354430303;False;0.0197562582856007;22.0
b8:27:eb:bf:9d:51;0.0048047131710362;51.8;False;0.0074812162723937;False;0.0199283028727273;22.0
b8:27:eb:bf:9d:51;0.0047591050528563;51.8;False;0.0074297763831232;False;0.0197819702080981;22.0
b8:27:eb:bf:9d:51;0.0047724595128033;51.8;False;0.007444852499089;False;0.0198248505731607;22.0
b8:27:eb:bf:9d:51;0.0047858955169852;51.8;False;0.0074600089008899;False;0.019867965260162;22.0
b8:27:eb:bf:9d:51;0.0047939277547855;51.8;False;0.0074690639957973;False;0.019893726703899;22.0
b8:27:eb:bf:9d:51;0.0047724595128033;51.8;False;0.007444852499089;False;0.0198248505731607;22.0
b8:27:eb:bf:9d:51;0.0047591050528563;51.8;False;0.0074297763831232;False;0.0197819702080981;22.0
b8:27:eb:bf:9d:51;0.0048209774997533;51.8;False;0.007499527559661;False;0.0199804101489348;22.0
b8:27:eb:bf:9d:51;0.004796621574297;51.8;False;0.0074720999170716;False;0.0199023642757082;22.0
b8:27:eb:bf:9d:51;0.004802033615478;51.8;False;0.0074781978357023;False;0.0199197143319152;22.0
b8:27:eb:bf:9d:51;0.0047644302162776;51.7;False;0.007435789467132;False;0.0197990722604979;22.0
b8:27:eb:bf:9d:51;0.0047992976641334;51.7;False;0.0074751153901761;False;0.0199109439068155;22.0
b8:27:eb:bf:9d:51;0.0048128204372515;51.7;False;0.0074903460237784;False;0.0199542817452407;22.0
b8:27:eb:bf:9d:51;0.0047992976641334;51.7;False;0.0074751153901761;False;0.0199109439068155;22.0
b8:27:eb:bf:9d:51;0.0048047131710362;51.8;False;0.0074812162723937;False;0.0199283028727273;22.1
b8:27:eb:bf:9d:51;0.0047966601930076;51.7;False;0.0074721434367382;False;0.0199024880962863;22.0
b8:27:eb:bf:9d:51;0.0047697622192191;51.7;False;0.0074418084119791;False;0.0198161919262933;22.0
b8:27:eb:bf:9d:51;0.0047858569977237;51.7;False;0.0074599654663097;False;0.0198678416953624;22.0
b8:27:eb:bf:9d:51;0.0047872468244206;51.7;False;0.0074615325831148;False;0.0198722999362762;22.0
b8:27:eb:bf:9d:51;0.0048006919714112;51.7;False;0.0074766863400222;False;0.0199154136704782;22.0
b8:27:eb:bf:9d:51;0.0047778402753933;51.7;False;0.0074509236502229;False;0.0198421201668948;22.0
b8:27:eb:bf:9d:51;0.0047979763580963;51.7;False;0.0074736265734811;False;0.019906707892585;22.0
b8:27:eb:bf:9d:51;0.0047858955169852;51.7;False;0.0074600089008899;False;0.019867965260162;22.0
b8:27:eb:bf:9d:51;0.0048047131710362;51.7;False;0.0074812162723937;False;0.0199283028727273;22.0
b8:27:eb:bf:9d:51;0.004783151012648;51.7;False;0.0074569139371654;False;0.0198591606800869;22.0
b8:27:eb:bf:9d:51;0.0048006919714112;51.7;False;0.0074766863400222;False;0.0199154136704782;22.0
b8:27:eb:bf:9d:51;0.0047993363075724;51.7;False;0.0074751589309915;False;0.0199110677909734;22.0
b8:27:eb:bf:9d:51;0.0048047131710362;51.7;False;0.0074812162723937;False;0.0199283028727273;22.0
b8:27:eb:bf:9d:51;0.0047992976641334;51.7;False;0.0074751153901761;False;0.0199109439068155;22.0
b8:27:eb:bf:9d:51;0.0047858955169852;51.6;False;0.0074600089008899;False;0.019867965260162;22.0
b8:27:eb:bf:9d:51;0.0047778018305283;51.6;False;0.0074508802793294;False;0.0198419967935251;22.0
b8:27:eb:bf:9d:51;0.0047858569977237;51.6;False;0.0074599654663097;False;0.0198678416953624;22.0
b8:27:eb:bf:9d:51;0.0047912551009201;51.6;False;0.0074660514617528;False;0.0198851559082692;22.0
b8:27:eb:bf:9d:51;0.0047724595128033;51.7;False;0.007444852499089;False;0.0198248505731607;22.0
b8:27:eb:bf:9d:51;0.0047845399375022;51.6;False;0.0074584802821034;False;0.0198636166008352;22.0
b8:27:eb:bf:9d:51;0.0047993363075724;51.7;False;0.0074751589309915;False;0.0199110677909734;22.0
b8:27:eb:bf:9d:51;0.004794000222305;51.7;False;0.0074691456725086;False;0.0198939590811196;22.0
b8:27:eb:bf:9d:51;0.0047993702248212;51.7;False;0.0074751971465754;False;0.0199111765235996;22.0
b8:27:eb:bf:9d:51;0.0048060705781187;51.7;False;0.0074827451719215;False;0.0199326532333449;22.1
b8:27:eb:bf:9d:51;0.0047992976641334;51.7;False;0.0074751153901761;False;0.0199109439068155;22.0
b8:27:eb:bf:9d:51;0.0047591050528563;51.7;False;0.0074297763831232;False;0.0197819702080981;22.0
b8:27:eb:bf:9d:51;0.0047939277547855;51.7;False;0.0074690639957973;False;0.019893726703899;22.0
b8:27:eb:bf:9d:51;0.0047631369287444;51.7;False;0.0074343292798212;False;0.0197949191967278;22.1
b8:27:eb:bf:9d:51;0.0048060705781187;51.7;False;0.0074827451719215;False;0.0199326532333449;22.0
b8:27:eb:bf:9d:51;0.0048047518645231;51.7;False;0.0074812598560024;False;0.0199284268855408;22.0
b8:27:eb:bf:9d:51;0.0047992976641334;51.7;False;0.0074751153901761;False;0.0199109439068155;22.0
b8:27:eb:bf:9d:51;0.0047912165321484;51.7;False;0.0074660079848062;False;0.0198850322161154;22.0
b8:27:eb:bf:9d:51;0.0048047518645231;51.7;False;0.0074812598560024;False;0.0199284268855408;22.0
b8:27:eb:bf:9d:51;0.0047845399375022;51.7;False;0.0074584802821034;False;0.0198636166008352;22.0
b8:27:eb:bf:9d:51;0.0048047471318983;51.6;False;0.0074812545252689;False;0.0199284117174674;22.0
b8:27:eb:bf:9d:51;0.0047711903480337;51.7;False;0.0074434202159271;False;0.0198207765354554;22.0
b8:27:eb:bf:9d:51;0.0048182534614465;51.7;False;0.0074964618782909;False;0.0199716857274885;22.0
b8:27:eb:bf:9d:51;0.0048060705781187;51.7;False;0.0074827451719215;False;0.0199326532333449;22.0
b8:27:eb:bf:9d:51;0.0047872468244206;51.7;False;0.0074615325831148;False;0.0198722999362762;22.0
b8:27:eb:bf:9d:51;0.0047698005898498;51.7;False;0.0074418517192952;False;0.0198163151085772;22.0
b8:27:eb:bf:9d:51;0.0048182534614465;51.7;False;0.0074964618782909;False;0.0199716857274885;22.1
b8:27:eb:bf:9d:51;0.0047912551009201;51.7;False;0.0074660514617528;False;0.0198851559082692;22.1
b8:27:eb:bf:9d:51;0.0047791889728446;51.7;False;0.0074524450982779;False;0.0198464481274707;22.1
b8:27:eb:bf:9d:51;0.0047858569977237;51.6;False;0.0074599654663098;False;0.0198678416953624;22.0
b8:27:eb:bf:9d:51;0.0047684672705125;51.6;False;0.0074403468013625;False;0.0198120345850173;22.0
b8:27:eb:bf:9d:51;0.0047778018305283;51.6;False;0.0074508802793294;False;0.0198419967935251;22.0
b8:27:eb:bf:9d:51;0.0047791869623627;51.6;False;0.0074524428303678;False;0.0198464416760551;22.0
b8:27:eb:bf:9d:51;0.0048073944427212;51.6;False;0.0074842361762271;False;0.0199368958245272;22.0
b8:27:eb:bf:9d:51;0.0047872468244206;51.6;False;0.0074615325831148;False;0.0198722999362762;22.0
b8:27:eb:bf:9d:51;0.0047899148966312;51.7;False;0.0074645406493232;False;0.0198808576673364;22.1
b8:27:eb:bf:9d:51;0.0048128544638874;51.7;False;0.0074903843328715;False;0.0199543907590078;22.1
b8:27:eb:bf:9d:51;0.0047805043426883;51.7;False;0.0074539288355039;False;0.01985066887262;22.1
b8:27:eb:bf:9d:51;0.0047845399375022;51.6;False;0.0074584802821034;False;0.0198636166008352;22.0
b8:27:eb:bf:9d:51;0.0048196493415042;51.7;False;0.0074980328865131;False;0.0199761565263184;22.1
b8:27:eb:bf:9d:51;0.0047858955169852;51.7;False;0.0074600089008899;False;0.019867965260162;22.1
b8:27:eb:bf:9d:51;0.0048114948576898;51.7;False;0.0074888535537281;False;0.0199500347470578;22.1
b8:27:eb:bf:9d:51;0.0048060705781187;51.6;False;0.0074827451719215;False;0.0199326532333449;22.0
b8:27:eb:bf:9d:51;0.004794000222305;51.7;False;0.0074691456725086;False;0.0198939590811196;22.1
b8:27:eb:bf:9d:51;0.0048047131710362;51.7;False;0.0074812162723937;False;0.0199283028727273;22.0
b8:27:eb:bf:9d:51;0.0047697622192191;51.7;False;0.0074418084119791;False;0.0198161919262932;22.1
b8:27:eb:bf:9d:51;0.0047912551009201;51.7;False;0.0074660514617528;False;0.0198851559082692;22.1
b8:27:eb:bf:9d:51;0.0047926081452773;51.7;False;0.0074675766302221;False;0.0198894950520925;22.1
b8:27:eb:bf:9d:51;0.0047939471968448;51.7;False;0.0074690859085922;False;0.0198937890476552;22.1
b8:27:eb:bf:9d:51;0.0047992976641334;51.7;False;0.0074751153901761;False;0.0199109439068155;22.1
b8:27:eb:bf:9d:51;0.0048047131710362;51.7;False;0.0074812162723937;False;0.0199283028727273;22.1
b8:27:eb:bf:9d:51;0.004802033615478;51.7;False;0.0074781978357023;False;0.0199197143319152;22.1
b8:27:eb:bf:9d:51;0.0047872468244206;51.7;False;0.0074615325831148;False;0.0198722999362762;22.1
b8:27:eb:bf:9d:51;0.0047979763580963;51.7;False;0.0074736265734811;False;0.019906707892585;22.1
b8:27:eb:bf:9d:51;0.0047724979083376;51.7;False;0.0074448958277368;False;0.0198249738195569;22.1
b8:27:eb:bf:9d:51;0.0047872448100479;51.7;False;0.0074615303118743;False;0.01987229347485;22.1
b8:27:eb:bf:9d:51;0.0047979763580963;51.6;False;0.0074736265734811;False;0.019906707892585;22.1
b8:27:eb:bf:9d:51;0.0047644302162776;51.6;False;0.007435789467132;False;0.0197990722604978;22.1
b8:27:eb:bf:9d:51;0.0047980149893255;51.7;False;0.0074736701038545;False;0.019906831745351;22.1
b8:27:eb:bf:9d:51;0.0047858569977237;51.6;False;0.0074599654663097;False;0.0198678416953624;22.1
b8:27:eb:bf:9d:51;0.0047684672705125;51.6;False;0.0074403468013625;False;0.0198120345850173;22.0
b8:27:eb:bf:9d:51;0.0048060705781187;51.6;False;0.0074827451719215;False;0.0199326532333449;22.1
b8:27:eb:bf:9d:51;0.0048141804733518;51.6;False;0.0074918771702801;False;0.0199586388617518;22.1
b8:27:eb:bf:9d:51;0.0048128544638874;51.6;False;0.0074903843328715;False;0.0199543907590078;22.1
b8:27:eb:bf:9d:51;0.004783305580472;51.6;False;0.0074570882555728;False;0.0198596565760078;22.1
b8:27:eb:bf:9d:51;0.0048060705781187;51.6;False;0.0074827451719215;False;0.0199326532333449;22.1
b8:27:eb:bf:9d:51;0.0047912165321484;51.6;False;0.0074660079848062;False;0.0198850322161154;22.1
b8:27:eb:bf:9d:51;0.0048060705781187;51.7;False;0.0074827451719215;False;0.0199326532333449;22.1
b8:27:eb:bf:9d:51;0.0047992976641334;51.6;False;0.0074751153901761;False;0.0199109439068155;22.1
b8:27:eb:bf:9d:51;0.0047979763580963;51.6;False;0.0074736265734811;False;0.019906707892585;22.0
b8:27:eb:bf:9d:51;0.0047805043426883;51.6;False;0.0074539288355039;False;0.01985066887262;22.0
b8:27:eb:bf:9d:51;0.0047697622192191;51.6;False;0.0074418084119791;False;0.0198161919262932;22.0
b8:27:eb:bf:9d:51;0.0048047131710362;51.6;False;0.0074812162723937;False;0.0199283028727273;22.1
b8:27:eb:bf:9d:51;0.0047939277547855;51.6;False;0.0074690639957973;False;0.019893726703899;22.1
b8:27:eb:bf:9d:51;0.0047671240495326;51.7;False;0.007438830589749;False;0.0198077219978969;22.1
b8:27:eb:bf:9d:51;0.0048169457247374;51.6;False;0.00749498995773;False;0.0199674969717798;22.1
b8:27:eb:bf:9d:51;0.0047551256278988;51.7;False;0.0074252816690803;False;0.0197691872286584;22.1
b8:27:eb:bf:9d:51;0.0047912165321484;51.6;False;0.0074660079848062;False;0.0198850322161154;22.1
b8:27:eb:bf:9d:51;0.0048128544638874;51.6;False;0.0074903843328715;False;0.0199543907590078;22.1
b8:27:eb:bf:9d:51;0.0047939277547855;51.7;False;0.0074690639957973;False;0.019893726703899;22.1
b8:27:eb:bf:9d:51;0.0047885456128604;51.7;False;0.00746299693483;False;0.0198764658817442;22.1
b8:27:eb:bf:9d:51;0.0047644302162776;51.6;False;0.007435789467132;False;0.0197990722604978;22.1
b8:27:eb:bf:9d:51;0.004796621574297;51.7;False;0.0074720999170716;False;0.0199023642757082;22.1
b8:27:eb:bf:9d:51;0.0048060705781187;51.7;False;0.0074827451719215;False;0.0199326532333449;22.1
b8:27:eb:bf:9d:51;0.0047537867190549;51.7;False;0.0074237691532796;False;0.0197648857480691;22.1
b8:27:eb:bf:9d:51;0.0047992976641334;51.7;False;0.0074751153901761;False;0.0199109439068155;22.1
b8:27:eb:bf:9d:51;0.0047671240495326;51.7;False;0.007438830589749;False;0.0198077219978969;22.1
b8:27:eb:bf:9d:51;0.0048115143926997;51.7;False;0.0074888755490217;False;0.0199500973368207;22.1
b8:27:eb:bf:9d:51;0.0048047858256991;51.7;False;0.007481298109146;False;0.0199285357310876;22.1
b8:27:eb:bf:9d:51;0.0048033901537805;51.7;False;0.007479725992469;False;0.0199240624594239;21.9
b8:27:eb:bf:9d:51;0.0047979763580963;51.6;False;0.0074736265734811;False;0.019906707892585;21.9
b8:27:eb:bf:9d:51;0.0048607102039201;51.6;False;0.0075441891745677;False;0.0201075372361942;22.0
b8:27:eb:bf:9d:51;0.0048250570886305;51.7;False;0.0075041179059455;False;0.019993473968828;22.0
b8:27:eb:bf:9d:51;0.0048237472324819;51.8;False;0.00750264417514;False;0.0199892797696791;22.0
b8:27:eb:bf:9d:51;0.0048196493415042;51.7;False;0.0074980328865131;False;0.0199761565263184;21.9
b8:27:eb:bf:9d:51;0.0048182534614465;51.7;False;0.0074964618782909;False;0.0199716857274885;21.9
b8:27:eb:bf:9d:51;0.0048101696971218;51.7;False;0.0074873614417421;False;0.019945788825476;21.9
b8:27:eb:bf:9d:51;0.0048182534614465;51.7;False;0.0074964618782909;False;0.0199716857274885;21.9
b8:27:eb:bf:9d:51;0.0048114948576898;51.7;False;0.0074888535537281;False;0.0199500347470578;21.9
b8:27:eb:bf:9d:51;0.0048538291225545;52.6;False;0.0075364617341861;False;0.0200855377779576;21.9
b8:27:eb:bf:9d:51;0.0048115143926997;51.7;False;0.0074888755490217;False;0.0199500973368207;21.9
b8:27:eb:bf:9d:51;0.0048073944427212;51.7;False;0.0074842361762271;False;0.0199368958245272;21.9
b8:27:eb:bf:9d:51;0.0048073944427212;51.7;False;0.0074842361762271;False;0.0199368958245272;21.9
b8:27:eb:bf:9d:51;0.0048006919714112;51.6;False;0.0074766863400222;False;0.0199154136704782;21.9
b8:27:eb:bf:9d:51;0.0047993363075724;51.6;False;0.0074751589309915;False;0.0199110677909734;21.9
b8:27:eb:bf:9d:51;0.0047458948125727;50.1;False;0.0074148515627896;False;0.0197395260099631;22.1
b8:27:eb:bf:9d:51;0.0047912889526337;50.5;False;0.0074660896212793;False;0.0198852644723741;22.1
b8:27:eb:bf:9d:51;0.0049135641376231;49.5;False;0.0076034435787257;False;0.0202762811497783;22.1
b8:27:eb:bf:9d:51;0.0047831895069153;49.8;False;0.0074569573503527;False;0.0198592841805819;22.0
b8:27:eb:bf:9d:51;0.0048210018187643;51.5;False;0.0074995549265522;False;0.0199804880316698;22.1
b8:27:eb:bf:9d:51;0.004741826807948;49.5;False;0.0074102532517054;False;0.0197264501998404;21.9
b8:27:eb:bf:9d:51;0.0047697622192191;51.1;False;0.0074418084119791;False;0.0198161919262932;21.7
b8:27:eb:bf:9d:51;0.0047457934619985;49.3;False;0.0074147370133659;False;0.0197392002691921;21.7
b8:27:eb:bf:9d:51;0.0047752169199167;49.8;False;0.0074479639367243;False;0.0198337010423326;21.7
b8:27:eb:bf:9d:51;0.0047899363356856;49.5;False;0.0074645648184915;False;0.0198809264278267;21.8
b8:27:eb:bf:9d:51;0.0048373294592204;49.3;False;0.0075179202893116;False;0.0200327579139133;21.7
b8:27:eb:bf:9d:51;0.0047912165321484;49.4;False;0.0074660079848062;False;0.0198850322161154;21.7
b8:27:eb:bf:9d:51;0.0048455736062015;49.6;False;0.007527186806475;False;0.0200591347672057;21.9
b8:27:eb:bf:9d:51;0.0047564164192682;49.7;False;0.0074267397168305;False;0.0197733338627828;21.6
b8:27:eb:bf:9d:51;0.0047778018305283;51.2;False;0.0074508802793294;False;0.0198419967935251;21.8
b8:27:eb:bf:9d:51;0.0047458418878569;51.4;False;0.0074147917457912;False;0.0197393559101105;21.9
b8:27:eb:bf:9d:51;0.0047858569977237;51.4;False;0.0074599654663097;False;0.0198678416953624;21.9
b8:27:eb:bf:9d:51;0.0047831895069153;51.4;False;0.0074569573503527;False;0.0198592841805819;21.9
b8:27:eb:bf:9d:51;0.0047551256278988;51.5;False;0.0074252816690803;False;0.0197691872286584;21.8
b8:27:eb:bf:9d:51;0.0047832280015382;51.4;False;0.0074570007638443;False;0.0198594076819918;21.9
b8:27:eb:bf:9d:51;0.0047751394915225;51.4;False;0.0074478765738839;False;0.0198334525357189;21.9
b8:27:eb:bf:9d:51;0.0047631369287444;51.4;False;0.0074343292798212;False;0.0197949191967279;21.9
b8:27:eb:bf:9d:51;0.0047445324322704;51.4;False;0.007413311703592;False;0.0197351471871029;21.9
b8:27:eb:bf:9d:51;0.0047471297873722;51.4;False;0.0074162473135717;False;0.0197434950922869;21.9
b8:27:eb:bf:9d:51;0.0047671240495326;51.4;False;0.007438830589749;False;0.0198077219978969;21.9
b8:27:eb:bf:9d:51;0.0048169261644178;51.8;False;0.0074949679408105;False;0.019967434316992;21.9
b8:27:eb:bf:9d:51;0.0047859273115074;51.4;False;0.0074600447525355;False;0.0198680672526988;21.9
b8:27:eb:bf:9d:51;0.0047471297873722;51.4;False;0.0074162473135717;False;0.0197434950922869;21.9
b8:27:eb:bf:9d:51;0.0047671240495326;51.4;False;0.007438830589749;False;0.0198077219978969;21.9
b8:27:eb:bf:9d:51;0.0047751010715972;51.4;False;0.0074478332243465;False;0.0198333292265381;21.9
b8:27:eb:bf:9d:51;0.0047724595128033;51.4;False;0.007444852499089;False;0.0198248505731607;21.9
b8:27:eb:bf:9d:51;0.0047684672705125;51.5;False;0.0074403468013625;False;0.0198120345850173;21.8
b8:27:eb:bf:9d:51;0.0047939982046707;51.5;False;0.0074691433984774;False;0.0198939526113043;21.9
b8:27:eb:bf:9d:51;0.0047926081452773;51.5;False;0.0074675766302221;False;0.0198894950520925;21.9
b8:27:eb:bf:9d:51;0.004818326351142;51.8;False;0.0074965439158974;False;0.0199719191897624;21.9
b8:27:eb:bf:9d:51;0.004833237960391;51.8;False;0.0075133197753111;False;0.0200196635169574;22.0
b8:27:eb:bf:9d:51;0.0048524215303587;51.5;False;0.0075348806378064;False;0.0200810367015512;22.1
b8:27:eb:bf:9d:51;0.0048114948576898;51.7;False;0.0074888535537281;False;0.0199500347470578;21.9
b8:27:eb:bf:9d:51;0.0048169261644178;51.7;False;0.0074949679408105;False;0.019967434316992;21.9
b8:27:eb:bf:9d:51;0.0048982166808655;51.9;False;0.0075862558303191;False;0.0202273248423592;22.3
b8:27:eb:bf:9d:51;0.0048373491146564;51.9;False;0.0075179423874427;False;0.0200328208129216;22.3
b8:27:eb:bf:9d:51;0.0048565514182895;51.7;False;0.0075395192287801;False;0.0200942420579129;21.9
b8:27:eb:bf:9d:51;0.0048717472037065;52.1;False;0.0075565773875766;False;0.0201428087789691;22.4
b8:27:eb:bf:9d:51;0.0048400855471052;51.8;False;0.0075210186498806;False;0.0200415770544955;21.7
b8:27:eb:bf:9d:51;0.0047926467269058;51.5;False;0.0074676201181682;False;0.0198896187773123;21.8
b8:27:eb:bf:9d:51;0.0048264406986365;51.6;False;0.0075056744976973;False;0.0199979040490393;22.1
1c:bf:ce:15:ec:4d;0.0039509469761531;25.700000762939453;True;0.0064939247522274;False;0.0171322563690263;25.700000762939453
b8:27:eb:bf:9d:51;0.0048400658789079;52.2;False;0.007520996540861;False;0.0200415141227394;22.1
b8:27:eb:bf:9d:51;0.0048182875321695;51.7;False;0.0074965002250512;False;0.0199717948545151;21.9
b8:27:eb:bf:9d:51;0.004833237960391;51.6;False;0.0075133197753111;False;0.0200196635169574;21.9
b8:27:eb:bf:9d:51;0.0048386974470605;52.2;False;0.0075194582256617;False;0.0200371354486201;22.1
b8:27:eb:bf:9d:51;0.0048469789188186;52.3;False;0.0075287659590267;False;0.0200636299967726;22.1
b8:27:eb:bf:9d:51;0.0048401740563844;52.3;False;0.00752111814285;False;0.0200418602543313;22.1
b8:27:eb:bf:9d:51;0.0050368073501275;51.1;False;0.0077409315067857;False;0.0206681618461002;22.6
b8:27:eb:bf:9d:51;0.0050076968782071;51.2;False;0.007708541127152;False;0.0205757967656393;22.3
b8:27:eb:bf:9d:51;0.0048593350714777;52.4;False;0.0075426451456785;False;0.02010314137587;22.1
b8:27:eb:bf:9d:51;0.0048441836997026;52.4;False;0.0075256248412025;False;0.0200546885263529;22.1
b8:27:eb:bf:9d:51;0.0048662251126679;52.5;False;0.0075503802217331;False;0.0201251638038531;22.2
b8:27:eb:bf:9d:51;0.0048414347549255;52.5;False;0.0075225352350186;False;0.0200458939366155;22.0
b8:27:eb:bf:9d:51;0.0048400658789079;52.5;False;0.007520996540861;False;0.0200415141227394;22.0
b8:27:eb:bf:9d:51;0.0048400855471052;52.6;False;0.0075210186498806;False;0.0200415770544955;22.0
b8:27:eb:bf:9d:51;0.0048428875642098;52.6;False;0.0075241681432993;False;0.02005054199296;22.0
b8:27:eb:bf:9d:51;0.0048441836997026;52.6;False;0.0075256248412025;False;0.0200546885263528;22.0
b8:27:eb:bf:9d:51;0.0048455539124078;52.7;False;0.0075271646756203;False;0.0200590717697767;22.0
b8:27:eb:bf:9d:51;0.0048552766614039;52.6;False;0.0075380875689015;False;0.0200901662829181;22.0
b8:27:eb:bf:9d:51;0.004852475949987;52.8;False;0.0075349417677242;False;0.020081210725439;22.0
b8:27:eb:bf:9d:51;0.0048441836997026;52.8;False;0.0075256248412025;False;0.0200546885263529;22.0
b8:27:eb:bf:9d:51;0.0048676373013279;52.0;False;0.0075519652352758;False;0.0201296766639281;22.5
1c:bf:ce:15:ec:4d;0.0040886167952559;76.80000305175781;True;0.0066568387956212;False;0.0175917499283839;0.8999999761581421
b8:27:eb:bf:9d:51;0.0048786923576481;52.0;False;0.0075643688278266;False;0.0201649944762089;21.4
b8:27:eb:bf:9d:51;0.0048469789188186;52.8;False;0.0075287659590267;False;0.0200636299967726;22.0
b8:27:eb:bf:9d:51;0.0048620609116773;51.2;False;0.0075457056612667;False;0.0201118547434336;21.3
b8:27:eb:bf:9d:51;0.0048593548295662;49.9;False;0.0075426673313497;False;0.0201032045381862;22.2
b8:27:eb:bf:9d:51;0.0048209774997533;51.6;False;0.007499527559661;False;0.0199804101489348;22.1
b8:27:eb:bf:9d:51;0.0048593350714777;51.7;False;0.0075426451456785;False;0.02010314137587;21.8
b8:27:eb:bf:9d:51;0.0048182875321695;51.6;False;0.0074965002250512;False;0.0199717948545151;21.9
b8:27:eb:bf:9d:51;0.0048169261644178;51.7;False;0.0074949679408105;False;0.019967434316992;21.9
b8:27:eb:bf:9d:51;0.0048455539124078;52.1;False;0.0075271646756203;False;0.0200590717697767;22.5
b8:27:eb:bf:9d:51;0.0048524215303587;51.9;False;0.0075348806378064;False;0.0200810367015512;22.3
b8:27:eb:bf:9d:51;0.0048634717134941;52.2;False;0.0075472894932488;False;0.0201163640489465;22.3
b8:27:eb:bf:9d:51;0.0048264210940607;52.1;False;0.0075056524429795;False;0.0199978412805902;22.5
b8:27:eb:bf:9d:51;0.0048318913737628;51.8;False;0.0075118054269647;False;0.0200153533619883;22.2
b8:27:eb:bf:9d:51;0.0048277855420396;51.8;False;0.0075071873578835;False;0.0200022097286777;22.2
b8:27:eb:bf:9d:51;0.0048277855420396;51.8;False;0.0075071873578835;False;0.0200022097286777;22.2
b8:27:eb:bf:9d:51;0.0048332379603909;51.8;False;0.0075133197753111;False;0.0200196635169573;22.2
b8:27:eb:bf:9d:51;0.004833237960391;51.8;False;0.0075133197753111;False;0.0200196635169574;22.2
b8:27:eb:bf:9d:51;0.0048182875321695;51.7;False;0.0074965002250512;False;0.0199717948545151;21.9
b8:27:eb:bf:9d:51;0.0048662797099987;51.1;False;0.0075504415030971;False;0.0201253382833203;22.0
b8:27:eb:bf:9d:51;0.004889854573387;50.4;False;0.0075768847665247;False;0.0202006361838658;22.4
b8:27:eb:bf:9d:51;0.0048047471318983;51.6;False;0.0074812545252689;False;0.0199284117174674;21.9
b8:27:eb:bf:9d:51;0.0048264210940607;51.8;False;0.0075056524429795;False;0.0199978412805902;22.2
b8:27:eb:bf:9d:51;0.0048264210940607;51.8;False;0.0075056524429795;False;0.0199978412805902;22.2
b8:27:eb:bf:9d:51;0.0048305059703562;51.8;False;0.0075102473040991;False;0.0200109186773366;22.2
b8:27:eb:bf:9d:51;0.004833237960391;51.8;False;0.0075133197753111;False;0.0200196635169574;22.2
b8:27:eb:bf:9d:51;0.0048593350714777;51.8;False;0.0075426451456785;False;0.02010314137587;21.6
b8:27:eb:bf:9d:51;0.0048662251126679;50.3;False;0.0075503802217331;False;0.0201251638038531;21.7
b8:27:eb:bf:9d:51;0.0048182875321695;51.6;False;0.0074965002250512;False;0.0199717948545151;22.0
b8:27:eb:bf:9d:51;0.0048318913737628;51.8;False;0.0075118054269647;False;0.0200153533619883;22.2
b8:27:eb:bf:9d:51;0.0048277855420396;51.8;False;0.0075071873578835;False;0.0200022097286777;22.2
b8:27:eb:bf:9d:51;0.004996165374329;49.4;False;0.0076956959649861;False;0.0205391745550201;22.4
b8:27:eb:bf:9d:51;0.0048264210940607;51.7;False;0.0075056524429795;False;0.0199978412805902;22.0
b8:27:eb:bf:9d:51;0.0048414347549255;51.8;False;0.0075225352350186;False;0.0200458939366155;22.2
b8:27:eb:bf:9d:51;0.004833237960391;51.9;False;0.0075133197753111;False;0.0200196635169574;22.2
b8:27:eb:bf:9d:51;0.004852475949987;51.8;False;0.0075349417677242;False;0.020081210725439;22.2
b8:27:eb:bf:9d:51;0.0048169261644178;51.6;False;0.0074949679408105;False;0.019967434316992;22.0
b8:27:eb:bf:9d:51;0.0048387171088759;51.6;False;0.0075194803292363;False;0.0200371983639998;22.0
b8:27:eb:bf:9d:51;0.004833237960391;51.8;False;0.0075133197753111;False;0.0200196635169574;22.2
b8:27:eb:bf:9d:51;0.0048649078630189;51.8;False;0.0075489016512323;False;0.0201209540672771;22.2
b8:27:eb:bf:9d:51;0.0048264210940607;51.8;False;0.0075056524429795;False;0.0199978412805902;22.2
b8:27:eb:bf:9d:51;0.0048210504367445;51.7;False;0.0074996096376666;False;0.0199806437326878;22.0
b8:27:eb:bf:9d:51;0.0048318717437754;51.8;False;0.0075117833505527;False;0.020015290528299;22.2
b8:27:eb:bf:9d:51;0.0048387171088759;51.8;False;0.0075194803292363;False;0.0200371983639998;22.1
b8:27:eb:bf:9d:51;0.0048386974470605;51.6;False;0.0075194582256617;False;0.0200371354486201;22.1
b8:27:eb:bf:9d:51;0.0048169261644178;51.6;False;0.0074949679408105;False;0.019967434316992;22.0
b8:27:eb:bf:9d:51;0.0048102209030929;51.7;False;0.0074874191010502;False;0.019945952898484;21.9
b8:27:eb:bf:9d:51;0.0047912551009201;51.2;False;0.0074660514617528;False;0.0198851559082692;21.7
b8:27:eb:bf:9d:51;0.0048717472037065;51.5;False;0.0075565773875766;False;0.0201428087789691;22.1
b8:27:eb:bf:9d:51;0.0048469245699355;51.8;False;0.0075287048894342;False;0.0200634561543376;22.1
b8:27:eb:bf:9d:51;0.0048047858256991;51.7;False;0.007481298109146;False;0.0199285357310876;21.9
b8:27:eb:bf:9d:51;0.0048318717437754;51.9;False;0.0075117833505527;False;0.020015290528299;22.1
b8:27:eb:bf:9d:51;0.0048346046203651;51.3;False;0.0075148565784832;False;0.0200240376436552;21.8
b8:27:eb:bf:9d:51;0.0048128544638874;51.5;False;0.0074903843328715;False;0.0199543907590078;22.1
b8:27:eb:bf:9d:51;0.0049107851263836;50.8;False;0.0076003324424315;False;0.0202674190601752;22.1
b8:27:eb:bf:9d:51;0.0048101696971218;51.7;False;0.0074873614417421;False;0.019945788825476;21.9
b8:27:eb:bf:9d:51;0.0048318913737628;51.8;False;0.0075118054269647;False;0.0200153533619883;22.2
b8:27:eb:bf:9d:51;0.0048277855420396;51.8;False;0.0075071873578835;False;0.0200022097286777;22.2
b8:27:eb:bf:9d:51;0.0048128544638874;51.7;False;0.0074903843328715;False;0.0199543907590078;21.9
b8:27:eb:bf:9d:51;0.0048593946673702;49.9;False;0.0075427120637598;False;0.0201033318908124;22.1
b8:27:eb:bf:9d:51;0.0048856139108304;51.7;False;0.0075721307398094;False;0.0201870976426126;22.5
b8:27:eb:bf:9d:51;0.004810174435877;51.8;False;0.0074873667777157;False;0.0199458040093043;21.9
b8:27:eb:bf:9d:51;0.0048264210940607;51.4;False;0.0075056524429795;False;0.0199978412805902;21.9
b8:27:eb:bf:9d:51;0.0048196152597296;51.8;False;0.0074979945303124;False;0.0199760473709047;21.9
b8:27:eb:bf:9d:51;0.0049107851263836;51.3;False;0.0076003324424315;False;0.0202674190601752;22.2
b8:27:eb:bf:9d:51;0.0048128544638874;51.8;False;0.0074903843328715;False;0.0199543907590078;21.9
b8:27:eb:bf:9d:51;0.0048128932326287;51.8;False;0.0074904279808012;False;0.0199545149652113;21.9
b8:27:eb:bf:9d:51;0.0047885841569577;51.4;False;0.007463040390664;False;0.0198765895104325;21.9
b8:27:eb:bf:9d:51;0.004783151012648;51.4;False;0.0074569139371654;False;0.0198591606800869;21.9
b8:27:eb:bf:9d:51;0.0048182875321695;51.6;False;0.0074965002250512;False;0.0199717948545151;22.0
b8:27:eb:bf:9d:51;0.0047993702248212;51.3;False;0.0074751971465754;False;0.0199111765235996;21.8
b8:27:eb:bf:9d:51;0.004765812903986;51.4;False;0.0074373504705248;False;0.0198035121267976;21.9
b8:27:eb:bf:9d:51;0.0048114948576898;51.4;False;0.0074888535537281;False;0.0199500347470578;21.8
b8:27:eb:bf:9d:51;0.0048265137304935;51.8;False;0.0075057566567165;False;0.0199981378764085;21.9
b8:27:eb:bf:9d:51;0.0048033901537805;51.4;False;0.007479725992469;False;0.0199240624594239;21.9
b8:27:eb:bf:9d:51;0.0048318717437754;51.7;False;0.0075117833505527;False;0.020015290528299;21.8
b8:27:eb:bf:9d:51;0.0048060705781187;51.6;False;0.0074827451719215;False;0.0199326532333449;21.9
b8:27:eb:bf:9d:51;0.0048870325590308;51.8;False;0.0075737212530628;False;0.0201916270497828;21.6
b8:27:eb:bf:9d:51;0.004796621574297;51.6;False;0.0074720999170716;False;0.0199023642757082;21.9
b8:27:eb:bf:9d:51;0.0048182875321695;51.7;False;0.0074965002250512;False;0.0199717948545151;21.9
b8:27:eb:bf:9d:51;0.0048209774997533;51.9;False;0.007499527559661;False;0.0199804101489348;21.9
b8:27:eb:bf:9d:51;0.0048373294592204;52.0;False;0.0075179202893116;False;0.0200327579139133;21.8
b8:27:eb:bf:9d:51;0.004810174435877;51.4;False;0.0074873667777157;False;0.0199458040093043;21.9
b8:27:eb:bf:9d:51;0.0049121699072232;51.9;False;0.0076018827819844;False;0.0202718351803855;22.4
b8:27:eb:bf:9d:51;0.0047644302162776;50.9;False;0.007435789467132;False;0.0197990722604978;22.2
b8:27:eb:bf:9d:51;0.0048264210940607;49.4;False;0.0075056524429795;False;0.0199978412805902;21.5
b8:27:eb:bf:9d:51;0.0049659230243843;51.2;False;0.0076619694056031;False;0.020443038272213;22.6
b8:27:eb:bf:9d:51;0.0048745408555643;49.5;False;0.0075597118227908;False;0.0201517337232859;21.3
b8:27:eb:bf:9d:51;0.0048169261644178;51.4;False;0.0074949679408105;False;0.019967434316992;21.9
b8:27:eb:bf:9d:51;0.0050033452879431;49.0;False;0.0077036947698963;False;0.0205619790654704;22.1
b8:27:eb:bf:9d:51;0.0048538488549522;51.8;False;0.007536483897959;False;0.0200856008744013;22.1
b8:27:eb:bf:9d:51;0.0048400855471052;51.8;False;0.0075210186498806;False;0.0200415770544955;22.1
b8:27:eb:bf:9d:51;0.0049107244914729;51.6;False;0.0076002645554967;False;0.0202672256866085;22.5
b8:27:eb:bf:9d:51;0.0048717472037065;51.7;False;0.0075565773875766;False;0.0201428087789691;21.7
b8:27:eb:bf:9d:51;0.0048400855471052;51.7;False;0.0075210186498806;False;0.0200415770544955;21.9
