1033.0;-159;102.0;15.0;-610.0;310.0;232.0;-121;98;81.0;166.0;40;-784.0;-694.0;940.0;-97.0;-399.0;-338.0;-60;422.0;16.0;223.0;81;546.0;-1480;293.0;184.0;272.0;905.0;254.0;66.0;216.0;-545.0;-934.0;-135.0;-60.0;14;-470.0;940.0;482.0;222.0;-17.0;-265.0;305.0;-3745;-314.0;15;118.0;74;691.0;-301.0;252.0;1184.0;961.0;-674;509.0;-256.0;-730.0;-846.0;-822.0;-306.0;4699;495.0;264.0;-2067;-167.0;119.0;300.0;818;326.0;56.0;178.0;-177;600.0;2303;-7;1480;193;-890.0;-339.0;253.0;-431.0;513.0;857.0;1538.0;559.0;-674;-190.0;81;511.0;51.0;-901.0;1021.0;-507.0;228.0;312.0;606.0;-853.0;17.0;85;-849.0;-575.0;345;604.0;-117;-595.0;-393.0;-8.0;381;-841.0;-43;409.0;117;-98.0;143.0;696.0;520.0;40;395.0;599;-31.0;375.0;-253.0;75.0;-60;1394.0;224.0;-24;-532.0;113.0
938.0;-159;-211.0;60.0;-617.0;-4.0;286.0;-9;105;-132.0;45.0;-58;-776.0;-678.0;918.0;-151.0;-400.0;362.0;66;-249.0;77.0;-125.0;-10;936.0;-1260;326.0;173.0;386.0;958.0;185.0;191.0;124.0;-516.0;-1020.0;-306.0;-33.0;-1;-493.0;1080.0;512.0;-137.0;-29.0;257.0;324.0;165;-356.0;14;146.0;74;678.0;-278.0;-150.0;808.0;1075.0;-181;-355.0;-67.0;-718.0;-831.0;-895.0;189.0;207;452.0;252.0;88;-97.0;121.0;-128.0;795;382.0;100.0;322.0;-182;572.0;812;-8;1260;307;-991.0;-360.0;229.0;532.0;527.0;753.0;950.0;591.0;-181;-232.0;-10;528.0;78.0;-887.0;998.0;-542.0;200.0;374.0;574.0;-935.0;42.0;71;-481.0;128.0;24;589.0;-2;-22.0;-405.0;16.0;370;-965.0;-20;375.0;2;-176.0;169.0;697.0;534.0;-58;427.0;-11;-2.0;432.0;-240.0;50.0;66;858.0;204.0;-24;-492.0;116.0
984.0;-159;-10.0;172.0;-637.0;7.0;242.0;2;99;-6.0;30.0;15;-762.0;-679.0;945.0;-136.0;-324.0;-5.0;-21;-61.0;-166.0;4.0;-8;974.0;25;304.0;67.0;338.0;966.0;310.0;235.0;115.0;-569.0;-965.0;-222.0;-136.0;-3;-450.0;1101.0;523.0;-2.0;7.0;153.0;336.0;19;-316.0;16;170.0;74;696.0;-350.0;-22.0;885.0;992.0;10;10.0;-111.0;-694.0;-852.0;-832.0;13.0;654;362.0;252.0;4;18.0;41.0;-26.0;797;353.0;16.0;188.0;-177;541.0;732;-7;-25;305;-989.0;-300.0;292.0;40.0;510.0;773.0;990.0;583.0;10;-315.0;-8;502.0;37.0;-866.0;1031.0;-441.0;106.0;516.0;591.0;-952.0;110.0;69;-449.0;15.0;15;533.0;-14;57.0;-320.0;-48.0;374;-965.0;-41;410.0;14;-76.0;60.0;638.0;469.0;15;380.0;4;95.0;393.0;-234.0;71.0;-21;865.0;164.0;-24;-563.0;186.0
1126.0;-175;-420.0;-285.0;28.0;49.0;267.0;3230;-51;-79.0;-661.0;2535;-61.0;301.0;705.0;-243.0;-318.0;686.0;625;-1520.0;32.0;814.0;-538;999.0;1416;693.0;-34.0;400.0;1179.0;-685.0;138.0;161.0;324.0;-752.0;-399.0;502.0;-1283;373.0;1058.0;-771.0;-356.0;-60.0;173.0;235.0;65;-283.0;-52;138.0;137;164.0;581.0;-635.0;1055.0;829.0;13;1169.0;49.0;-188.0;219.0;-692.0;-357.0;551;580.0;132.0;-74;20.0;538.0;-1260.0;-3261;503.0;856.0;111.0;-188;309.0;799;-50;-1416;1031;-789.0;-743.0;204.0;754.0;318.0;974.0;1274.0;282.0;13;721.0;-538;41.0;-6.0;329.0;835.0;164.0;116.0;-671.0;457.0;-697.0;-840.0;4448;-569.0;-829.0;34;-395.0;1705;-863.0;-427.0;304.0;3490;-692.0;-42;261.0;-1705;16.0;835.0;276.0;234.0;2535;397.0;91;-614.0;476.0;739.0;-76.0;625;976.0;166.0;9;515.0;136.0
1133.0;-134;-137.0;663.0;-564.0;76.0;-103.0;-249;147;-28.0;30.0;421;-788.0;782.0;1057.0;-105.0;-226.0;1020.0;714;-401.0;-271.0;114.0;-40;752.0;118;1189.0;9.0;349.0;714.0;231.0;117.0;497.0;531.0;-1120.0;271.0;-43.0;799;56.0;894.0;95.0;205.0;251.0;-278.0;522.0;-31;-205.0;62;407.0;43;660.0;-336.0;392.0;639.0;1140.0;-34;-86.0;-122.0;-656.0;-812.0;-1051.0;-221.0;652;918.0;-20.0;121;28.0;-73.0;-360.0;845;-276.0;913.0;89.0;172;1172.0;767;7;-118;-135;-906.0;173.0;496.0;1163.0;1353.0;630.0;825.0;595.0;-34;-359.0;-40;583.0;1.0;-1089.0;1989.0;-279.0;137.0;954.0;407.0;-810.0;234.0;587;-407.0;-797.0;165;182.0;3474;-281.0;-46.0;-90.0;372;-652.0;-37;92.0;-3474;-83.0;7.0;644.0;554.0;421;323.0;166;146.0;391.0;-319.0;61.0;714;660.0;309.0;-75;-669.0;124.0
344.0;-154;328.0;323.0;-566.0;111.0;361.0;134;142;33.0;319.0;-2467;-778.0;631.0;1063.0;-168.0;-298.0;-941.0;-706;548.0;-91.0;-93.0;798;1252.0;4000;1225.0;136.0;250.0;1080.0;-258.0;163.0;107.0;444.0;-1129.0;-225.0;88.0;1128;-59.0;1179.0;-21.0;116.0;-124.0;-103.0;374.0;-1026;-70.0;32;18.0;57;673.0;-141.0;-480.0;1118.0;1200.0;499;-582.0;474.0;-727.0;-756.0;-970.0;191.0;2780;1042.0;131.0;-3451;248.0;273.0;-173.0;1427;-474.0;1169.0;459.0;-178;1202.0;1529;-27;-4000;119;-1235.0;424.0;215.0;-749.0;1188.0;1182.0;1535.0;669.0;499;-308.0;798;539.0;-172.0;-802.0;1155.0;-416.0;477.0;783.0;751.0;-969.0;7.0;-307;-663.0;366.0;-2464;350.0;-9526;302.0;-113.0;-220.0;965;-1115.0;-15;30.0;9526;-440.0;361.0;651.0;514.0;-2467;243.0;277;-169.0;451.0;-59.0;167.0;-706;875.0;345.0;-75;-145.0;285.0
1074.0;-192;13.0;470.0;-575.0;-24.0;283.0;-1707;99;-210.0;-950.0;1116;-811.0;711.0;706.0;-370.0;-439.0;530.0;719;-472.0;9.0;978.0;-255;1201.0;906;586.0;-22.0;609.0;1418.0;89.0;233.0;92.0;494.0;-891.0;-377.0;4.0;-2834;16.0;1334.0;-57.0;-250.0;49.0;250.0;512.0;34;-454.0;63;262.0;38;657.0;-235.0;-288.0;1347.0;1022.0;-87;922.0;7.0;-757.0;-812.0;-843.0;-192.0;586;798.0;183.0;68;-48.0;49.0;-435.0;-3203;-393.0;355.0;9.0;177;823.0;774;-11;-906;1063;-811.0;311.0;216.0;851.0;837.0;1037.0;1180.0;609.0;-87;-265.0;-255;459.0;119.0;-654.0;992.0;-392.0;-155.0;496.0;553.0;-822.0;100.0;3824;-558.0;-381.0;-35;31.0;3482;-282.0;-440.0;248.0;2736;-799.0;-40;445.0;-3482;98.0;362.0;702.0;219.0;1116;514.0;-44;72.0;665.0;-30.0;-69.0;719;836.0;-23.0;-7;-370.0;133.0
757.0;-158;77.0;489.0;577.0;208.0;136.0;299;-172;0.0;1090.0;1009;752.0;-774.0;866.0;-285.0;-262.0;367.0;2172;-494.0;-299.0;295.0;-1;965.0;15;247.0;326.0;313.0;1031.0;544.0;400.0;221.0;-577.0;-1028.0;-148.0;489.0;-583;-224.0;948.0;452.0;-153.0;68.0;115.0;493.0;24;-748.0;116;363.0;111;-649.0;378.0;-233.0;978.0;613.0;31;98.0;-188.0;732.0;735.0;-99.0;-167.0;673;142.0;1007.0;-2;170.0;135.0;-424.0;291;230.0;-404.0;250.0;-177;425.0;704;-11;-15;203;-930.0;-126.0;889.0;597.0;583.0;-293.0;1130.0;-475.0;31;457.0;-1;-278.0;-12.0;-680.0;1002.0;-391.0;108.0;656.0;1069.0;-962.0;-289.0;374;-565.0;-884.0;54;283.0;-1398;-755.0;-281.0;251.0;840;-925.0;-35;304.0;1398;225.0;-379.0;-553.0;553.0;1009;394.0;10;-253.0;485.0;308.0;-109.0;2172;989.0;311.0;-21;-714.0;249.0
988.0;-167;80.0;-287.0;151.0;155.0;50.0;-13;105;260.0;-141.0;-39;301.0;53.0;873.0;-365.0;-212.0;77.0;31;-350.0;-28.0;71.0;-3;983.0;-7;845.0;124.0;299.0;1001.0;-642.0;268.0;407.0;242.0;-987.0;-84.0;-425.0;-60;371.0;1068.0;-648.0;20.0;53.0;-4.0;494.0;16;-5.0;14;457.0;-11;-300.0;-505.0;-202.0;917.0;873.0;-8;-41.0;-24.0;413.0;178.0;-748.0;-65.0;665;773.0;466.0;-3;144.0;-487.0;-346.0;806;473.0;975.0;263.0;177;387.0;725;-97;7;253;-862.0;-846.0;498.0;180.0;262.0;745.0;1056.0;-474.0;-8;-593.0;-3;-422.0;40.0;-10.0;1014.0;44.0;164.0;-409.0;723.0;-992.0;806.0;75;-685.0;515.0;8;-334.0;56;559.0;-252.0;80.0;381;-922.0;-43;255.0;-56;-37.0;-781.0;-467.0;246.0;-39;226.0;-3;584.0;384.0;-591.0;50.0;31;640.0;387.0;-25;435.0;148.0
997.0;-158;-319.0;415.0;-236.0;129.0;224.0;-603;109;83.0;66.0;458;-94.0;470.0;797.0;-253.0;-299.0;377.0;1220;-414.0;-514.0;139.0;352;1039.0;109;192.0;576.0;432.0;906.0;-23.0;988.0;187.0;494.0;-119.0;-295.0;161.0;182;517.0;214.0;-543.0;38.0;135.0;-97.0;506.0;11;-436.0;-178;351.0;-33;92.0;-134.0;-903.0;816.0;-131.0;-520;-452.0;-15.0;-280.0;-519.0;383.0;-99.0;499;514.0;728.0;540;-361.0;-545.0;-354.0;234;444.0;-387.0;-63.0;169;336.0;1022;-153;-109;287;-894.0;-582.0;121.0;1080.0;570.0;-556.0;985.0;-444.0;-520;-739.0;352;-285.0;13.0;-483.0;906.0;-199.0;-200.0;174.0;744.0;-895.0;799.0;163;-628.0;247.0;-470;-646.0;-415;627.0;-447.0;45.0;978;-822.0;-59;183.0;415;-90.0;-789.0;-163.0;736.0;458;398.0;-493;647.0;478.0;-840.0;684.0;1220;769.0;200.0;-36;-764.0;736.0
975.0;-167;78.0;162.0;-601.0;72.0;229.0;21;-117;84.0;-201.0;-127;-788.0;734.0;908.0;-262.0;-272.0;-34.0;249;-332.0;503.0;368.0;26;956.0;-8;60.0;181.0;475.0;887.0;354.0;208.0;149.0;551.0;-1001.0;-170.0;76.0;238;-342.0;1072.0;506.0;295.0;56.0;-56.0;421.0;18;-157.0;109;286.0;159;674.0;-259.0;-204.0;817.0;1022.0;4;315.0;-45.0;-726.0;-763.0;-934.0;-239.0;662;218.0;317.0;2;131.0;28.0;-264.0;846;-329.0;-373.0;296.0;178;412.0;725;-7;8;519;-958.0;223.0;97.0;-18.0;421.0;738.0;996.0;595.0;4;-291.0;26;568.0;-72.0;-613.0;1013.0;-470.0;53.0;384.0;698.0;-950.0;133.0;-9;-421.0;-414.0;16;556.0;434;-265.0;-312.0;137.0;291;-945.0;-55;385.0;-434;39.0;300.0;677.0;581.0;-127;376.0;-3;54.0;462.0;-227.0;33.0;249;856.0;347.0;-23;-405.0;-25.0
1006.0;-157;-19.0;625.0;-472.0;19.0;162.0;7;-139;44.0;-43.0;-12;-677.0;717.0;827.0;-156.0;-274.0;81.0;35;-152.0;452.0;39.0;10;932.0;1;-516.0;212.0;470.0;903.0;536.0;1036.0;38.0;670.0;-206.0;-247.0;-401.0;1;-164.0;261.0;97.0;52.0;120.0;236.0;570.0;19;-437.0;139;474.0;91;489.0;-626.0;-61.0;753.0;-448.0;-1;129.0;-271.0;-770.0;-443.0;714.0;-39.0;652;21.0;553.0;-2;47.0;-195.0;-112.0;803;-178.0;-48.0;153.0;-179;295.0;733;-6;-1;275;-990.0;73.0;180.0;38.0;369.0;-801.0;803.0;42.0;-1;-712.0;10;-116.0;-117.0;-429.0;946.0;-7.0;497.0;641.0;424.0;-863.0;531.0;72;-404.0;42.0;-7;-291.0;17;27.0;-498.0;-1.0;374;-842.0;-41;442.0;-17;60.0;794.0;234.0;641.0;-12;680.0;-1;446.0;619.0;-116.0;708.0;35;918.0;177.0;-27;-368.0;927.0
962.0;-157;-5.0;626.0;-476.0;-23.0;134.0;4;-139;-16.0;133.0;53;-676.0;714.0;834.0;-154.0;-326.0;59.0;-22;-115.0;454.0;-442.0;-82;898.0;-11;-520.0;215.0;440.0;926.0;534.0;912.0;34.0;669.0;-203.0;-228.0;-396.0;-3;-177.0;687.0;103.0;248.0;100.0;117.0;552.0;17;-79.0;139;459.0;91;494.0;-615.0;5.0;755.0;-145.0;79;-729.0;-247.0;-780.0;-473.0;606.0;-44.0;656;23.0;608.0;1;-60.0;-191.0;-77.0;799;-190.0;-35.0;160.0;-180;294.0;733;-6;11;265;-985.0;84.0;85.0;34.0;367.0;-496.0;750.0;51.0;79;-709.0;-82;-132.0;-125.0;-428.0;943.0;-24.0;429.0;646.0;754.0;-862.0;529.0;75;-423.0;-645.0;-4;-280.0;-55;961.0;-490.0;-27.0;384;-847.0;-41;504.0;55;70.0;776.0;236.0;572.0;53;702.0;3;445.0;621.0;-106.0;479.0;-22;941.0;99.0;-27;-357.0;842.0
989.0;-156;5.0;208.0;-116.0;-373.0;287.0;4;-17;-8.0;153.0;7;155.0;299.0;846.0;-177.0;-776.0;-123.0;8;63.0;-540.0;66.0;-2;922.0;19;852.0;480.0;774.0;529.0;-267.0;576.0;69.0;388.0;-753.0;-303.0;-174.0;-1;489.0;961.0;-649.0;51.0;-395.0;-35.0;429.0;17;-303.0;-147;275.0;-59;107.0;-464.0;317.0;308.0;574.0;-28;-17.0;0.0;-87.0;-884.0;-111.0;11.0;655;912.0;968.0;2;59.0;-589.0;394.0;792;558.0;9.0;223.0;-176;504.0;732;-142;-19;295;-981.0;-670.0;571.0;233.0;584.0;65.0;303.0;-203.0;-28;-339.0;-2;12.0;-93.0;-1053.0;1021.0;-140.0;-52.0;698.0;887.0;-438.0;784.0;69;-440.0;95.0;13;-75.0;40;351.0;-733.0;40.0;390;-854.0;-39;465.0;-40;24.0;-434.0;-464.0;859.0;7;840.0;-2;811.0;572.0;-858.0;135.0;8;894.0;207.0;-27;-373.0;539.0
1756.0;-154;163.0;-386.0;-575.0;44.0;192.0;-14;85;198.0;-739.0;151;-737.0;534.0;955.0;-162.0;-231.0;-11.0;-45;377.0;761.0;-1368.0;-99;997.0;-309;-184.0;382.0;307.0;932.0;-117.0;1000.0;122.0;390.0;-739.0;-168.0;-68.0;81;-672.0;805.0;464.0;-436.0;29.0;-1321.0;281.0;-56;-623.0;31;273.0;30;668.0;-313.0;409.0;880.0;374.0;296;361.0;714.0;-834.0;-710.0;0.0;497.0;754;368.0;935.0;-63;-205.0;264.0;327.0;789;-531.0;-105.0;258.0;164;489.0;734;-11;309;288;-1013.0;530.0;-2.0;-90.0;484.0;-416.0;1017.0;443.0;296;37.0;-99;12.0;99.0;-482.0;1043.0;-795.0;-33.0;-96.0;801.0;-994.0;-237.0;75;-496.0;326.0;104;668.0;19;530.0;-270.0;24.0;397;-1011.0;-18;493.0;-19;-213.0;701.0;728.0;818.0;151;74.0;31;-152.0;248.0;105.0;248.0;-45;907.0;33.0;-27;-401.0;599.0
988.0;-157;-1200.0;162.0;-42.0;307.0;-307.0;-151;-8;-346.0;-702.0;-478;-176.0;559.0;323.0;-559.0;-182.0;676.0;124;62.0;-1191.0;-23.0;-26;876.0;-17;1307.0;235.0;795.0;617.0;-499.0;-14.0;1067.0;193.0;-1283.0;-34.0;-434.0;-33;705.0;1146.0;-738.0;-596.0;163.0;21.0;967.0;23;-619.0;-170;873.0;-47;129.0;-593.0;-669.0;316.0;1049.0;46;-134.0;42.0;-30.0;-259.0;-1208.0;-185.0;692;498.0;154.0;73;-297.0;-282.0;-619.0;484;-41.0;817.0;445.0;-176;-172.0;696;-164;17;359;-66.0;-806.0;82.0;125.0;-100.0;751.0;-361.0;45.0;46;-580.0;-26;24.0;-716.0;423.0;804.0;815.0;774.0;108.0;603.0;-572.0;942.0;81;-959.0;-520.0;-22;-674.0;-678;-315.0;-961.0;-25.0;710;-532.0;-40;-564.0;678;-397.0;-862.0;-534.0;508.0;-478;656.0;-68;602.0;990.0;-803.0;461.0;124;-273.0;509.0;-46;207.0;-259.0
996.0;-151;-870.0;252.0;-70.0;329.0;-229.0;-196;-8;27.0;-587.0;-214;-213.0;571.0;219.0;-450.0;-153.0;223.0;-72;144.0;-1280.0;290.0;18;964.0;9;1320.0;159.0;661.0;603.0;-507.0;127.0;1017.0;196.0;-1051.0;14.0;-402.0;-22;768.0;1189.0;-710.0;-508.0;313.0;-1.0;901.0;21;-565.0;-171;1060.0;-51;156.0;-565.0;-657.0;249.0;953.0;-57;-277.0;73.0;-35.0;-305.0;-927.0;-375.0;681;447.0;48.0;55;-246.0;-213.0;-914.0;377;-65.0;502.0;97.0;-175;-263.0;708;-164;-9;405;-30.0;-795.0;211.0;-111.0;-126.0;812.0;-419.0;49.0;-57;-597.0;18;70.0;-699.0;-140.0;922.0;1137.0;-258.0;103.0;535.0;-703.0;951.0;67;-923.0;-231.0;-9;-718.0;-440;-381.0;-834.0;36.0;777;-467.0;-40;-605.0;440;-407.0;-861.0;-536.0;582.0;-214;652.0;-46;576.0;982.0;-823.0;548.0;-72;-276.0;610.0;-49;103.0;-109.0
967.0;-167;-388.0;-252.0;-166.0;223.0;241.0;-314;63;-471.0;-404.0;254;-368.0;88.0;777.0;-260.0;-436.0;10.0;1818;-230.0;-52.0;1045.0;-8;954.0;-66;747.0;146.0;466.0;724.0;-597.0;699.0;171.0;-76.0;-799.0;-119.0;42.0;-119;97.0;865.0;-543.0;-430.0;23.0;21.0;483.0;14;-494.0;5;393.0;25;201.0;121.0;-54.0;754.0;640.0;13;1048.0;-171.0;-532.0;-80.0;-131.0;-531.0;682;860.0;582.0;-9;-33.0;542.0;-301.0;675;-623.0;955.0;-33.0;-172;578.0;710;-52;66;154;-949.0;774.0;497.0;-255.0;521.0;39.0;945.0;560.0;13;549.0;-8;234.0;251.0;-600.0;1071.0;-573.0;247.0;-181.0;721.0;-942.0;-737.0;111;-578.0;-544.0;44;-276.0;-427;-1588.0;-353.0;-110.0;641;-893.0;-43;334.0;427;12.0;968.0;408.0;377.0;254;530.0;-21;-701.0;447.0;623.0;474.0;1818;753.0;316.0;-23;102.0;593.0
968.0;-162;-32.0;-521.0;-287.0;107.0;-478.0;-2438;32;-133.0;-91.0;-342;-223.0;-102.0;716.0;-347.0;-435.0;-9.0;-76;-3.0;249.0;-80.0;0;916.0;22;788.0;134.0;156.0;914.0;-751.0;-98.0;896.0;-180.0;-1040.0;426.0;442.0;-1128;359.0;1191.0;-665.0;3.0;11.0;216.0;523.0;15;-329.0;154;672.0;-6;284.0;548.0;99.0;994.0;1041.0;-14;-407.0;-100.0;-455.0;-304.0;-983.0;-63.0;667;822.0;53.0;-1;-77.0;343.0;93.0;-832;-186.0;943.0;257.0;-173;168.0;725;-93;-22;1228;-343.0;960.0;26.0;24.0;-124.0;864.0;910.0;361.0;-14;611.0;0;286.0;543.0;48.0;865.0;118.0;548.0;-392.0;602.0;-1042.0;-866.0;609;-980.0;9.0;2;-342.0;-354;396.0;-17.0;-71.0;2275;-663.0;-38;-180.0;354;-400.0;794.0;317.0;402.0;-342;279.0;3;-668.0;147.0;602.0;162.0;-76;-74.0;335.0;-20;566.0;-257.0
996.0;-146;-1199.0;402.0;514.0;282.0;-102.0;-187;134;-479.0;-168.0;733;767.0;-782.0;836.0;-492.0;-223.0;1088.0;296;-1974.0;-231.0;-2002.0;-75;920.0;-18;425.0;-32.0;222.0;983.0;152.0;817.0;289.0;-582.0;-1093.0;-143.0;341.0;-641;133.0;804.0;-97.0;1603.0;-93.0;-194.0;641.0;52;-298.0;-145;347.0;92;-547.0;497.0;-207.0;1111.0;-57.0;72;2257.0;-118.0;767.0;776.0;-738.0;-865.0;659;770.0;930.0;-238;209.0;160.0;-1962.0;688;213.0;-559.0;162.0;-156;770.0;723;-108;18;212;-822.0;-69.0;129.0;513.0;853.0;-678.0;1158.0;-361.0;72;473.0;-75;7.0;147.0;-774.0;1344.0;-269.0;-323.0;352.0;712.0;-890.0;-348.0;383;-618.0;-1206.0;52;-94.0;943;3536.0;-98.0;247.0;556;-875.0;-36;130.0;-943;-131.0;-531.0;-613.0;1196.0;733;89.0;-63;-318.0;423.0;185.0;202.0;296;737.0;308.0;8;-795.0;-476.0
895.0;-64;120.0;17.0;595.0;19.0;-115.0;359;153;-199.0;9.0;519;751.0;-573.0;791.0;-69.0;-31.0;156.0;-132;-462.0;49.0;-334.0;-50;744.0;63;439.0;168.0;613.0;943.0;-36.0;381.0;105.0;-426.0;-967.0;-85.0;8.0;994;-533.0;1007.0;511.0;70.0;-63.0;373.0;604.0;11;-266.0;77;142.0;-42;-681.0;146.0;136.0;849.0;1219.0;-54;-713.0;768.0;758.0;796.0;-734.0;-282.0;639;273.0;311.0;32;61.0;-285.0;-239.0;1041;483.0;345.0;399.0;193;534.0;735;-4;-63;9;-1110.0;-507.0;413.0;-139.0;529.0;681.0;927.0;-634.0;-54;194.0;-50;-521.0;132.0;-683.0;966.0;-586.0;52.0;321.0;1037.0;-970.0;28.0;1193;-514.0;290.0;59;599.0;1976;1544.0;-154.0;-324.0;-39;-1028.0;-38;67.0;-1976;-57.0;-309.0;-659.0;581.0;519;388.0;81;251.0;472.0;36.0;146.0;-132;690.0;375.0;-65;-243.0;434.0
1196.0;-156;540.0;355.0;-502.0;-406.0;-20.0;-1;180;33.0;-188.0;7;-784.0;954.0;921.0;-105.0;-897.0;54.0;-23;94.0;-40.0;92.0;-19;945.0;-3;436.0;87.0;807.0;493.0;-25.0;47.0;833.0;246.0;-1035.0;-186.0;-423.0;-5;-168.0;1073.0;277.0;-39.0;-283.0;-60.0;399.0;22;17.0;104;349.0;119;849.0;-307.0;-217.0;141.0;638.0;-19;-36.0;-115.0;-554.0;-765.0;-390.0;-261.0;662;-352.0;712.0;20;233.0;-221.0;-145.0;807;-92.0;-333.0;337.0;174;446.0;719;-1;3;252;-530.0;145.0;865.0;-47.0;615.0;250.0;280.0;655.0;-19;-493.0;-19;386.0;-171.0;-792.0;953.0;-289.0;307.0;322.0;942.0;-164.0;291.0;67;-1000.0;138.0;31;186.0;-14;-222.0;-898.0;145.0;394;-875.0;-44;14.0;14;-336.0;294.0;139.0;281.0;7;1062.0;-14;133.0;450.0;-412.0;-314.0;-23;34.0;137.0;-24;-511.0;-133.0
847.0;-134;23.0;576.0;-687.0;-111.0;822.0;0;-143;-35.0;292.0;-25;-237.0;825.0;455.0;-21.0;-513.0;37.0;-7;-69.0;38.0;47.0;23;850.0;-1;-376.0;827.0;1023.0;-74.0;496.0;710.0;367.0;564.0;-285.0;-844.0;-172.0;0;-29.0;507.0;112.0;27.0;41.0;-373.0;363.0;13;-634.0;135;9.0;82;606.0;-276.0;18.0;-310.0;454.0;0;-52.0;-351.0;-874.0;-978.0;-164.0;-64.0;744;-321.0;438.0;-2;-601.0;-163.0;-35.0;46;-23.0;-573.0;480.0;-176;-809.0;648;19;1;217;-927.0;22.0;288.0;53.0;607.0;58.0;-392.0;35.0;0;-612.0;23;89.0;-394.0;-238.0;305.0;-147.0;857.0;-50.0;922.0;55.0;667.0;130;-680.0;-167.0;21;-581.0;-11;-100.0;-1005.0;-23.0;842;-543.0;-50;577.0;11;-19.0;81.0;-385.0;962.0;-25;839.0;0;331.0;806.0;-399.0;830.0;-7;755.0;38.0;-73;-649.0;422.0
845.0;-134;-26.0;624.0;-688.0;-137.0;830.0;-8;-143;24.0;-83.0;-9;-262.0;793.0;501.0;-28.0;-526.0;34.0;10;-82.0;687.0;63.0;10;820.0;10;-545.0;414.0;983.0;-85.0;552.0;999.0;263.0;608.0;-35.0;-828.0;-128.0;0;39.0;224.0;143.0;-80.0;26.0;-375.0;359.0;16;-800.0;135;-7.0;82;611.0;-524.0;22.0;-318.0;-293.0;-27;77.0;-357.0;-792.0;-662.0;537.0;40.0;748;-336.0;300.0;1;-211.0;-168.0;-39.0;38;2.0;-66.0;434.0;-176;-766.0;640;19;-10;209;-962.0;-26.0;-202.0;44.0;556.0;-609.0;-355.0;-159.0;-27;-612.0;10;-283.0;-393.0;-72.0;323.0;225.0;882.0;-52.0;188.0;54.0;656.0;135;-683.0;156.0;23;-585.0;-17;-290.0;-1006.0;-18.0;838;-583.0;-50;619.0;17;-29.0;682.0;-375.0;802.0;-9;884.0;0;333.0;766.0;-271.0;881.0;10;771.0;30.0;-73;-499.0;913.0
841.0;-135;9.0;612.0;-626.0;39.0;701.0;5;-143;-17.0;-11.0;6;-302.0;836.0;484.0;-70.0;-359.0;41.0;-2;-47.0;559.0;-30.0;5;860.0;16;-12.0;178.0;989.0;-124.0;479.0;572.0;396.0;547.0;-861.0;-791.0;-407.0;3;38.0;928.0;176.0;-14.0;221.0;-369.0;560.0;17;-116.0;135;181.0;83;553.0;-581.0;31.0;-372.0;-153.0;25;3.0;-346.0;-621.0;-794.0;549.0;-39.0;745;-250.0;944.0;4;185.0;-146.0;-41.0;50;-27.0;-540.0;439.0;-175;-777.0;640;19;-16;222;-914.0;-23.0;510.0;36.0;618.0;-615.0;-514.0;264.0;25;-649.0;5;-118.0;-611.0;-218.0;335.0;90.0;880.0;-177.0;791.0;117.0;704.0;133;-762.0;61.0;26;-614.0;-5;14.0;-975.0;2.0;837;-585.0;-50;567.0;5;-39.0;437.0;-438.0;636.0;6;722.0;1;285.0;856.0;-455.0;293.0;-2;651.0;86.0;-73;-979.0;485.0
1492.0;-165;766.0;362.0;-625.0;-326.0;428.0;90;147;432.0;351.0;90;-712.0;752.0;726.0;221.0;-92.0;-131.0;69;-1161.0;-437.0;-94.0;-711;962.0;-5467;294.0;363.0;371.0;737.0;435.0;185.0;471.0;637.0;-1075.0;-431.0;-202.0;94;-69.0;1042.0;342.0;285.0;-232.0;278.0;216.0;-1587;-365.0;212;191.0;82;757.0;-458.0;172.0;219.0;962.0;1133;631.0;63.0;-639.0;-861.0;-1022.0;-1738.0;3379;-135.0;159.0;-250;-85.0;-150.0;-460.0;820;-133.0;-28.0;313.0;-187;276.0;657;-1;5467;288;-1108.0;109.0;458.0;-322.0;418.0;656.0;580.0;426.0;1133;-449.0;-711;456.0;-142.0;-477.0;566.0;-57.0;1663.0;425.0;530.0;-1035.0;283.0;81;-603.0;-869.0;251;232.0;-613;-1004.0;-948.0;518.0;379;-1232.0;-34;280.0;613;-174.0;-101.0;382.0;439.0;90;-73.0;2458;283.0;174.0;-448.0;54.0;69;938.0;267.0;-30;-551.0;59.0
981.0;-160;-566.0;-422.0;-479.0;304.0;171.0;-1779;148;-194.0;735.0;-276;-795.0;560.0;1043.0;-210.0;-301.0;589.0;831;-2848.0;270.0;427.0;3276;1006.0;-2330;394.0;-7.0;170.0;971.0;-202.0;-63.0;139.0;348.0;-1074.0;-100.0;111.0;-3394;-583.0;1209.0;256.0;6.0;-71.0;133.0;356.0;-1021;-298.0;30;270.0;-28;586.0;-68.0;-522.0;997.0;1007.0;3172;639.0;-45.0;-768.0;-739.0;-940.0;-2294.0;1871;545.0;80.0;-43;-82.0;246.0;-2427.0;180;-525.0;356.0;99.0;174;589.0;1198;-50;2330;4111;-978.0;538.0;255.0;36.0;523.0;912.0;1240.0;635.0;3172;103.0;3276;538.0;128.0;-830.0;998.0;-762.0;242.0;-203.0;448.0;-870.0;-278.0;-794;-636.0;-2241.0;338;505.0;345;-2253.0;-319.0;701.0;1002;-882.0;-36;56.0;-345;-23.0;389.0;791.0;296.0;-276;456.0;923;-145.0;462.0;-58.0;-213.0;831;770.0;8.0;-36;-165.0;30.0
1068.0;-146;-630.0;-387.0;-209.0;86.0;-693.0;-139;-11;-1140.0;23.0;-243;-349.0;-5.0;482.0;-68.0;81.0;472.0;507;-622.0;-109.0;592.0;10;869.0;-27;663.0;235.0;287.0;1042.0;-635.0;78.0;363.0;-110.0;-690.0;38.0;305.0;-168;147.0;1221.0;-520.0;2.0;-21.0;-434.0;715.0;30;-227.0;-156;285.0;-10;261.0;382.0;289.0;1034.0;1231.0;-22;115.0;-195.0;-481.0;-166.0;-410.0;-722.0;660;728.0;233.0;-58;162.0;491.0;-194.0;685;-519.0;847.0;377.0;180;253.0;714;-146;27;297;-859.0;848.0;611.0;-876.0;145.0;814.0;1080.0;482.0;-22;424.0;10;470.0;-167.0;18.0;1075.0;-113.0;-56.0;-292.0;693.0;-857.0;-771.0;-40;-865.0;-958.0;48;-133.0;-1726;-1330.0;-56.0;-69.0;761;-877.0;-47;-239.0;1726;-329.0;812.0;475.0;242.0;-243;168.0;58;-726.0;404.0;625.0;-13.0;507;-351.0;591.0;-41;410.0;298.0
976.0;-144;-202.0;-417.0;585.0;-163.0;-43.0;3;96;-980.0;319.0;-122;693.0;-442.0;930.0;182.0;-611.0;146.0;67;-152.0;325.0;-1256.0;-14;691.0;28;344.0;-40.0;431.0;1064.0;-612.0;-484.0;1075.0;-66.0;-977.0;153.0;-326.0;50;-401.0;959.0;245.0;-46.0;-345.0;126.0;220.0;24;7.0;6;311.0;44;-695.0;-435.0;-288.0;819.0;983.0;27;-900.0;-91.0;705.0;446.0;-958.0;561.0;662;547.0;-7.0;-1;-45.0;-211.0;260.0;610;29.0;774.0;189.0;179;750.0;715;-22;-28;397;-30.0;-894.0;387.0;-122.0;-176.0;934.0;889.0;-532.0;27;-231.0;-14;-594.0;141.0;-82.0;932.0;-356.0;344.0;-257.0;309.0;-1105.0;364.0;100;-953.0;310.0;54;785.0;-123;329.0;-136.0;-372.0;533;-1135.0;-44;-233.0;123;-675.0;-584.0;-488.0;112.0;-122;584.0;13;476.0;120.0;-173.0;-296.0;67;-603.0;-184.0;-39;615.0;-459.0
961.0;-41;1005.0;580.0;-431.0;-236.0;192.0;135;-89;-336.0;278.0;-352;-467.0;737.0;721.0;-82.0;-275.0;-72.0;1292;-798.0;-761.0;36.0;-71;1154.0;49;721.0;203.0;681.0;1062.0;171.0;72.0;125.0;572.0;-863.0;-321.0;-441.0;-776;421.0;918.0;-238.0;-93.0;-137.0;-487.0;339.0;38;-193.0;-102;212.0;167;467.0;-605.0;787.0;822.0;1264.0;66;336.0;-306.0;-225.0;-629.0;-705.0;-770.0;661;215.0;103.0;53;80.0;-420.0;-515.0;769;156.0;513.0;470.0;-175;280.0;705;174;-49;-11;-954.0;-325.0;224.0;-1487.0;522.0;769.0;823.0;147.0;66;-653.0;-71;288.0;313.0;-263.0;814.0;263.0;312.0;531.0;497.0;-864.0;648.0;616;-411.0;-895.0;11;-375.0;4875;-853.0;-728.0;424.0;481;-962.0;-40;195.0;-4875;-195.0;-572.0;80.0;533.0;-352;421.0;47;591.0;233.0;-749.0;-65.0;1292;693.0;253.0;-82;-257.0;203.0
