1.2;1185.0;31.0;3.6;690.0;62.0;1462.0;77.0;1333.0;733.0;11.3;56.8;0.7603
1.0;1136.0;31.0;3.3;672.0;62.0;1453.0;76.0;1333.0;730.0;10.7;60.0;0.7702
2.0;1333.0;64.0;8.0;900.0;174.0;1136.0;112.0;1517.0;1102.0;10.8;57.4;0.7408
1.7;1233.0;77.0;6.3;827.0;112.0;1218.0;98.0;1446.0;860.0;10.8;58.4;0.7552
1.9;1286.0;63.0;7.3;869.0;146.0;1162.0;112.0;1537.0;799.0;8.3;76.4;0.8393
4.8;1581.0;307.0;20.8;1319.0;281.0;799.0;151.0;2083.0;1409.0;10.3;64.2;0.8065
6.9;1776.0;461.0;27.4;1488.0;383.0;702.0;172.0;2333.0;1704.0;9.7;69.3;0.8319
3.9;1313.0;197.0;12.8;1076.0;240.0;957.0;136.0;1707.0;1285.0;9.1;64.0;0.7419
1.0;913.0;26.0;2.6;629.0;47.0;1565.0;53.0;1252.0;552.0;8.2;60.8;0.6657
-200.0;831.0;10.0;1.1;506.0;21.0;1893.0;32.0;1134.0;384.0;6.1;65.9;0.6248
2.7;1263.0;166.0;11.6;1037.0;216.0;969.0;143.0;1598.0;1167.0;14.3;38.4;0.6243
3.7;1525.0;242.0;18.2;1246.0;202.0;821.0;145.0;1847.0;1448.0;14.4;43.4;0.7084
1.6;1184.0;43.0;5.4;782.0;83.0;1176.0;82.0;1365.0;1043.0;8.8;63.9;0.7256
1.2;1100.0;27.0;2.9;646.0;53.0;1406.0;60.0;1268.0;835.0;7.2;67.5;0.6887
3.7;1408.0;239.0;15.1;1153.0;295.0;830.0;119.0;1777.0;1411.0;9.6;59.7;0.7124
4.1;1542.0;283.0;16.1;1184.0;296.0;808.0;158.0;1780.0;1583.0;15.6;42.2;0.7451
2.8;1328.0;154.0;12.3;1059.0;153.0;987.0;124.0;1600.0;1101.0;19.4;31.3;0.695
2.0;1207.0;112.0;8.6;924.0;118.0;1088.0;102.0;1488.0;850.0;18.0;34.8;0.7127
4.2;1611.0;284.0;19.2;1274.0;279.0;754.0;161.0;1915.0;1697.0;15.7;44.1;0.7786
4.2;1621.0;269.0;18.3;1247.0;283.0;762.0;159.0;1860.0;1886.0;15.3;46.8;0.8091
0.9;1028.0;27.0;2.4;615.0;74.0;1384.0;67.0;1340.0;853.0;10.4;67.6;0.853
2.8;1445.0;148.0;10.9;1009.0;176.0;878.0;114.0;1696.0;1355.0;16.9;46.1;0.8789
1.8;1207.0;84.0;7.5;879.0;103.0;1104.0;102.0;1490.0;872.0;21.4;30.2;0.7616
1.0;1075.0;39.0;3.9;703.0;88.0;1156.0;74.0;1464.0;1010.0;11.9;67.4;0.9375
5.5;1797.0;336.0;25.9;1451.0;360.0;652.0;114.0;2323.0;1680.0;12.4;63.9;0.917
3.1;1430.0;221.0;14.1;1120.0;201.0;831.0;134.0;1783.0;1522.0;22.0;34.1;0.8904
8.0;2040.0;685.0;39.2;1754.0;404.0;542.0;187.0;2679.0;2122.0;20.4;42.5;1.0086
6.5;1895.0;538.0;31.0;1573.0;320.0;565.0;165.0;2443.0;1992.0;18.3;52.6;1.0945
3.2;1439.0;224.0;15.3;1159.0;193.0;764.0;125.0;1856.0;1494.0;15.7;60.2;1.0654
1.4;1142.0;67.0;6.9;852.0;89.0;1008.0;101.0;1547.0;1164.0;15.3;61.4;1.058
1.2;1074.0;49.0;5.4;784.0;79.0;1098.0;88.0;1483.0;1040.0;14.8;60.6;1.0148
0.8;968.0;29.0;2.8;640.0;43.0;1320.0;61.0;1386.0;867.0;14.8;59.2;0.9879
3.7;1539.0;285.0;19.7;1287.0;229.0;698.0;95.0;2055.0;1507.0;13.6;56.3;0.8743
4.0;1579.0;366.0;22.3;1359.0;252.0;724.0;161.0;1998.0;1671.0;25.3;26.1;0.8264
3.9;1551.0;261.0;19.1;1271.0;181.0;800.0;137.0;1875.0;1432.0;21.3;34.8;0.873
5.1;1800.0;349.0;24.9;1426.0;317.0;700.0;177.0;2106.0;2034.0;19.0;41.3;0.9007
1.7;1205.0;85.0;8.6;925.0;132.0;922.0;107.0;1547.0;1314.0;15.5;52.9;0.9271
0.5;891.0;18.0;1.9;576.0;46.0;1417.0;53.0;1289.0;733.0;11.9;57.4;0.7978
6.6;1852.0;534.0;36.4;1696.0;377.0;553.0;127.0;2535.0;1931.0;14.1;50.0;0.802
4.3;1522.0;368.0;21.3;1331.0;280.0;703.0;134.0;2026.0;1734.0;17.7;40.1;0.8048
2.6;1389.0;152.0;13.7;1108.0;161.0;887.0;123.0;1712.0;1334.0;25.9;25.9;0.8503
5.0;1557.0;386.0;27.0;1478.0;299.0;793.0;158.0;1981.0;1569.0;25.9;16.0;0.5237
5.7;1795.0;472.0;27.2;1485.0;336.0;653.0;180.0;2174.0;2050.0;19.1;42.6;0.9294
0.7;938.0;26.0;3.0;650.0;68.0;1251.0;71.0;1333.0;893.0;10.9;62.1;0.8113
1.5;1166.0;78.0;7.7;885.0;139.0;1005.0;85.0;1551.0;1075.0;10.6;63.3;0.8067
6.6;1934.0;506.0;35.8;1682.0;421.0;541.0;151.0;2468.0;2051.0;14.3;50.6;0.8186
2.2;1379.0;-200.0;12.5;1068.0;171.0;899.0;139.0;1663.0;1374.0;23.8;28.2;0.8219
2.2;1385.0;-200.0;12.2;1056.0;149.0;891.0;133.0;1648.0;1268.0;24.2;28.7;0.8515
2.3;1379.0;-200.0;13.1;1087.0;137.0;901.0;126.0;1660.0;1144.0;25.2;24.9;0.7829
2.8;1496.0;-200.0;16.8;1205.0;172.0;822.0;169.0;1767.0;1347.0;27.1;23.1;0.818
1.6;1134.0;-200.0;6.6;840.0;103.0;1021.0;96.0;1501.0;917.0;11.9;71.1;0.9915
1.5;1182.0;-200.0;6.7;845.0;115.0;1054.0;99.0;1539.0;704.0;12.4;64.9;0.9332
3.3;1390.0;-200.0;16.4;1191.0;218.0;759.0;135.0;1879.0;1268.0;14.5;54.4;0.8917
3.0;1304.0;-200.0;15.3;1157.0;176.0;793.0;122.0;1801.0;1171.0;16.1;47.6;0.8655
3.3;1364.0;-200.0;16.7;1202.0;198.0;771.0;135.0;1875.0;1250.0;16.3;47.1;0.864
3.5;1410.0;-200.0;19.0;1268.0;212.0;724.0;139.0;1957.0;1344.0;16.4;47.5;0.8791
4.5;1469.0;-200.0;21.7;1344.0;251.0;677.0;144.0;1997.0;1471.0;15.5;50.6;0.884
2.1;1215.0;-200.0;8.3;912.0;127.0;948.0;109.0;1547.0;993.0;14.2;58.3;0.938
2.1;1300.0;-200.0;8.9;935.0;170.0;902.0;113.0;1623.0;1145.0;13.8;58.0;0.9083
2.6;1425.0;-200.0;12.5;1068.0;166.0;776.0;107.0;1764.0;1341.0;15.0;52.3;0.8881
2.6;1490.0;-200.0;11.7;1039.0;182.0;782.0;108.0;1757.0;1422.0;16.3;50.0;0.9158
2.1;1376.0;-200.0;9.3;953.0;125.0;900.0;93.0;1636.0;1153.0;19.0;42.9;0.937
3.5;1633.0;-200.0;16.6;1199.0;215.0;734.0;136.0;1919.0;1417.0;17.4;51.6;1.0159
3.9;1625.0;-200.0;16.4;1191.0;229.0;733.0;139.0;1885.0;1442.0;17.1;51.3;0.9914
1.2;1155.0;-200.0;4.4;734.0;122.0;1062.0;91.0;1528.0;1035.0;14.5;65.3;1.0704
1.7;1301.0;-200.0;7.1;862.0;123.0;914.0;93.0;1633.0;1114.0;16.3;59.0;1.0868
1.8;1279.0;-200.0;7.3;870.0;106.0;911.0;81.0;1646.0;1000.0;18.9;49.6;1.07
2.3;1306.0;-200.0;9.0;938.0;132.0;961.0;105.0;1607.0;762.0;19.4;41.3;0.9206
2.8;1316.0;-200.0;9.9;974.0;188.0;883.0;123.0;1673.0;1272.0;17.4;49.1;0.9688
1.6;1090.0;-200.0;7.3;868.0;124.0;1026.0;87.0;1509.0;766.0;18.5;36.7;0.7764
2.0;1102.0;-200.0;10.4;994.0;107.0;955.0;87.0;1599.0;783.0;21.3;28.1;0.7067
2.1;1094.0;-200.0;10.7;1003.0;130.0;965.0;99.0;1574.0;813.0;21.3;26.8;0.6681
2.3;1076.0;451.0;11.6;1034.0;150.0;964.0;101.0;1544.0;813.0;21.3;24.2;0.606
2.6;1152.0;185.0;12.4;1062.0;138.0;928.0;103.0;1606.0;850.0;20.2;28.5;0.6682
4.5;1425.0;624.0;21.0;1325.0;238.0;678.0;146.0;1965.0;1356.0;15.3;47.4;0.8178
1.1;1006.0;89.0;4.3;729.0;65.0;1142.0;80.0;1370.0;795.0;14.5;49.4;0.8106
3.4;1343.0;340.0;16.2;1185.0;237.0;760.0;132.0;1857.0;1311.0;12.0;62.9;0.8803
2.0;1132.0;118.0;8.7;927.0;128.0;944.0;100.0;1570.0;781.0;12.0;61.1;0.8537
3.0;1225.0;276.0;13.8;1111.0;176.0;818.0;122.0;1719.0;1013.0;13.6;54.6;0.8465
1.3;1041.0;74.0;5.4;782.0;78.0;1105.0;86.0;1425.0;911.0;11.0;61.4;0.8057
0.9;948.0;35.0;2.7;634.0;43.0;1320.0;61.0;1326.0;715.0;11.3;60.0;0.8025
0.6;878.0;29.0;1.6;551.0;-200.0;1493.0;-200.0;1272.0;683.0;10.6;61.6;0.7856
1.2;1045.0;84.0;4.8;751.0;79.0;1186.0;75.0;1403.0;800.0;10.4;59.2;0.7455
4.4;1597.0;553.0;23.7;1395.0;235.0;652.0;110.0;2080.0;1519.0;11.2;56.9;0.7565
1.5;1098.0;118.0;6.7;842.0;117.0;1012.0;85.0;1440.0;828.0;15.6;40.6;0.7146
1.7;1118.0;144.0;8.7;927.0;119.0;959.0;96.0;1477.0;825.0;16.9;34.6;0.6597
2.7;1260.0;263.0;12.0;1050.0;156.0;828.0;111.0;1722.0;979.0;10.7;68.5;0.8794
1.7;1047.0;97.0;5.9;809.0;118.0;1064.0;108.0;1435.0;766.0;10.1;66.9;0.8248
1.0;970.0;52.0;2.5;621.0;42.0;1400.0;58.0;1249.0;479.0;11.0;58.4;0.7686
3.5;1353.0;434.0;17.8;1235.0;202.0;740.0;119.0;1937.0;1175.0;8.6;75.1;0.8415
2.0;1106.0;211.0;8.9;935.0;132.0;958.0;96.0;1570.0;819.0;14.2;48.4;0.778
1.9;1038.0;168.0;8.2;907.0;106.0;976.0;81.0;1492.0;723.0;14.2;46.3;0.7438
2.9;1240.0;374.0;14.6;1137.0;158.0;836.0;103.0;1748.0;991.0;14.9;40.5;0.6835
2.5;1183.0;234.0;10.3;989.0;150.0;904.0;119.0;1539.0;1205.0;12.2;53.2;0.7555
1.7;1048.0;88.0;5.5;787.0;93.0;1098.0;97.0;1373.0;835.0;9.6;61.1;0.7323
1.2;974.0;61.0;3.6;690.0;67.0;1208.0;83.0;1313.0;733.0;9.4;62.6;0.7398
1.3;962.0;81.0;5.3;776.0;89.0;1152.0;75.0;1279.0;550.0;14.2;36.8;0.5922
2.4;1168.0;239.0;11.6;1037.0;125.0;868.0;105.0;1580.0;990.0;12.1;45.6;0.6403
2.6;1140.0;261.0;10.6;1000.0;120.0;916.0;93.0;1490.0;962.0;10.0;51.1;0.628
2.1;1167.0;184.0;9.7;966.0;129.0;942.0;93.0;1520.0;1016.0;15.5;36.1;0.6313
2.1;1121.0;156.0;9.4;955.0;130.0;992.0;99.0;1451.0;834.0;17.8;29.2;0.592
1.9;1071.0;176.0;9.0;940.0;111.0;994.0;93.0;1449.0;756.0;17.6;30.1;0.6013
2.1;1065.0;232.0;10.0;979.0;106.0;950.0;96.0;1467.0;766.0;19.1;26.8;0.5861
2.3;1119.0;221.0;11.2;1022.0;137.0;916.0;117.0;1508.0;853.0;17.1;31.3;0.6038
2.7;1210.0;219.0;12.4;1062.0;165.0;886.0;125.0;1586.0;981.0;15.8;36.1;0.644
2.1;1231.0;122.0;8.6;924.0;130.0;906.0;105.0;1483.0;1245.0;10.9;56.1;0.7326
1.7;1135.0;95.0;6.3;827.0;87.0;1013.0;79.0;1395.0;1070.0;9.3;62.2;0.7294
0.8;870.0;54.0;2.6;626.0;39.0;1325.0;52.0;1284.0;755.0;9.6;58.5;0.7
1.4;995.0;72.0;3.6;691.0;91.0;1219.0;69.0;1321.0;836.0;7.4;68.0;0.7043
1.4;1002.0;104.0;4.8;754.0;70.0;1189.0;65.0;1260.0;470.0;18.0;27.3;0.5594
1.4;1012.0;93.0;4.7;746.0;86.0;1174.0;86.0;1301.0;555.0;15.6;35.0;0.617
1.1;968.0;75.0;3.3;669.0;67.0;1261.0;81.0;1246.0;538.0;12.3;46.8;0.6686
1.1;942.0;57.0;2.9;648.0;63.0;1300.0;77.0;1204.0;500.0;11.5;46.6;0.6319
0.9;888.0;40.0;2.2;598.0;46.0;1396.0;58.0;1156.0;417.0;10.6;48.0;0.6135
0.7;894.0;28.0;1.3;524.0;-200.0;1557.0;-200.0;1095.0;397.0;10.1;47.8;0.5913
0.6;864.0;21.0;1.2;516.0;39.0;1496.0;59.0;1153.0;502.0;11.3;46.9;0.628
0.7;898.0;33.0;1.7;559.0;55.0;1441.0;70.0;1180.0;648.0;10.1;51.2;0.6341
2.9;1309.0;279.0;14.3;1125.0;181.0;844.0;103.0;1687.0;1183.0;8.1;56.8;0.615
4.1;1326.0;743.0;19.7;1289.0;259.0;714.0;134.0;1806.0;1431.0;10.9;44.1;0.5748
1.5;966.0;147.0;5.5;786.0;118.0;1111.0;98.0;1258.0;705.0;11.8;37.6;0.5184
1.4;971.0;91.0;5.5;786.0;92.0;1129.0;78.0;1272.0;546.0;16.5;29.0;0.5406
1.4;962.0;155.0;5.2;776.0;102.0;1131.0;81.0;1247.0;535.0;18.2;26.1;0.5387
2.1;1127.0;163.0;8.2;907.0;108.0;957.0;106.0;1404.0;796.0;14.5;35.4;0.5839
1.2;949.0;80.0;3.8;700.0;78.0;1221.0;90.0;1178.0;553.0;13.1;34.4;0.517
1.1;1054.0;86.0;5.3;779.0;111.0;1080.0;98.0;1266.0;1013.0;11.3;40.3;0.5376
4.0;1584.0;664.0;23.8;1399.0;244.0;642.0;130.0;1947.0;1675.0;13.3;35.6;0.5416
3.7;1419.0;586.0;18.9;1267.0;219.0;742.0;138.0;1763.0;1490.0;20.8;22.5;0.5463
1.6;1085.0;130.0;6.2;820.0;99.0;1060.0;81.0;1325.0;699.0;18.1;30.6;0.6295
2.7;1334.0;301.0;11.9;1047.0;129.0;815.0;106.0;1638.0;1038.0;15.9;42.0;0.7541
1.5;1098.0;101.0;4.7;747.0;80.0;1094.0;91.0;1360.0;764.0;14.9;43.5;0.7302
0.5;832.0;22.0;1.0;496.0;-200.0;1613.0;-200.0;1066.0;381.0;14.2;36.1;0.5823
4.1;1580.0;644.0;19.9;1295.0;230.0;639.0;115.0;1957.0;1489.0;13.2;61.1;0.9256
1.9;1277.0;156.0;7.7;886.0;140.0;902.0;109.0;1579.0;1004.0;12.2;70.0;0.9924
3.1;1390.0;386.0;13.5;1100.0;195.0;755.0;119.0;1799.0;1192.0;14.9;59.3;0.9974
2.3;1224.0;278.0;10.1;980.0;152.0;850.0;111.0;1637.0;1055.0;15.7;50.9;0.8997
2.4;1253.0;263.0;11.3;1026.0;128.0;810.0;103.0;1681.0;1048.0;15.2;52.9;0.9087
1.5;1060.0;109.0;5.5;787.0;81.0;1044.0;91.0;1418.0;833.0;12.6;57.0;0.8315
1.2;1044.0;100.0;5.1;770.0;85.0;1031.0;70.0;1425.0;944.0;11.5;63.9;0.8652
1.1;1034.0;71.0;4.1;716.0;50.0;1085.0;55.0;1405.0;891.0;10.7;67.2;0.863
0.9;956.0;72.0;4.0;713.0;-200.0;1099.0;-200.0;1422.0;849.0;9.0;73.1;0.8394
1.7;1154.0;134.0;7.4;876.0;153.0;1002.0;67.0;1561.0;987.0;9.6;68.8;0.8243
2.5;1192.0;254.0;10.8;1007.0;154.0;827.0;124.0;1604.0;1223.0;16.8;44.0;0.8341
1.3;1072.0;88.0;5.6;795.0;84.0;986.0;93.0;1442.0;1048.0;13.3;58.8;0.8922
1.0;954.0;68.0;3.2;667.0;58.0;1180.0;60.0;1350.0;718.0;13.3;60.9;0.9229
1.1;1067.0;93.0;4.3;727.0;91.0;1055.0;82.0;1448.0;903.0;11.4;71.8;0.9671
2.9;1328.0;468.0;14.2;1123.0;180.0;738.0;127.0;1821.0;1368.0;19.4;44.1;0.9855
3.1;1341.0;454.0;15.9;1176.0;167.0;748.0;135.0;1825.0;1347.0;22.9;33.8;0.9322
3.0;1297.0;461.0;16.1;1183.0;159.0;765.0;130.0;1773.0;1242.0;23.6;31.3;0.9001
3.7;1382.0;588.0;19.7;1288.0;185.0;778.0;138.0;1799.0;1212.0;26.9;22.3;0.7792
3.0;1374.0;415.0;14.1;1121.0;180.0;771.0;146.0;1685.0;1399.0;18.5;43.0;0.9074
1.9;1287.0;245.0;10.1;982.0;115.0;841.0;124.0;1582.0;1291.0;17.8;47.0;0.9467
0.8;986.0;57.0;3.0;651.0;60.0;1145.0;74.0;1380.0;891.0;14.5;58.0;0.9488
0.8;1005.0;57.0;3.3;673.0;56.0;1103.0;64.0;1387.0;905.0;13.7;61.6;0.9631
0.9;1041.0;60.0;3.5;683.0;73.0;1112.0;69.0;1398.0;899.0;13.9;59.6;0.9408
-200.0;1418.0;-200.0;11.2;1023.0;-200.0;785.0;-200.0;1720.0;1410.0;19.7;43.3;0.9837
-200.0;1438.0;-200.0;13.4;1096.0;-200.0;781.0;-200.0;1779.0;1266.0;23.3;35.8;1.0098
-200.0;1278.0;-200.0;10.6;1000.0;-200.0;866.0;-200.0;1621.0;1014.0;23.8;30.5;0.8897
-200.0;1257.0;-200.0;10.8;1006.0;-200.0;915.0;-200.0;1573.0;870.0;24.8;27.0;0.8325
-200.0;1361.0;-200.0;13.5;1102.0;-200.0;834.0;-200.0;1704.0;991.0;25.8;26.5;0.8675
-200.0;1483.0;-200.0;17.1;1213.0;-200.0;764.0;-200.0;1798.0;1249.0;23.7;28.6;0.8273
-200.0;1124.0;-200.0;5.6;793.0;-200.0;965.0;-200.0;1521.0;791.0;14.7;65.0;1.0766
-200.0;1010.0;-200.0;3.0;650.0;-200.0;1171.0;-200.0;1434.0;664.0;13.7;66.5;1.0393
-200.0;1074.0;-200.0;4.4;731.0;-200.0;1020.0;-200.0;1488.0;891.0;12.9;69.1;1.0264
-200.0;1136.0;-200.0;5.6;792.0;-200.0;1057.0;-200.0;1476.0;536.0;25.8;31.1;1.0143
-200.0;1188.0;-200.0;6.4;829.0;-200.0;930.0;-200.0;1540.0;785.0;15.3;60.8;1.0501
-200.0;876.0;-200.0;1.1;505.0;-200.0;1456.0;-200.0;1294.0;467.0;15.5;56.9;0.9961
3.1;1461.0;424.0;14.3;1127.0;236.0;703.0;124.0;1836.0;1451.0;15.6;57.4;1.0075
3.1;1454.0;535.0;15.4;1162.0;188.0;682.0;114.0;1915.0;1457.0;18.0;51.5;1.0552
2.0;1273.0;245.0;9.6;963.0;98.0;832.0;82.0;1662.0;931.0;22.2;38.3;1.0106
1.7;1196.0;160.0;7.7;885.0;85.0;884.0;89.0;1589.0;973.0;17.4;51.8;1.023
6.2;1757.0;1084.0;33.7;1636.0;302.0;494.0;129.0;2560.0;1806.0;16.2;52.5;0.9576
2.9;1329.0;470.0;14.1;1119.0;182.0;707.0;107.0;1823.0;1288.0;19.6;41.8;0.9407
2.7;1251.0;456.0;14.0;1116.0;143.0;760.0;116.0;1716.0;923.0;17.5;40.6;0.8068
3.3;1314.0;503.0;15.1;1150.0;181.0;726.0;126.0;1784.0;1083.0;16.3;47.7;0.8746
1.8;1095.0;227.0;8.5;918.0;91.0;896.0;90.0;1527.0;800.0;15.7;49.4;0.8768
1.3;1027.0;152.0;5.9;808.0;76.0;996.0;81.0;1458.0;647.0;15.8;48.6;0.8653
0.3;804.0;30.0;0.7;468.0;12.0;1826.0;19.0;1166.0;320.0;15.7;45.4;0.8063
2.8;1307.0;277.0;12.9;1082.0;152.0;777.0;111.0;1769.0;830.0;14.3;58.2;0.9431
2.3;1150.0;211.0;8.6;925.0;152.0;865.0;116.0;1576.0;820.0;13.6;61.4;0.9519
1.6;1029.0;164.0;7.8;892.0;122.0;937.0;110.0;1474.0;760.0;17.4;40.3;0.7922
1.8;1109.0;151.0;9.1;943.0;115.0;883.0;103.0;1604.0;767.0;18.1;42.2;0.8679
1.2;1045.0;120.0;5.9;808.0;65.0;1038.0;69.0;1421.0;589.0;16.4;47.7;0.8819
3.3;1207.0;343.0;11.0;1013.0;174.0;876.0;116.0;1632.0;982.0;10.0;74.0;0.9087
4.2;1435.0;585.0;19.1;1271.0;300.0;676.0;130.0;1885.0;1569.0;13.0;54.2;0.809
2.8;1144.0;294.0;13.9;1114.0;181.0;845.0;128.0;1551.0;1010.0;20.6;22.6;0.5432
1.9;1085.0;209.0;10.7;1004.0;106.0;888.0;95.0;1454.0;816.0;21.0;25.4;0.6264
6.3;1618.0;974.0;29.1;1530.0;326.0;579.0;171.0;2167.0;1791.0;18.0;32.9;0.6737
2.4;-200.0;189.0;-200.0;-200.0;154.0;-200.0;109.0;-200.0;-200.0;-200.0;-200.0;-200.0
0.9;-200.0;79.0;-200.0;-200.0;145.0;-200.0;84.0;-200.0;-200.0;-200.0;-200.0;-200.0
2.7;-200.0;254.0;-200.0;-200.0;237.0;-200.0;122.0;-200.0;-200.0;-200.0;-200.0;-200.0
2.5;-200.0;194.0;-200.0;-200.0;141.0;-200.0;117.0;-200.0;-200.0;-200.0;-200.0;-200.0
2.8;-200.0;278.0;-200.0;-200.0;166.0;-200.0;127.0;-200.0;-200.0;-200.0;-200.0;-200.0
2.1;-200.0;128.0;-200.0;-200.0;159.0;-200.0;107.0;-200.0;-200.0;-200.0;-200.0;-200.0
1.3;1047.0;77.0;5.4;783.0;83.0;1014.0;79.0;1449.0;975.0;12.0;66.9;0.9336
1.8;1032.0;166.0;7.8;892.0;101.0;973.0;87.0;1457.0;756.0;20.6;30.0;0.7213
1.5;936.0;94.0;6.4;829.0;90.0;1054.0;88.0;1336.0;607.0;19.9;26.7;0.6137
1.7;1007.0;144.0;7.4;875.0;103.0;1027.0;104.0;1357.0;620.0;21.1;24.5;0.604
1.2;978.0;75.0;4.0;711.0;48.0;1144.0;63.0;1304.0;750.0;11.0;56.6;0.7418
1.0;949.0;62.0;3.7;694.0;61.0;1160.0;68.0;1310.0;772.0;9.3;64.3;0.7531
0.8;856.0;44.0;2.9;644.0;41.0;1259.0;49.0;1301.0;746.0;7.4;71.0;0.7346
0.6;797.0;54.0;2.3;606.0;26.0;1452.0;35.0;1076.0;368.0;22.2;18.9;0.4993
1.2;935.0;65.0;3.3;672.0;65.0;1299.0;61.0;1183.0;415.0;19.6;27.4;0.6162
1.1;922.0;65.0;3.4;674.0;63.0;1220.0;78.0;1205.0;498.0;15.6;37.5;0.6575
0.6;830.0;34.0;1.7;560.0;-200.0;1452.0;-200.0;1066.0;350.0;14.4;32.8;0.5364
0.8;975.0;38.0;2.2;598.0;63.0;1268.0;73.0;1293.0;536.0;13.4;56.0;0.8576
1.3;1040.0;83.0;3.9;705.0;100.0;1149.0;91.0;1324.0;612.0;11.0;58.9;0.7714
0.7;893.0;48.0;2.0;587.0;46.0;1368.0;58.0;1219.0;433.0;10.7;58.2;0.7459
0.5;844.0;27.0;1.3;532.0;25.0;1499.0;36.0;1176.0;376.0;10.5;59.9;0.7624
0.3;837.0;29.0;1.2;518.0;18.0;1581.0;29.0;1182.0;360.0;10.5;60.8;0.7704
0.3;825.0;47.0;0.9;489.0;21.0;1565.0;28.0;1171.0;363.0;11.1;60.1;0.7925
1.6;1124.0;163.0;6.9;853.0;149.0;960.0;99.0;1531.0;873.0;10.0;68.7;0.8456
2.1;1098.0;227.0;9.8;971.0;145.0;877.0;103.0;1527.0;966.0;15.8;40.5;0.7241
0.4;839.0;60.0;1.9;576.0;-200.0;1325.0;-200.0;1285.0;759.0;10.7;64.4;0.8284
4.3;1397.0;655.0;18.3;1248.0;263.0;659.0;119.0;1906.0;1534.0;15.8;46.8;0.8328
2.1;1122.0;238.0;10.4;993.0;132.0;859.0;95.0;1571.0;993.0;18.4;34.2;0.7185
-200.0;1188.0;-200.0;12.9;1082.0;-200.0;790.0;-200.0;1653.0;1077.0;21.3;27.3;0.6856
-200.0;1180.0;-200.0;11.0;1014.0;-200.0;826.0;-200.0;1595.0;1036.0;18.7;34.8;0.7436
-200.0;889.0;-200.0;1.7;559.0;-200.0;1331.0;-200.0;1241.0;714.0;10.2;63.2;0.7865
-200.0;918.0;-200.0;2.6;625.0;-200.0;1255.0;-200.0;1298.0;744.0;9.3;65.8;0.7722
3.9;1489.0;536.0;19.1;1270.0;309.0;633.0;114.0;1889.0;1638.0;13.5;53.4;0.8196
3.9;1392.0;597.0;17.0;1210.0;257.0;689.0;135.0;1792.0;1559.0;18.4;36.9;0.7758
4.0;1418.0;542.0;19.5;1282.0;231.0;681.0;129.0;1890.0;1418.0;19.2;35.7;0.7826
2.0;1209.0;114.0;7.1;863.0;120.0;882.0;108.0;1547.0;1084.0;13.7;66.8;1.041
1.0;1033.0;70.0;3.6;686.0;63.0;1030.0;69.0;1420.0;948.0;11.9;74.8;1.038
2.6;1150.0;251.0;9.9;973.0;186.0;827.0;105.0;1590.0;1188.0;15.3;51.4;0.8886
2.4;1196.0;263.0;10.5;997.0;127.0;802.0;100.0;1644.0;1128.0;19.2;42.7;0.9425
4.6;1544.0;609.0;18.9;1266.0;280.0;613.0;148.0;2066.0;1415.0;14.5;75.7;1.2425
5.7;1593.0;743.0;23.0;1378.0;309.0;582.0;142.0;2159.0;1449.0;14.6;76.0;1.2573
6.0;1535.0;706.0;19.9;1295.0;307.0;627.0;140.0;2039.0;1380.0;13.8;78.0;1.2229
2.7;1235.0;159.0;9.6;963.0;166.0;803.0;103.0;1680.0;1095.0;13.1;80.1;1.2016
-200.0;1141.0;-200.0;8.1;902.0;-200.0;905.0;-200.0;1672.0;965.0;12.5;79.6;1.1538
-200.0;1107.0;-200.0;7.2;864.0;-200.0;911.0;-200.0;1604.0;963.0;13.5;78.1;1.1997
-200.0;1228.0;-200.0;9.2;949.0;-200.0;838.0;-200.0;1706.0;1069.0;14.6;74.9;1.2348
-200.0;979.0;-200.0;5.0;764.0;-200.0;1054.0;-200.0;1462.0;572.0;19.7;44.4;1.0081
-200.0;993.0;-200.0;5.4;783.0;-200.0;1033.0;-200.0;1482.0;630.0;19.3;45.7;1.0161
-200.0;970.0;-200.0;5.0;763.0;-200.0;1043.0;-200.0;1462.0;608.0;17.9;49.9;1.0135
-200.0;1024.0;-200.0;5.6;795.0;-200.0;982.0;-200.0;1501.0;705.0;15.6;60.2;1.0617
-200.0;895.0;-200.0;2.3;609.0;-200.0;1268.0;-200.0;1410.0;477.0;13.8;72.7;1.1402
-200.0;1219.0;-200.0;6.8;849.0;-200.0;901.0;-200.0;1664.0;912.0;14.5;77.2;1.2695
-200.0;1097.0;-200.0;5.3;779.0;-200.0;980.0;-200.0;1565.0;803.0;15.5;67.4;1.178
-200.0;885.0;-200.0;2.1;589.0;-200.0;1238.0;-200.0;1443.0;635.0;13.0;78.2;1.1664
-200.0;1105.0;-200.0;10.9;1010.0;-200.0;811.0;-200.0;1709.0;947.0;18.0;46.7;0.9569
-200.0;1088.0;-200.0;7.9;893.0;-200.0;892.0;-200.0;1565.0;741.0;12.1;75.6;1.0662
-200.0;1084.0;-200.0;8.8;933.0;-200.0;872.0;-200.0;1602.0;801.0;11.1;75.6;0.9974
-200.0;1053.0;-200.0;8.3;911.0;-200.0;916.0;-200.0;1528.0;889.0;11.3;70.5;0.9389
-200.0;989.0;-200.0;6.7;846.0;-200.0;960.0;-200.0;1476.0;846.0;9.9;74.0;0.9009
-200.0;887.0;-200.0;2.9;648.0;-200.0;1222.0;-200.0;1357.0;553.0;9.5;80.2;0.9533
-200.0;771.0;-200.0;0.8;483.0;-200.0;1587.0;-200.0;1277.0;485.0;9.7;78.9;0.9487
-200.0;802.0;-200.0;1.2;519.0;-200.0;1523.0;-200.0;1315.0;540.0;9.8;80.0;0.967
-200.0;1302.0;-200.0;18.7;1260.0;-200.0;658.0;-200.0;1970.0;1471.0;23.0;37.5;1.0389
-200.0;1005.0;-200.0;5.8;802.0;-200.0;976.0;-200.0;1474.0;952.0;12.2;67.7;0.9625
-200.0;863.0;-200.0;3.2;664.0;-200.0;1172.0;-200.0;1381.0;808.0;13.2;61.7;0.9328
-200.0;1081.0;-200.0;10.6;1000.0;-200.0;900.0;-200.0;1561.0;900.0;25.9;26.7;0.8771
-200.0;1075.0;-200.0;10.5;998.0;-200.0;914.0;-200.0;1574.0;800.0;25.8;26.1;0.854
-200.0;1053.0;-200.0;9.3;953.0;-200.0;988.0;-200.0;1483.0;758.0;27.0;22.2;0.7805
-200.0;1403.0;-200.0;21.6;1340.0;-200.0;623.0;-200.0;2003.0;1502.0;15.2;53.2;0.9107
-200.0;1165.0;-200.0;17.5;1225.0;-200.0;824.0;-200.0;1676.0;1028.0;30.8;16.4;0.7167
-200.0;1433.0;-200.0;28.3;1510.0;-200.0;661.0;-200.0;2038.0;1503.0;25.8;24.3;0.794
-200.0;1527.0;-200.0;35.0;1664.0;-200.0;587.0;-200.0;2238.0;1775.0;23.8;29.5;0.8559
-200.0;1158.0;-200.0;13.5;1100.0;-200.0;835.0;-200.0;1659.0;1211.0;20.2;37.4;0.8748
-200.0;1009.0;-200.0;8.2;907.0;-200.0;982.0;-200.0;1466.0;872.0;19.3;38.8;0.8559
-200.0;1026.0;-200.0;7.8;890.0;-200.0;976.0;-200.0;1467.0;855.0;17.9;43.7;0.8856
-200.0;1000.0;-200.0;6.6;839.0;-200.0;958.0;-200.0;1467.0;1024.0;16.3;49.7;0.916
-200.0;866.0;-200.0;3.4;675.0;-200.0;1155.0;-200.0;1337.0;841.0;16.7;46.5;0.8755
-200.0;844.0;-200.0;2.3;608.0;-200.0;1213.0;-200.0;1314.0;803.0;14.1;53.9;0.8633
0.8;923.0;56.0;4.9;757.0;72.0;1041.0;67.0;1418.0;906.0;14.3;55.4;0.9003
5.6;1662.0;880.0;31.1;1576.0;351.0;523.0;123.0;2417.0;1861.0;15.4;53.3;0.9289
5.0;1553.0;759.0;22.1;1354.0;358.0;621.0;142.0;2030.0;1895.0;19.1;42.1;0.9233
3.3;1349.0;541.0;20.1;1299.0;179.0;728.0;142.0;1838.0;1402.0;29.7;20.6;0.8478
4.8;1557.0;872.0;27.1;1483.0;250.0;615.0;164.0;2087.0;1757.0;24.9;30.8;0.954
5.6;1747.0;899.0;32.5;1608.0;281.0;557.0;161.0;2335.0;1983.0;23.1;36.7;1.0244
2.2;1294.0;208.0;13.0;1083.0;121.0;770.0;108.0;1687.0;1321.0;19.2;44.9;0.9875
2.6;1349.0;251.0;13.4;1097.0;148.0;707.0;100.0;1763.0;1442.0;16.1;57.4;1.0451
0.9;1021.0;119.0;5.7;800.0;75.0;931.0;64.0;1483.0;1019.0;14.0;59.7;0.9499
2.6;1391.0;350.0;14.6;1136.0;134.0;738.0;105.0;1840.0;1296.0;27.2;32.4;1.1493
1.7;1223.0;192.0;9.0;938.0;91.0;884.0;89.0;1610.0;880.0;25.6;36.0;1.1629
1.8;1257.0;165.0;9.9;973.0;90.0;860.0;93.0;1634.0;839.0;27.5;31.6;1.1417
2.8;1497.0;283.0;15.7;1171.0;147.0;725.0;123.0;1899.0;1248.0;24.9;38.1;1.1838
1.0;931.0;61.0;3.6;689.0;63.0;1161.0;73.0;1317.0;503.0;12.7;58.7;0.8605
1.3;966.0;92.0;4.5;737.0;-200.0;1083.0;-200.0;1363.0;581.0;12.6;58.6;0.8529
0.5;804.0;31.0;1.1;505.0;34.0;1718.0;37.0;1148.0;329.0;12.8;49.3;0.7285
1.0;882.0;44.0;2.5;621.0;61.0;1346.0;56.0;1216.0;403.0;16.6;38.6;0.7236
1.5;1001.0;137.0;6.0;811.0;98.0;1122.0;83.0;1344.0;625.0;18.5;27.8;0.5843
2.5;1085.0;204.0;8.2;907.0;133.0;976.0;101.0;1419.0;893.0;16.6;34.0;0.6353
1.1;893.0;66.0;3.9;703.0;55.0;1192.0;57.0;1283.0;515.0;14.1;44.9;0.7206
0.4;803.0;36.0;1.3;527.0;17.0;1513.0;25.0;1152.0;369.0;14.1;45.3;0.7247
-200.0;767.0;17.0;0.6;454.0;10.0;1826.0;17.0;1091.0;319.0;14.1;43.0;0.689
1.6;994.0;143.0;6.9;851.0;95.0;1018.0;75.0;1436.0;640.0;20.2;30.7;0.7176
1.5;984.0;133.0;6.4;832.0;91.0;1034.0;81.0;1410.0;636.0;20.0;32.7;0.7545
2.2;1116.0;171.0;10.7;1003.0;119.0;864.0;101.0;1625.0;886.0;18.6;35.4;0.7535
3.2;1181.0;405.0;13.9;1114.0;147.0;787.0;119.0;1685.0;1032.0;18.3;35.9;0.7501
3.0;1163.0;334.0;12.5;1068.0;135.0;811.0;111.0;1616.0;977.0;17.8;37.5;0.7568
1.6;1017.0;99.0;6.7;842.0;89.0;1000.0;101.0;1441.0;846.0;17.3;38.8;0.7596
1.2;924.0;82.0;4.0;709.0;63.0;1158.0;75.0;1318.0;610.0;16.0;41.4;0.7487
0.7;826.0;41.0;1.7;560.0;25.0;1424.0;39.0;1197.0;402.0;15.7;42.5;0.7539
-200.0;909.0;41.0;2.5;617.0;34.0;1236.0;49.0;1302.0;558.0;14.7;49.9;0.828
1.4;1120.0;111.0;8.9;935.0;112.0;843.0;76.0;1593.0;1126.0;14.4;53.1;0.8677
4.1;1518.0;584.0;23.4;1389.0;314.0;589.0;122.0;2101.0;1703.0;15.9;48.5;0.8704
2.7;1187.0;277.0;14.8;1142.0;149.0;840.0;110.0;1651.0;1011.0;25.7;23.8;0.7737
2.2;1145.0;259.0;12.5;1066.0;120.0;903.0;99.0;1592.0;885.0;27.2;22.1;0.7811
3.4;1317.0;377.0;17.7;1231.0;172.0;766.0;127.0;1798.0;1155.0;24.5;27.8;0.8433
3.9;1388.0;457.0;21.6;1341.0;177.0;702.0;131.0;1955.0;1315.0;23.7;30.2;0.8718
0.5;856.0;33.0;2.5;619.0;29.0;1191.0;39.0;1345.0;677.0;16.3;52.8;0.9722
3.4;1469.0;372.0;18.4;1252.0;255.0;692.0;155.0;1903.0;1807.0;24.2;33.8;1.0097
3.5;1387.0;559.0;20.8;1318.0;197.0;701.0;145.0;1890.0;1299.0;28.4;23.4;0.8935
4.8;1676.0;790.0;28.9;1525.0;223.0;567.0;160.0;2226.0;1653.0;24.3;37.3;1.1199
5.4;1724.0;816.0;28.3;1510.0;222.0;562.0;155.0;2252.0;1716.0;23.1;42.2;1.1746
1.5;1128.0;117.0;7.8;891.0;88.0;838.0;89.0;1574.0;1125.0;17.4;55.6;1.0963
0.6;926.0;60.0;2.8;639.0;34.0;1115.0;54.0;1409.0;814.0;15.9;60.1;1.0806
3.9;1495.0;483.0;21.2;1331.0;246.0;615.0;136.0;2069.0;1635.0;21.4;44.4;1.1176
4.9;1560.0;651.0;24.8;1424.0;247.0;579.0;143.0;2176.0;1688.0;20.8;45.3;1.1016
2.7;1342.0;202.0;13.7;1106.0;156.0;694.0;102.0;1856.0;1443.0;17.8;61.0;1.2352
1.7;1206.0;111.0;9.3;949.0;162.0;818.0;90.0;1771.0;1116.0;15.9;73.1;1.3136
-200.0;882.0;-200.0;3.5;685.0;35.0;1134.0;42.0;1492.0;673.0;16.2;69.9;1.2756
1.2;1012.0;-200.0;6.5;833.0;75.0;916.0;67.0;1632.0;862.0;16.9;66.5;1.2688
1.5;1049.0;-200.0;6.5;836.0;79.0;926.0;73.0;1615.0;901.0;17.7;62.0;1.2458
1.8;1131.0;-200.0;8.8;932.0;104.0;854.0;86.0;1693.0;1048.0;19.4;54.6;1.2184
1.3;962.0;-200.0;6.1;816.0;65.0;1044.0;66.0;1489.0;628.0;25.6;31.5;1.0184
1.8;1050.0;-200.0;9.2;948.0;80.0;928.0;82.0;1584.0;652.0;26.1;30.3;1.0101
2.0;1053.0;-200.0;8.3;911.0;98.0;949.0;91.0;1603.0;683.0;25.5;33.5;1.0767
2.0;1085.0;-200.0;9.4;954.0;109.0;866.0;100.0;1656.0;871.0;17.8;55.5;1.1174
3.6;1358.0;-200.0;14.8;1144.0;184.0;727.0;115.0;1851.0;1243.0;17.4;57.6;1.1342
2.3;1167.0;-200.0;8.4;914.0;105.0;876.0;99.0;1599.0;1126.0;17.2;59.3;1.1551
1.3;1008.0;-200.0;6.1;816.0;78.0;1015.0;72.0;1531.0;689.0;23.6;36.4;1.0431
1.2;1026.0;-200.0;6.8;847.0;70.0;1010.0;73.0;1519.0;617.0;24.6;31.7;0.9647
1.9;1160.0;-200.0;9.5;957.0;131.0;884.0;106.0;1637.0;861.0;24.5;32.3;0.9815
3.3;1394.0;-200.0;13.8;1111.0;209.0;736.0;123.0;1853.0;1288.0;21.2;47.5;1.1828
2.6;1292.0;-200.0;10.7;1003.0;170.0;789.0;108.0;1753.0;1163.0;19.9;54.9;1.2632
2.0;1080.0;-200.0;8.3;910.0;153.0;923.0;121.0;1548.0;929.0;19.1;44.1;0.966
0.6;888.0;-200.0;2.2;598.0;26.0;1228.0;39.0;1397.0;500.0;16.4;62.1;1.1493
0.4;872.0;-200.0;1.7;564.0;-200.0;1284.0;-200.0;1385.0;494.0;15.6;65.3;1.1484
1.9;1048.0;-200.0;11.0;1013.0;127.0;886.0;96.0;1584.0;940.0;26.8;25.2;0.8721
1.4;998.0;-200.0;10.0;977.0;74.0;947.0;69.0;1496.0;695.0;30.3;20.1;0.8539
1.5;1058.0;-200.0;11.2;1023.0;81.0;896.0;74.0;1580.0;795.0;30.9;19.7;0.8649
3.9;1491.0;-200.0;23.6;1392.0;190.0;630.0;128.0;2149.0;1473.0;26.4;34.6;1.1724
1.5;1135.0;-200.0;6.7;842.0;84.0;872.0;83.0;1653.0;973.0;18.9;62.5;1.3521
1.0;999.0;-200.0;3.7;692.0;58.0;1038.0;69.0;1588.0;778.0;16.4;79.2;1.4681
0.4;873.0;-200.0;1.5;545.0;-200.0;1308.0;-200.0;1471.0;497.0;15.6;81.0;1.4302
0.6;967.0;-200.0;2.9;646.0;49.0;1117.0;47.0;1552.0;579.0;15.7;80.5;1.4236
4.5;1564.0;-200.0;23.0;1379.0;302.0;552.0;109.0;2306.0;1393.0;16.6;78.0;1.4572
4.3;1505.0;-200.0;22.3;1358.0;258.0;556.0;113.0;2248.0;1406.0;16.1;79.2;1.4398
2.6;1152.0;-200.0;13.6;1104.0;145.0;725.0;99.0;1860.0;1023.0;21.5;47.9;1.2178
2.4;1142.0;-200.0;12.1;1053.0;136.0;753.0;105.0;1814.0;979.0;20.4;54.0;1.2757
1.2;960.0;-200.0;6.3;828.0;55.0;971.0;54.0;1565.0;617.0;19.9;55.2;1.2701
3.0;1187.0;-200.0;11.8;1042.0;196.0;766.0;110.0;1840.0;1093.0;16.6;70.8;1.3253
0.5;778.0;-200.0;1.4;534.0;14.0;1480.0;22.0;1294.0;358.0;19.0;49.8;1.0831
0.5;820.0;-200.0;1.5;541.0;18.0;1450.0;28.0;1360.0;377.0;15.7;64.5;1.14
0.5;842.0;-200.0;1.8;565.0;-200.0;1327.0;-200.0;1399.0;437.0;15.5;66.9;1.1691
0.8;927.0;-200.0;3.5;682.0;56.0;1109.0;54.0;1526.0;580.0;14.6;77.1;1.2727
3.7;1303.0;-200.0;19.7;1288.0;202.0;618.0;114.0;2116.0;1236.0;16.8;66.8;1.2691
1.6;981.0;-200.0;10.0;978.0;79.0;857.0;72.0;1682.0;835.0;17.7;56.9;1.1392
3.0;1198.0;-200.0;14.6;1136.0;137.0;717.0;103.0;1870.0;1291.0;17.1;61.5;1.1873
2.1;1110.0;-200.0;9.2;949.0;96.0;850.0;79.0;1733.0;842.0;15.9;70.7;1.2672
1.8;1023.0;-200.0;6.9;854.0;111.0;918.0;89.0;1637.0;744.0;15.1;75.1;1.2799
1.5;969.0;-200.0;4.9;760.0;81.0;1059.0;83.0;1518.0;560.0;12.0;79.8;1.1175
1.1;885.0;-200.0;5.2;772.0;57.0;1035.0;56.0;1450.0;524.0;13.0;64.3;0.9586
2.3;1059.0;-200.0;8.2;907.0;145.0;879.0;102.0;1579.0;970.0;13.8;64.7;1.0168
0.9;855.0;-200.0;3.3;669.0;46.0;1160.0;56.0;1427.0;671.0;13.7;69.4;1.0794
0.6;826.0;-200.0;2.4;616.0;-200.0;1227.0;-200.0;1384.0;575.0;13.9;67.7;1.0712
-200.0;831.0;-200.0;2.2;602.0;32.0;1269.0;41.0;1386.0;535.0;14.0;67.8;1.0787
0.7;817.0;-200.0;2.8;639.0;51.0;1260.0;48.0;1364.0;489.0;14.6;61.1;1.0075
3.7;1200.0;-200.0;19.8;1290.0;214.0;657.0;106.0;2014.0;1196.0;14.9;56.9;0.9582
4.2;1234.0;-200.0;22.1;1355.0;196.0;621.0;107.0;2095.0;1266.0;16.4;50.2;0.9286
2.2;1016.0;-200.0;10.5;995.0;117.0;857.0;96.0;1642.0;854.0;13.9;62.7;0.9905
2.0;1041.0;-200.0;8.0;898.0;130.0;922.0;97.0;1595.0;891.0;13.4;65.2;0.9996
-200.0;871.0;-200.0;2.6;628.0;-200.0;1243.0;-200.0;1329.0;518.0;8.7;81.5;0.919
-200.0;1079.0;-200.0;7.7;885.0;-200.0;884.0;-200.0;1588.0;974.0;13.6;66.1;1.0236
-200.0;1213.0;-200.0;11.1;1018.0;-200.0;760.0;-200.0;1778.0;1061.0;13.3;76.8;1.1703
-200.0;1124.0;-200.0;9.2;949.0;-200.0;827.0;-200.0;1671.0;1008.0;16.2;60.0;1.0937
-200.0;964.0;-200.0;6.5;833.0;-200.0;1003.0;-200.0;1489.0;647.0;20.0;40.4;0.9354
-200.0;1072.0;-200.0;9.9;976.0;-200.0;835.0;-200.0;1603.0;1018.0;14.1;56.2;0.9028
-200.0;1063.0;-200.0;7.1;859.0;-200.0;952.0;-200.0;1519.0;949.0;13.7;60.3;0.9405
-200.0;1068.0;-200.0;9.0;938.0;-200.0;862.0;-200.0;1575.0;1057.0;12.7;64.9;0.9506
-200.0;1025.0;-200.0;8.4;914.0;-200.0;856.0;-200.0;1605.0;1003.0;12.3;68.0;0.9722
-200.0;947.0;-200.0;4.8;752.0;-200.0;1068.0;-200.0;1434.0;620.0;17.9;44.8;0.9104
-200.0;1086.0;-200.0;7.0;859.0;-200.0;892.0;-200.0;1595.0;754.0;17.7;54.0;1.0826
-200.0;967.0;-200.0;4.8;753.0;-200.0;1048.0;-200.0;1420.0;544.0;17.8;46.7;0.9466
-200.0;968.0;-200.0;5.4;785.0;-200.0;1011.0;-200.0;1446.0;550.0;17.8;44.4;0.8967
-200.0;1004.0;-200.0;6.3;827.0;-200.0;972.0;-200.0;1465.0;627.0;17.8;44.3;0.8929
-200.0;1068.0;-200.0;8.4;917.0;-200.0;889.0;-200.0;1570.0;832.0;14.9;55.0;0.9228
-200.0;1123.0;-200.0;8.9;937.0;-200.0;866.0;-200.0;1606.0;941.0;13.8;59.8;0.9398
-200.0;997.0;-200.0;6.5;835.0;-200.0;951.0;-200.0;1501.0;888.0;13.9;61.1;0.9656
-200.0;875.0;-200.0;3.0;654.0;-200.0;1172.0;-200.0;1375.0;683.0;14.9;57.6;0.9684
-200.0;815.0;-200.0;1.8;569.0;-200.0;1361.0;-200.0;1344.0;534.0;14.4;60.1;0.9797
-200.0;867.0;-200.0;2.6;625.0;-200.0;1213.0;-200.0;1385.0;652.0;14.0;63.8;1.0167
-200.0;1632.0;-200.0;31.5;1587.0;-200.0;523.0;-200.0;2459.0;1678.0;14.7;62.3;1.0351
4.4;1378.0;-200.0;20.2;1303.0;257.0;633.0;117.0;2051.0;1494.0;17.8;51.1;1.0362
2.1;1108.0;-200.0;11.7;1040.0;145.0;767.0;95.0;1748.0;1051.0;20.3;44.1;1.0392
2.2;1105.0;-200.0;12.9;1080.0;139.0;751.0;104.0;1758.0;981.0;20.8;40.6;0.9888
3.6;1267.0;-200.0;22.0;1352.0;188.0;651.0;124.0;1961.0;1196.0;21.0;37.8;0.9298
-200.0;807.0;-200.0;1.8;571.0;46.0;1305.0;53.0;1335.0;704.0;11.4;70.5;0.9484
5.5;1553.0;-200.0;31.0;1575.0;383.0;508.0;120.0;2423.0;1779.0;14.5;59.8;0.9795
2.3;1140.0;-200.0;14.4;1129.0;132.0;765.0;94.0;1728.0;1023.0;23.8;31.7;0.9212
5.0;1535.0;-200.0;26.1;1458.0;269.0;568.0;159.0;2120.0;1735.0;21.1;40.2;0.997
0.6;919.0;-200.0;3.1;661.0;-200.0;1089.0;-200.0;1468.0;838.0;14.9;65.7;1.1073
-200.0;872.0;-200.0;2.7;632.0;37.0;1132.0;47.0;1403.0;768.0;15.6;62.2;1.0961
1.5;1152.0;-200.0;9.6;964.0;134.0;800.0;73.0;1705.0;1096.0;14.5;65.7;1.0804
2.5;1248.0;-200.0;12.6;1072.0;183.0;713.0;114.0;1797.0;1188.0;17.1;64.0;1.2413
2.4;1250.0;-200.0;12.7;1074.0;162.0;724.0;123.0;1806.0;1166.0;17.3;61.1;1.1957
1.2;933.0;-200.0;4.7;747.0;62.0;1045.0;75.0;1405.0;569.0;16.4;50.5;0.938
-200.0;792.0;-200.0;1.0;501.0;21.0;1554.0;25.0;1252.0;354.0;16.2;53.0;0.9672
1.6;1020.0;-200.0;7.2;866.0;139.0;907.0;90.0;1554.0;799.0;17.6;49.7;0.9944
1.9;1066.0;-200.0;8.7;927.0;138.0;846.0;97.0;1608.0;804.0;17.2;52.8;1.0236
2.4;1105.0;-200.0;11.1;1016.0;142.0;789.0;98.0;1736.0;930.0;18.2;49.6;1.0268
1.7;1056.0;-200.0;7.9;894.0;131.0;891.0;93.0;1576.0;771.0;19.5;45.0;1.0114
3.1;1288.0;-200.0;16.4;1191.0;178.0;691.0;123.0;1910.0;1192.0;19.8;44.3;1.0104
4.6;1428.0;-200.0;21.2;1329.0;250.0;594.0;141.0;2102.0;1602.0;19.1;52.3;1.1486
2.1;1141.0;-200.0;11.1;1017.0;112.0;740.0;104.0;1690.0;1188.0;16.8;57.5;1.0912
1.3;1014.0;-200.0;6.9;853.0;75.0;883.0;91.0;1538.0;975.0;16.3;57.0;1.0484
3.7;1388.0;-200.0;22.8;1372.0;272.0;601.0;140.0;2105.0;1449.0;18.5;49.4;1.0397
-200.0;1512.0;-200.0;29.1;1530.0;-200.0;527.0;-200.0;2326.0;1725.0;20.0;45.6;1.0524
2.0;984.0;-200.0;10.5;998.0;134.0;905.0;97.0;1523.0;862.0;25.9;23.6;0.7771
2.1;1048.0;-200.0;12.5;1068.0;147.0;869.0;110.0;1573.0;993.0;27.1;21.6;0.7618
2.3;1135.0;-200.0;12.4;1065.0;138.0;803.0;111.0;1630.0;1317.0;20.8;34.5;0.8365
1.9;1121.0;-200.0;10.4;992.0;126.0;844.0;115.0;1505.0;1255.0;20.4;35.3;0.8352
0.6;873.0;-200.0;3.9;704.0;41.0;1091.0;49.0;1322.0;756.0;15.3;49.7;0.8552
2.6;1187.0;-200.0;13.6;1104.0;208.0;727.0;108.0;1721.0;1391.0;17.6;43.3;0.8647
2.6;1157.0;-200.0;12.7;1072.0;191.0;802.0;127.0;1653.0;1327.0;23.1;30.3;0.8425
1.7;1025.0;-200.0;9.4;955.0;111.0;997.0;94.0;1457.0;834.0;25.6;23.5;0.7611
1.4;965.0;-200.0;8.3;910.0;79.0;1056.0;81.0;1389.0;643.0;28.2;19.4;0.7303
2.3;1125.0;-200.0;11.0;1016.0;148.0;910.0;117.0;1564.0;991.0;23.8;27.1;0.7858
2.5;1159.0;-200.0;12.1;1054.0;158.0;878.0;120.0;1603.0;1046.0;23.0;28.7;0.7976
0.9;911.0;-200.0;4.6;743.0;41.0;1052.0;54.0;1370.0;739.0;16.7;43.4;0.8193
0.9;941.0;-200.0;4.8;753.0;45.0;1173.0;56.0;1311.0;468.0;30.6;19.4;0.8348
1.6;1093.0;-200.0;7.0;858.0;96.0;975.0;95.0;1495.0;816.0;22.9;37.0;1.0197
1.8;990.0;-200.0;8.6;924.0;140.0;974.0;90.0;1404.0;861.0;19.8;28.5;0.652
1.7;984.0;-200.0;9.1;945.0;115.0;990.0;88.0;1423.0;747.0;25.8;19.5;0.6392
3.1;1153.0;-200.0;15.6;1168.0;163.0;842.0;121.0;1644.0;1021.0;24.3;19.8;0.5933
3.4;1215.0;-200.0;17.8;1234.0;180.0;796.0;125.0;1735.0;1167.0;23.5;20.8;0.5937
0.2;812.0;-200.0;1.2;521.0;-200.0;1413.0;-200.0;1233.0;469.0;21.2;32.9;0.8178
0.5;903.0;-200.0;3.1;656.0;38.0;1155.0;37.0;1361.0;618.0;17.0;44.6;0.8593
2.9;1261.0;-200.0;17.0;1210.0;173.0;736.0;126.0;1769.0;1200.0;30.9;19.1;0.8394
4.7;1440.0;-200.0;25.5;1443.0;232.0;635.0;162.0;2068.0;1594.0;25.8;27.0;0.8821
1.2;1081.0;-200.0;8.7;929.0;65.0;910.0;75.0;1518.0;937.0;21.1;36.5;0.9019
0.5;901.0;-200.0;3.0;653.0;41.0;1094.0;65.0;1367.0;822.0;18.4;45.7;0.9599
-200.0;846.0;-200.0;2.2;598.0;33.0;1211.0;52.0;1332.0;669.0;16.3;51.4;0.9468
3.1;1408.0;-200.0;20.9;1321.0;173.0;618.0;94.0;2044.0;1495.0;16.4;53.4;0.9863
2.1;1156.0;-200.0;11.5;1034.0;154.0;813.0;122.0;1640.0;1123.0;27.7;26.3;0.9652
3.4;1358.0;-200.0;19.3;1278.0;176.0;689.0;149.0;1899.0;1192.0;28.8;26.3;1.0271
3.8;1379.0;-200.0;21.1;1326.0;191.0;659.0;151.0;1961.0;1307.0;24.7;31.5;0.9672
1.5;1164.0;-200.0;8.2;908.0;90.0;821.0;102.0;1574.0;1019.0;18.5;50.1;1.0539
0.8;1046.0;-200.0;5.8;803.0;48.0;900.0;73.0;1490.0;823.0;18.0;53.0;1.0832
5.4;1763.0;-200.0;32.9;1617.0;253.0;489.0;146.0;2503.0;1835.0;18.7;52.8;1.1279
2.2;1232.0;-200.0;12.4;1062.0;155.0;787.0;117.0;1707.0;1092.0;26.1;30.0;0.9972
2.2;1239.0;-200.0;12.5;1067.0;146.0;779.0;117.0;1702.0;1071.0;28.6;25.8;0.9989
2.0;1218.0;-200.0;12.0;1051.0;121.0;796.0;108.0;1689.0;881.0;30.3;23.3;0.9869
2.2;1248.0;-200.0;13.7;1108.0;145.0;772.0;138.0;1701.0;969.0;32.6;19.3;0.935
2.6;1269.0;-200.0;12.8;1077.0;163.0;773.0;137.0;1706.0;1250.0;20.7;38.0;0.9149
0.6;937.0;-200.0;3.8;698.0;42.0;1039.0;64.0;1382.0;768.0;20.1;42.0;0.9763
0.3;875.0;-200.0;2.5;622.0;35.0;1167.0;58.0;1331.0;656.0;20.0;41.5;0.9571
-200.0;888.0;-200.0;2.8;640.0;33.0;1089.0;47.0;1330.0;670.0;16.5;50.2;0.932
4.2;1517.0;-200.0;26.2;1460.0;296.0;551.0;113.0;2205.0;1677.0;16.4;51.3;0.9474
1.9;1298.0;-200.0;12.7;1075.0;103.0;749.0;98.0;1690.0;1022.0;31.7;21.5;0.9902
3.0;1321.0;-200.0;14.8;1144.0;162.0;732.0;127.0;1745.0;1243.0;19.8;37.2;0.8509
3.3;1357.0;-200.0;16.0;1178.0;167.0;674.0;124.0;1782.0;1454.0;17.8;46.1;0.9344
0.5;941.0;-200.0;3.6;687.0;50.0;1024.0;59.0;1374.0;777.0;15.8;53.8;0.9615
1.2;1153.0;-200.0;9.2;947.0;107.0;795.0;80.0;1643.0;1076.0;17.2;52.9;1.0276
2.2;1259.0;-200.0;12.9;1080.0;138.0;772.0;104.0;1736.0;1072.0;27.2;28.1;0.9989
2.6;1321.0;-200.0;12.7;1075.0;101.0;757.0;85.0;1891.0;1017.0;20.6;50.5;1.2082
1.9;1199.0;-200.0;12.6;1070.0;-200.0;671.0;-200.0;1873.0;1189.0;18.1;61.6;1.2679
0.8;988.0;-200.0;4.0;713.0;78.0;1092.0;79.0;1455.0;716.0;18.9;49.3;1.0668
0.8;1008.0;-200.0;4.3;729.0;68.0;1034.0;65.0;1490.0;795.0;20.0;48.6;1.1199
0.8;976.0;-200.0;3.8;698.0;64.0;1156.0;64.0;1393.0;594.0;20.6;41.2;0.9841
0.9;987.0;-200.0;4.5;740.0;54.0;1105.0;53.0;1407.0;523.0;26.7;28.1;0.9688
1.0;955.0;-200.0;4.2;723.0;51.0;1129.0;57.0;1393.0;559.0;27.7;25.8;0.9467
1.1;1005.0;-200.0;4.9;758.0;51.0;1091.0;57.0;1434.0;522.0;26.8;27.3;0.9462
1.6;1002.0;-200.0;7.8;893.0;165.0;1010.0;111.0;1394.0;775.0;17.5;30.9;0.6111
1.0;847.0;-200.0;5.8;800.0;116.0;1155.0;90.0;1179.0;649.0;21.7;18.1;0.4642
1.2;871.0;-200.0;6.8;848.0;100.0;1139.0;83.0;1208.0;579.0;22.8;16.1;0.4404
1.1;875.0;-200.0;6.9;854.0;111.0;1160.0;85.0;1200.0;595.0;25.1;13.1;0.4129
1.2;895.0;-200.0;6.7;845.0;102.0;1072.0;96.0;1241.0;763.0;19.1;22.8;0.501
0.5;859.0;-200.0;4.3;727.0;65.0;1120.0;84.0;1187.0;753.0;16.7;28.3;0.5316
2.6;1106.0;-200.0;14.0;1118.0;207.0;885.0;130.0;1451.0;1220.0;24.9;13.0;0.4038
2.4;1162.0;-200.0;18.5;1253.0;173.0;796.0;138.0;1595.0;1248.0;32.6;9.3;0.4499
-200.0;1321.0;-200.0;24.9;1426.0;-200.0;720.0;-200.0;1859.0;1395.0;29.7;12.2;0.5007
-200.0;-200.0;-200.0;-200.0;-200.0;-200.0;-200.0;-200.0;-200.0;-200.0;-200.0;-200.0;-200.0
-200.0;-200.0;-200.0;-200.0;-200.0;-200.0;-200.0;-200.0;-200.0;-200.0;-200.0;-200.0;-200.0
-200.0;-200.0;-200.0;-200.0;-200.0;-200.0;-200.0;-200.0;-200.0;-200.0;-200.0;-200.0;-200.0
-200.0;-200.0;-200.0;-200.0;-200.0;-200.0;-200.0;-200.0;-200.0;-200.0;-200.0;-200.0;-200.0
-200.0;-200.0;-200.0;-200.0;-200.0;-200.0;-200.0;-200.0;-200.0;-200.0;-200.0;-200.0;-200.0
-200.0;-200.0;-200.0;-200.0;-200.0;-200.0;-200.0;-200.0;-200.0;-200.0;-200.0;-200.0;-200.0
1.8;1139.0;-200.0;13.8;1109.0;159.0;1118.0;135.0;1436.0;1292.0;28.8;21.1;0.8193
1.8;1088.0;-200.0;14.0;1116.0;127.0;1128.0;112.0;1449.0;1060.0;31.6;16.4;0.7489
-200.0;882.0;-200.0;4.1;715.0;-200.0;1246.0;-200.0;1367.0;780.0;15.5;48.6;0.8505
-200.0;1073.0;-200.0;12.1;1052.0;-200.0;1009.0;-200.0;1574.0;854.0;27.5;20.9;0.7565
-200.0;1086.0;-200.0;11.9;1048.0;-200.0;1016.0;-200.0;1580.0;888.0;30.6;18.6;0.8014
-200.0;1320.0;-200.0;24.8;1423.0;-200.0;767.0;-200.0;1986.0;1385.0;27.0;23.5;0.8256
-200.0;1236.0;-200.0;20.3;1304.0;-200.0;822.0;-200.0;1868.0;1237.0;25.8;26.7;0.8758
-200.0;1026.0;-200.0;10.3;990.0;-200.0;1032.0;-200.0;1553.0;972.0;20.5;35.3;0.8435
-200.0;908.0;-200.0;6.1;814.0;-200.0;1089.0;-200.0;1403.0;763.0;17.8;44.9;0.903
-200.0;789.0;-200.0;2.8;638.0;-200.0;1305.0;-200.0;1309.0;672.0;15.2;53.6;0.919
-200.0;958.0;-200.0;8.2;907.0;-200.0;992.0;-200.0;1536.0;882.0;14.9;54.8;0.9247
-200.0;1052.0;-200.0;12.1;1053.0;-200.0;949.0;-200.0;1641.0;831.0;28.9;23.7;0.9285
-200.0;1152.0;-200.0;13.5;1099.0;-200.0;908.0;-200.0;1706.0;954.0;28.5;25.8;0.9931
1.8;1100.0;-200.0;11.4;1028.0;112.0;900.0;103.0;1710.0;994.0;22.1;44.1;1.1573
1.8;1044.0;-200.0;9.2;946.0;138.0;1009.0;119.0;1594.0;886.0;19.3;46.3;1.0279
0.3;838.0;-200.0;3.4;675.0;-200.0;1302.0;-200.0;1390.0;540.0;17.9;50.8;1.0355
0.6;865.0;-200.0;5.1;767.0;76.0;1279.0;75.0;1369.0;559.0;23.8;29.2;0.8499
0.8;899.0;-200.0;5.8;803.0;87.0;1221.0;83.0;1426.0;596.0;22.4;31.3;0.8365
2.7;1065.0;-200.0;13.7;1106.0;142.0;897.0;112.0;1707.0;929.0;19.0;38.2;0.8327
0.6;869.0;-200.0;6.5;835.0;61.0;1078.0;76.0;1437.0;807.0;19.2;42.0;0.9248
-200.0;815.0;-200.0;5.2;774.0;43.0;1113.0;55.0;1374.0;712.0;17.0;47.7;0.9185
0.1;781.0;-200.0;3.1;661.0;25.0;1271.0;37.0;1299.0;568.0;17.2;47.2;0.9178
0.9;963.0;-200.0;7.7;885.0;84.0;1102.0;90.0;1447.0;695.0;29.2;19.6;0.7817
1.3;1025.0;-200.0;10.1;980.0;114.0;986.0;113.0;1591.0;891.0;25.0;26.9;0.8408
1.2;976.0;-200.0;8.4;916.0;117.0;1044.0;117.0;1515.0;880.0;22.3;33.6;0.8913
0.4;878.0;-200.0;5.4;784.0;46.0;1181.0;64.0;1407.0;610.0;21.4;36.9;0.9271
0.2;836.0;-200.0;4.3;728.0;16.0;1213.0;28.0;1353.0;518.0;20.6;39.9;0.9597
-200.0;759.0;-200.0;2.1;588.0;4.0;1323.0;8.0;1286.0;515.0;19.7;42.4;0.9636
2.2;1175.0;-200.0;16.3;1188.0;213.0;790.0;137.0;1901.0;1251.0;20.9;43.6;1.0683
1.5;1060.0;-200.0;14.2;1122.0;116.0;863.0;119.0;1721.0;836.0;30.9;24.4;1.0724
1.2;1006.0;-200.0;12.1;1054.0;115.0;921.0;111.0;1636.0;769.0;30.7;23.4;1.015
1.8;1104.0;-200.0;15.7;1171.0;150.0;827.0;128.0;1803.0;968.0;28.1;29.8;1.1132
3.0;1196.0;-200.0;21.4;1336.0;221.0;739.0;159.0;1971.0;1157.0;26.9;32.2;1.1267
1.1;1020.0;-200.0;10.7;1003.0;97.0;904.0;96.0;1716.0;916.0;21.7;46.9;1.2044
0.6;1017.0;-200.0;6.5;834.0;61.0;986.0;59.0;1676.0;734.0;17.8;80.3;1.6212
0.3;922.0;-200.0;4.7;750.0;46.0;1085.0;45.0;1585.0;685.0;18.6;75.7;1.6074
2.3;1199.0;-200.0;15.2;1156.0;227.0;758.0;103.0;1958.0;1272.0;18.5;70.3;1.4826
1.8;1182.0;-200.0;12.0;1051.0;211.0;829.0;89.0;1870.0;1206.0;19.6;66.7;1.5023
3.6;1342.0;-200.0;22.0;1351.0;216.0;657.0;109.0;2201.0;1419.0;23.7;50.5;1.4636
4.8;1501.0;-200.0;27.9;1501.0;248.0;588.0;101.0;2486.0;1517.0;21.5;65.8;1.6688
0.8;1021.0;-200.0;9.2;949.0;95.0;927.0;57.0;1764.0;977.0;19.5;68.0;1.5269
-200.0;813.0;-200.0;2.8;639.0;25.0;1267.0;22.0;1538.0;655.0;19.8;64.7;1.4769
-200.0;1043.0;-200.0;8.5;920.0;95.0;925.0;53.0;1777.0;955.0;22.2;56.6;1.4973
-200.0;977.0;-200.0;6.8;850.0;46.0;1035.0;37.0;1645.0;701.0;31.8;31.0;1.4286
-200.0;1010.0;-200.0;8.1;902.0;59.0;966.0;44.0;1676.0;724.0;28.9;35.7;1.3985
-200.0;1109.0;-200.0;11.8;1042.0;140.0;834.0;95.0;1888.0;998.0;24.5;51.0;1.5454
-200.0;1026.0;-200.0;8.7;927.0;102.0;915.0;82.0;1781.0;878.0;22.8;56.1;1.5353
-200.0;963.0;-200.0;6.9;853.0;62.0;995.0;43.0;1732.0;789.0;21.7;61.0;1.5617
-200.0;980.0;-200.0;11.1;1019.0;-200.0;921.0;-200.0;1720.0;950.0;26.2;33.6;1.1244
-200.0;959.0;-200.0;7.8;892.0;-200.0;996.0;-200.0;1616.0;866.0;21.0;48.1;1.178
-200.0;853.0;-200.0;4.5;740.0;-200.0;1146.0;-200.0;1526.0;715.0;21.0;50.1;1.2338
-200.0;885.0;-200.0;6.0;812.0;-200.0;1100.0;-200.0;1495.0;675.0;22.8;37.6;1.0315
-200.0;892.0;-200.0;6.9;853.0;-200.0;1080.0;-200.0;1509.0;666.0;26.0;29.4;0.976
3.6;1116.0;-200.0;16.6;1198.0;-200.0;811.0;-200.0;1863.0;1045.0;28.3;27.5;1.0418
2.0;1016.0;-200.0;10.0;977.0;-200.0;951.0;-200.0;1652.0;948.0;22.4;41.0;1.1006
2.9;1120.0;-200.0;13.1;1088.0;-200.0;849.0;-200.0;1785.0;1067.0;21.7;44.7;1.1451
1.6;990.0;-200.0;7.6;881.0;133.0;985.0;81.0;1685.0;874.0;22.4;47.9;1.2817
1.1;891.0;-200.0;5.3;780.0;87.0;1110.0;68.0;1543.0;689.0;24.1;41.3;1.2202
1.4;914.0;-200.0;8.0;900.0;86.0;1010.0;68.0;1596.0;706.0;30.7;26.0;1.1287
1.7;1042.0;-200.0;9.0;939.0;108.0;917.0;89.0;1744.0;860.0;30.4;31.3;1.3331
1.0;892.0;-200.0;5.2;773.0;49.0;926.0;62.0;1660.0;724.0;17.1;81.8;1.5816
0.5;806.0;-200.0;2.4;615.0;21.0;1172.0;34.0;1525.0;543.0;16.6;80.2;1.5002
0.7;827.0;-200.0;3.1;659.0;33.0;1115.0;46.0;1552.0;616.0;16.8;77.4;1.4739
1.0;881.0;-200.0;5.2;776.0;63.0;1037.0;62.0;1623.0;677.0;18.3;66.5;1.381
0.5;734.0;-200.0;2.3;603.0;40.0;1471.0;48.0;1303.0;450.0;25.9;28.8;0.9475
1.4;877.0;-200.0;7.0;858.0;118.0;1080.0;89.0;1535.0;724.0;21.8;39.2;1.0115
1.7;930.0;-200.0;8.4;914.0;131.0;991.0;98.0;1631.0;862.0;20.0;45.6;1.0555
0.3;733.0;-200.0;2.0;588.0;-200.0;1281.0;-200.0;1394.0;589.0;18.6;52.7;1.1206
3.1;1065.0;-200.0;15.1;1151.0;272.0;801.0;118.0;1894.0;1160.0;23.5;40.0;1.1386
2.8;1054.0;-200.0;16.5;1195.0;205.0;815.0;126.0;1848.0;1078.0;35.9;18.9;1.0999
2.5;1029.0;-200.0;13.4;1097.0;155.0;825.0;125.0;1827.0;980.0;27.0;36.7;1.2898
2.0;1004.0;-200.0;10.9;1011.0;108.0;867.0;116.0;1754.0;893.0;24.6;41.9;1.2752
1.8;979.0;-200.0;8.9;937.0;94.0;919.0;101.0;1683.0;858.0;23.3;44.5;1.2566
1.3;942.0;-200.0;6.7;846.0;78.0;980.0;92.0;1615.0;905.0;21.7;50.8;1.3019
0.5;780.0;-200.0;2.5;621.0;26.0;1277.0;42.0;1452.0;586.0;20.5;54.3;1.2926
0.4;746.0;-200.0;1.7;565.0;-200.0;1369.0;-200.0;1423.0;608.0;20.9;52.5;1.2852
0.3;734.0;-200.0;1.4;538.0;19.0;1449.0;30.0;1400.0;514.0;21.0;53.1;1.3031
0.5;785.0;-200.0;2.8;640.0;35.0;1265.0;40.0;1467.0;588.0;19.6;57.1;1.2851
2.4;1111.0;-200.0;16.5;1194.0;160.0;794.0;130.0;1875.0;1015.0;37.5;18.1;1.1529
2.6;1083.0;-200.0;14.8;1141.0;177.0;825.0;143.0;1793.0;1008.0;37.7;17.7;1.1383
0.5;817.0;-200.0;3.3;672.0;31.0;1113.0;51.0;1501.0;751.0;20.8;54.4;1.3229
2.8;1247.0;-200.0;18.6;1257.0;168.0;701.0;174.0;2000.0;1337.0;37.2;23.2;1.4478
2.8;1183.0;-200.0;18.0;1241.0;183.0;721.0;167.0;1937.0;1308.0;39.5;18.3;1.2917
2.0;1052.0;-200.0;11.1;1019.0;140.0;896.0;125.0;1610.0;836.0;40.3;14.2;1.0494
3.5;1287.0;-200.0;21.6;1340.0;230.0;699.0;194.0;2008.0;1267.0;39.6;16.7;1.1867
1.0;919.0;-200.0;5.9;807.0;48.0;967.0;66.0;1598.0;775.0;22.0;52.8;1.3752
0.9;872.0;-200.0;5.4;782.0;75.0;1001.0;76.0;1607.0;874.0;19.5;59.4;1.3328
4.8;1360.0;-200.0;30.4;1561.0;290.0;545.0;139.0;2525.0;1626.0;23.7;49.0;1.4152
4.3;1318.0;-200.0;24.6;1420.0;311.0;586.0;166.0;2316.0;1640.0;25.9;44.3;1.4544
2.3;1142.0;-200.0;13.8;1109.0;140.0;782.0;133.0;1789.0;1047.0;40.4;17.2;1.2774
2.4;1056.0;-200.0;12.0;1051.0;163.0;826.0;116.0;1758.0;1078.0;27.5;32.6;1.176
4.6;1339.0;-200.0;24.8;1425.0;332.0;595.0;131.0;2264.0;1495.0;20.5;48.2;1.1474
2.0;1096.0;-200.0;13.1;1087.0;120.0;801.0;111.0;1759.0;910.0;35.9;19.6;1.1422
0.9;924.0;-200.0;6.6;839.0;57.0;957.0;68.0;1453.0;849.0;23.5;32.7;0.9349
0.9;918.0;-200.0;6.0;810.0;87.0;936.0;78.0;1524.0;939.0;18.8;46.6;1.0027
0.7;890.0;-200.0;5.6;791.0;62.0;950.0;61.0;1489.0;886.0;19.8;46.0;1.0524
1.3;1003.0;-200.0;8.9;937.0;125.0;850.0;81.0;1622.0;1005.0;21.3;41.8;1.0449
1.6;1067.0;-200.0;9.6;962.0;95.0;860.0;91.0;1658.0;802.0;35.1;21.8;1.2093
2.3;1195.0;-200.0;12.8;1077.0;130.0;731.0;113.0;1860.0;1151.0;25.5;43.8;1.4095
2.0;1086.0;-200.0;9.2;946.0;126.0;847.0;89.0;1729.0;945.0;25.2;45.2;1.4262
0.4;797.0;-200.0;1.5;543.0;25.0;1466.0;37.0;1347.0;410.0;21.6;48.1;1.2259
0.4;767.0;-200.0;1.2;520.0;30.0;1526.0;42.0;1287.0;377.0;20.5;46.8;1.1152
0.7;821.0;-200.0;2.7;632.0;67.0;1295.0;65.0;1302.0;469.0;24.4;29.6;0.8921
0.8;852.0;-200.0;3.0;651.0;57.0;1246.0;59.0;1387.0;470.0;21.7;42.7;1.0949
1.0;847.0;-200.0;2.9;645.0;71.0;1245.0;68.0;1364.0;480.0;20.7;43.4;1.047
1.0;849.0;-200.0;3.5;682.0;67.0;1215.0;72.0;1378.0;472.0;20.3;42.6;1.0045
0.5;748.0;-200.0;1.2;515.0;19.0;1580.0;30.0;1261.0;381.0;19.7;44.8;1.0172
1.4;929.0;-200.0;6.3;825.0;115.0;992.0;87.0;1561.0;692.0;22.4;43.6;1.1637
1.5;962.0;-200.0;7.0;858.0;118.0;941.0;84.0;1613.0;779.0;24.8;39.1;1.2039
1.3;928.0;-200.0;5.5;787.0;85.0;1012.0;68.0;1585.0;606.0;25.4;39.2;1.2534
1.0;855.0;-200.0;3.8;698.0;66.0;1134.0;62.0;1449.0;526.0;25.6;37.0;1.2006
1.4;920.0;-200.0;5.4;783.0;74.0;1046.0;70.0;1550.0;588.0;24.5;38.4;1.1669
1.6;917.0;-200.0;6.7;842.0;108.0;985.0;83.0;1563.0;674.0;23.9;39.9;1.1639
1.2;886.0;-200.0;5.1;767.0;68.0;1055.0;79.0;1532.0;702.0;21.6;46.0;1.1742
0.7;792.0;-200.0;2.8;637.0;31.0;1249.0;43.0;1400.0;559.0;21.6;45.8;1.1715
1.0;915.0;-200.0;7.5;877.0;92.0;897.0;69.0;1651.0;937.0;19.9;51.8;1.1911
2.8;1085.0;-200.0;15.7;1171.0;174.0;767.0;118.0;1863.0;1068.0;32.8;23.3;1.138
3.1;1100.0;-200.0;16.7;1202.0;154.0;732.0;148.0;1856.0;1004.0;30.8;28.7;1.2507
3.6;1143.0;-200.0;20.8;1319.0;192.0;673.0;158.0;2001.0;1190.0;28.7;31.2;1.2099
1.4;986.0;-200.0;6.9;853.0;61.0;865.0;81.0;1645.0;794.0;20.9;59.8;1.4659
1.0;936.0;-200.0;6.8;849.0;70.0;882.0;61.0;1640.0;886.0;20.6;57.4;1.3753
2.7;1244.0;-200.0;18.9;1265.0;176.0;640.0;95.0;2084.0;1257.0;21.3;56.9;1.4226
5.0;1440.0;-200.0;30.2;1556.0;310.0;517.0;142.0;2530.0;1561.0;22.9;52.4;1.4442
2.3;1101.0;-200.0;12.2;1057.0;122.0;797.0;113.0;1772.0;863.0;33.0;26.0;1.2877
3.5;1173.0;-200.0;17.2;1217.0;202.0;695.0;139.0;1930.0;1175.0;26.5;35.0;1.1981
2.5;1067.0;-200.0;13.7;1106.0;143.0;745.0;107.0;1840.0;1125.0;23.3;43.4;1.2251
3.7;1297.0;-200.0;22.1;1353.0;281.0;588.0;154.0;2128.0;1690.0;25.2;43.0;1.3548
1.9;1041.0;-200.0;10.0;979.0;169.0;837.0;125.0;1705.0;1053.0;28.0;36.6;1.3603
1.7;1027.0;-200.0;8.9;936.0;152.0;867.0;117.0;1696.0;931.0;27.1;38.3;1.3548
1.8;998.0;-200.0;9.5;958.0;125.0;881.0;107.0;1657.0;778.0;31.5;28.7;1.3058
3.3;1131.0;-200.0;16.5;1194.0;172.0;726.0;125.0;1907.0;1009.0;29.0;33.4;1.3169
2.4;1104.0;-200.0;14.8;1143.0;133.0;747.0;147.0;1840.0;896.0;37.2;21.6;1.3514
1.5;971.0;-200.0;7.6;881.0;78.0;916.0;105.0;1635.0;672.0;26.6;42.2;1.4452
1.7;1062.0;-200.0;10.2;984.0;84.0;816.0;98.0;1796.0;842.0;25.2;46.6;1.4733
0.6;861.0;-200.0;4.3;729.0;39.0;1043.0;62.0;1528.0;689.0;23.8;47.3;1.3783
0.6;850.0;-200.0;3.9;703.0;38.0;1021.0;54.0;1511.0;658.0;21.2;55.0;1.3689
1.4;1031.0;-200.0;9.1;945.0;100.0;806.0;86.0;1697.0;964.0;24.6;44.9;1.3661
1.1;-200.0;-200.0;-200.0;-200.0;52.0;-200.0;65.0;-200.0;-200.0;-200.0;-200.0;-200.0
1.4;-200.0;-200.0;-200.0;-200.0;56.0;-200.0;70.0;-200.0;-200.0;-200.0;-200.0;-200.0
1.2;-200.0;-200.0;-200.0;-200.0;54.0;-200.0;65.0;-200.0;-200.0;-200.0;-200.0;-200.0
1.4;-200.0;-200.0;-200.0;-200.0;-200.0;-200.0;-200.0;-200.0;-200.0;-200.0;-200.0;-200.0
1.0;-200.0;-200.0;-200.0;-200.0;40.0;-200.0;60.0;-200.0;-200.0;-200.0;-200.0;-200.0
0.8;-200.0;-200.0;-200.0;-200.0;44.0;-200.0;55.0;-200.0;-200.0;-200.0;-200.0;-200.0
1.6;-200.0;-200.0;-200.0;-200.0;75.0;-200.0;87.0;-200.0;-200.0;-200.0;-200.0;-200.0
2.3;-200.0;-200.0;-200.0;-200.0;92.0;-200.0;91.0;-200.0;-200.0;-200.0;-200.0;-200.0
0.3;-200.0;-200.0;-200.0;-200.0;-200.0;-200.0;-200.0;-200.0;-200.0;-200.0;-200.0;-200.0
0.5;809.0;-200.0;3.5;681.0;52.0;1108.0;43.0;1463.0;609.0;18.2;57.6;1.193
2.5;1132.0;-200.0;17.3;1220.0;177.0;691.0;91.0;1910.0;1203.0;20.8;48.0;1.1702
1.4;875.0;-200.0;8.3;912.0;85.0;978.0;84.0;1504.0;601.0;29.5;19.4;0.7872
1.6;907.0;-200.0;9.6;961.0;105.0;920.0;102.0;1564.0;668.0;31.1;18.2;0.8079
3.0;1051.0;-200.0;15.3;1157.0;186.0;760.0;147.0;1787.0;963.0;28.6;22.3;0.859
1.1;889.0;-200.0;6.4;831.0;74.0;956.0;79.0;1570.0;760.0;20.5;49.9;1.1903
0.7;825.0;-200.0;4.1;715.0;35.0;1062.0;49.0;1462.0;613.0;20.0;50.9;1.1794
3.1;1181.0;-200.0;18.5;1255.0;332.0;632.0;106.0;2002.0;1334.0;18.2;55.8;1.1529
3.1;1139.0;-200.0;18.0;1240.0;239.0;702.0;144.0;1940.0;1129.0;31.1;26.2;1.1647
1.7;1040.0;-200.0;11.2;1022.0;115.0;826.0;98.0;1747.0;812.0;31.8;25.6;1.1868
2.2;1076.0;-200.0;13.6;1105.0;169.0;762.0;120.0;1782.0;959.0;33.5;22.9;1.1649
4.1;1204.0;-200.0;23.1;1381.0;245.0;623.0;148.0;2085.0;1283.0;29.0;30.4;1.2013
0.5;809.0;-200.0;3.2;666.0;38.0;1093.0;55.0;1455.0;714.0;21.8;47.3;1.2189
1.0;917.0;-200.0;6.7;842.0;73.0;934.0;51.0;1656.0;819.0;20.3;52.3;1.2367
2.2;1053.0;-200.0;13.1;1087.0;163.0;763.0;106.0;1762.0;1023.0;34.9;20.5;1.1279
2.1;1023.0;-200.0;11.8;1042.0;132.0;796.0;101.0;1711.0;910.0;35.4;19.9;1.1222
1.9;1085.0;-200.0;12.7;1075.0;126.0;767.0;110.0;1786.0;913.0;34.4;22.5;1.205
2.5;1111.0;-200.0;14.4;1131.0;171.0;735.0;137.0;1825.0;1085.0;34.3;22.4;1.1907
3.6;1210.0;-200.0;20.7;1316.0;234.0;645.0;159.0;2030.0;1278.0;32.5;25.3;1.2165
4.4;1297.0;-200.0;24.2;1408.0;294.0;595.0;166.0;2134.0;1473.0;30.2;29.0;1.2224
4.8;1313.0;-200.0;21.8;1345.0;300.0;603.0;163.0;2118.0;1507.0;28.5;33.3;1.2775
2.8;1199.0;-200.0;15.1;1152.0;176.0;685.0;125.0;1897.0;1242.0;26.1;37.8;1.2575
3.2;1274.0;-200.0;16.6;1197.0;192.0;626.0;120.0;2023.0;1356.0;24.7;47.1;1.44
2.6;1243.0;-200.0;12.7;1072.0;152.0;675.0;103.0;1978.0;1195.0;23.6;59.8;1.7193
1.2;988.0;-200.0;6.0;813.0;52.0;927.0;61.0;1596.0;596.0;33.4;27.8;1.4119
2.1;1075.0;-200.0;11.1;1020.0;109.0;802.0;103.0;1732.0;797.0;33.3;23.9;1.2085
2.8;1172.0;-200.0;13.7;1108.0;166.0;706.0;122.0;1878.0;1058.0;28.3;34.5;1.3084
3.8;1256.0;-200.0;21.6;1340.0;149.0;594.0;125.0;2176.0;1214.0;27.1;38.9;1.3758
3.2;1190.0;-200.0;16.8;1203.0;118.0;658.0;119.0;1967.0;1056.0;25.4;43.2;1.3805
2.6;1072.0;-200.0;14.1;1120.0;124.0;711.0;100.0;1838.0;1045.0;23.7;46.0;1.3346
0.7;833.0;-200.0;3.3;671.0;-200.0;1061.0;-200.0;1482.0;705.0;23.1;47.4;1.3208
0.6;804.0;-200.0;2.4;616.0;45.0;1144.0;64.0;1427.0;662.0;21.7;50.2;1.2917
2.6;1138.0;-200.0;14.8;1141.0;199.0;671.0;104.0;1927.0;1197.0;21.5;51.8;1.3129
2.9;1203.0;-200.0;16.2;1185.0;224.0;649.0;125.0;1968.0;1328.0;22.9;48.7;1.3416
2.8;1193.0;-200.0;14.6;1136.0;245.0;667.0;151.0;1924.0;1370.0;25.7;41.0;1.3351
2.8;973.0;-200.0;14.4;1128.0;170.0;813.0;127.0;1642.0;894.0;32.9;15.5;0.7649
3.4;1062.0;-200.0;15.9;1176.0;230.0;763.0;140.0;1743.0;1121.0;28.1;22.4;0.8394
2.3;1013.0;-200.0;11.7;1038.0;164.0;793.0;121.0;1598.0;1162.0;24.3;31.0;0.9268
1.2;870.0;-200.0;6.2;823.0;76.0;975.0;79.0;1398.0;848.0;24.0;31.2;0.919
0.9;835.0;-200.0;4.5;739.0;47.0;1036.0;61.0;1382.0;694.0;21.2;37.6;0.9355
2.2;1090.0;-200.0;12.4;1065.0;176.0;728.0;109.0;1773.0;1228.0;21.9;39.4;1.0243
2.4;1117.0;-200.0;14.0;1118.0;184.0;716.0;129.0;1791.0;1323.0;24.5;34.3;1.0407
1.4;960.0;-200.0;8.2;909.0;70.0;910.0;86.0;1523.0;675.0;37.7;16.0;1.0231
1.9;1100.0;-200.0;9.2;946.0;111.0;827.0;98.0;1726.0;932.0;30.5;33.9;1.4564
1.7;1085.0;-200.0;9.5;959.0;75.0;827.0;88.0;1747.0;963.0;27.7;40.6;1.4828
2.1;1127.0;-200.0;11.7;1041.0;120.0;728.0;97.0;1830.0;1266.0;26.5;44.8;1.528
1.0;948.0;-200.0;6.4;829.0;40.0;873.0;53.0;1638.0;937.0;25.2;47.8;1.5076
1.0;953.0;-200.0;6.7;844.0;-200.0;848.0;-200.0;1685.0;995.0;23.2;53.7;1.5046
0.5;809.0;-200.0;2.6;628.0;27.0;1127.0;42.0;1490.0;682.0;24.0;50.3;1.4811
1.6;1063.0;-200.0;7.9;894.0;104.0;823.0;100.0;1688.0;1025.0;27.2;41.1;1.4611
0.7;842.0;-200.0;4.2;722.0;40.0;1163.0;54.0;1294.0;490.0;41.8;11.9;0.9476
2.3;1116.0;-200.0;12.7;1075.0;135.0;761.0;134.0;1784.0;1081.0;30.5;30.4;1.3031
1.0;923.0;-200.0;5.0;765.0;47.0;952.0;63.0;1508.0;786.0;26.7;40.0;1.3754
0.6;874.0;-200.0;3.4;679.0;26.0;1049.0;41.0;1444.0;619.0;26.0;41.2;1.3598
0.5;827.0;-200.0;3.1;656.0;55.0;1075.0;60.0;1447.0;722.0;24.0;46.4;1.3689
5.6;1441.0;-200.0;32.4;1606.0;348.0;503.0;159.0;2568.0;1786.0;25.5;43.1;1.3891
3.3;1218.0;-200.0;16.6;1198.0;280.0;671.0;183.0;1907.0;1413.0;32.6;28.0;1.3566
2.1;1132.0;-200.0;13.2;1091.0;169.0;751.0;144.0;1795.0;1092.0;36.3;23.4;1.3902
1.8;1148.0;-200.0;11.6;1037.0;110.0;772.0;130.0;1720.0;835.0;39.9;20.1;1.4495
3.4;1255.0;-200.0;19.5;1283.0;203.0;640.0;160.0;2023.0;1232.0;37.0;21.9;1.3503
2.5;1162.0;-200.0;15.1;1151.0;116.0;687.0;115.0;1912.0;1143.0;31.9;30.6;1.4201
2.0;1085.0;-200.0;11.7;1039.0;100.0;745.0;96.0;1790.0;1092.0;27.8;38.7;1.4187
0.3;842.0;-200.0;2.6;624.0;-200.0;1080.0;-200.0;1480.0;712.0;26.0;44.2;1.4657
5.7;1502.0;-200.0;33.5;1631.0;350.0;459.0;140.0;2622.0;1858.0;27.1;43.1;1.5224
3.2;1219.0;-200.0;15.5;1163.0;232.0;642.0;121.0;1963.0;1410.0;28.3;39.8;1.5053
2.7;1237.0;-200.0;15.3;1157.0;206.0;663.0;132.0;1968.0;1334.0;32.4;32.3;1.5484
2.1;1166.0;-200.0;12.3;1062.0;124.0;726.0;130.0;1825.0;924.0;37.2;25.5;1.5914
2.6;1200.0;-200.0;14.3;1126.0;141.0;664.0;120.0;1979.0;1198.0;31.9;38.4;1.7897
2.2;1194.0;-200.0;13.7;1106.0;100.0;667.0;97.0;1985.0;1194.0;28.2;48.1;1.8144
0.7;901.0;-200.0;3.7;697.0;-200.0;952.0;-200.0;1586.0;800.0;26.8;51.9;1.8058
0.7;952.0;-200.0;4.6;742.0;49.0;892.0;57.0;1656.0;953.0;24.6;59.1;1.8013
2.9;1265.0;-200.0;17.0;1209.0;290.0;638.0;157.0;2015.0;1812.0;30.8;37.1;1.6169
2.5;1193.0;-200.0;13.4;1097.0;152.0;698.0;155.0;1832.0;1139.0;36.6;27.8;1.676
4.9;1352.0;-200.0;23.3;1385.0;280.0;563.0;197.0;2205.0;1661.0;34.0;32.9;1.7251
0.6;850.0;-200.0;3.2;664.0;31.0;1038.0;40.0;1568.0;727.0;24.9;54.6;1.6908
2.4;1199.0;-200.0;14.2;1124.0;159.0;680.0;132.0;1940.0;1054.0;36.6;27.1;1.6352
3.3;1236.0;-200.0;18.0;1239.0;186.0;637.0;169.0;1986.0;1106.0;34.5;28.5;1.531
4.4;1364.0;-200.0;22.9;1376.0;235.0;580.0;179.0;2168.0;1356.0;32.5;30.9;1.4875
2.1;1140.0;-200.0;11.6;1035.0;107.0;726.0;112.0;1779.0;1059.0;27.7;39.3;1.4372
1.9;1105.0;-200.0;10.5;995.0;162.0;778.0;149.0;1681.0;821.0;37.1;23.0;1.4229
2.1;1090.0;-200.0;12.7;1073.0;133.0;745.0;122.0;1693.0;1124.0;26.1;31.1;1.0338
2.5;1131.0;-200.0;13.1;1087.0;164.0;705.0;131.0;1738.0;1240.0;24.0;37.8;1.1125
2.3;1173.0;-200.0;14.4;1130.0;208.0;648.0;120.0;1885.0;1401.0;23.2;43.9;1.2344
1.3;912.0;-200.0;7.4;873.0;89.0;946.0;86.0;1436.0;614.0;36.6;15.2;0.9177
0.8;896.0;-200.0;6.2;822.0;64.0;1002.0;70.0;1391.0;722.0;37.9;15.0;0.9721
1.1;956.0;-200.0;7.1;862.0;65.0;930.0;82.0;1479.0;636.0;38.0;16.8;1.0933
1.2;970.0;-200.0;8.0;900.0;79.0;909.0;93.0;1524.0;664.0;36.9;17.5;1.0789
2.0;1125.0;-200.0;11.6;1035.0;122.0;728.0;109.0;1726.0;1150.0;26.7;35.8;1.2318
1.1;1022.0;-200.0;6.1;817.0;64.0;835.0;69.0;1669.0;821.0;23.7;54.3;1.5731
0.4;809.0;-200.0;3.2;664.0;28.0;1185.0;40.0;1270.0;427.0;38.5;14.8;0.9942
0.9;854.0;-200.0;5.5;788.0;60.0;1064.0;71.0;1310.0;562.0;35.8;13.4;0.7749
1.6;971.0;-200.0;9.1;942.0;104.0;900.0;103.0;1541.0;776.0;32.3;19.7;0.9345
1.6;985.0;-200.0;9.1;944.0;102.0;866.0;97.0;1541.0;833.0;30.1;23.5;0.9869
0.4;839.0;-200.0;3.0;652.0;34.0;1075.0;49.0;1405.0;671.0;22.5;43.2;1.1589
2.1;1066.0;-200.0;11.7;1041.0;165.0;783.0;137.0;1641.0;1036.0;37.4;17.3;1.0914
4.3;1328.0;-200.0;24.1;1405.0;302.0;584.0;203.0;2072.0;1518.0;37.3;19.9;1.2437
1.8;1058.0;-200.0;10.7;1004.0;92.0;776.0;98.0;1684.0;947.0;28.8;32.8;1.2776
1.9;1078.0;-200.0;9.8;971.0;107.0;752.0;105.0;1694.0;1065.0;25.4;43.0;1.37
0.7;881.0;-200.0;4.1;718.0;43.0;965.0;60.0;1510.0;837.0;23.3;48.4;1.3677
0.6;865.0;-200.0;3.3;671.0;-200.0;1012.0;-200.0;1477.0;807.0;23.5;47.8;1.3607
0.4;829.0;-200.0;2.2;602.0;23.0;1123.0;36.0;1410.0;596.0;23.5;46.7;1.3361
3.8;1337.0;-200.0;23.3;1386.0;274.0;565.0;115.0;2196.0;1596.0;22.9;49.1;1.3546
5.1;1467.0;-200.0;31.0;1575.0;369.0;472.0;145.0;2460.0;1873.0;24.9;43.3;1.3422
2.6;1227.0;-200.0;14.3;1125.0;227.0;675.0;147.0;1835.0;1470.0;30.5;32.9;1.4135
2.2;1188.0;-200.0;13.7;1108.0;178.0;693.0;132.0;1818.0;1275.0;34.2;27.2;1.4404
2.1;1112.0;-200.0;14.3;1128.0;117.0;675.0;99.0;1771.0;1440.0;26.9;32.6;1.1381
0.8;895.0;-200.0;5.1;767.0;55.0;931.0;69.0;1463.0;985.0;25.7;33.9;1.1065
0.5;894.0;-200.0;4.0;709.0;46.0;997.0;53.0;1432.0;853.0;24.0;37.8;1.1077
1.3;1072.0;-200.0;9.9;976.0;144.0;740.0;88.0;1673.0;1340.0;23.9;39.3;1.1522
4.1;1425.0;-200.0;27.3;1486.0;392.0;512.0;136.0;2305.0;1869.0;24.8;38.4;1.1808
4.0;1359.0;-200.0;24.5;1415.0;381.0;572.0;189.0;2081.0;1902.0;29.6;28.7;1.1706
2.2;1182.0;-200.0;14.2;1122.0;261.0;730.0;166.0;1707.0;1527.0;34.6;21.1;1.1398
2.0;1119.0;-200.0;13.1;1088.0;155.0;741.0;149.0;1640.0;1124.0;40.4;14.5;1.0736
1.8;1056.0;-200.0;11.3;1024.0;159.0;792.0;121.0;1555.0;1068.0;41.0;11.6;0.8872
3.3;1318.0;-200.0;21.5;1339.0;228.0;635.0;177.0;1925.0;1416.0;39.2;14.5;1.0106
4.3;1348.0;-200.0;21.8;1347.0;348.0;599.0;233.0;1903.0;1611.0;36.9;17.9;1.096
4.3;1373.0;-200.0;22.5;1364.0;282.0;597.0;184.0;2005.0;1745.0;33.7;22.6;1.1658
1.2;1069.0;-200.0;10.2;983.0;87.0;749.0;88.0;1627.0;1357.0;29.8;30.2;1.2502
2.7;1381.0;-200.0;17.6;1227.0;312.0;595.0;162.0;1903.0;1845.0;29.8;33.1;1.3693
1.3;1076.0;-200.0;9.9;972.0;111.0;819.0;109.0;1525.0;923.0;41.8;15.0;1.1989
2.4;1202.0;-200.0;16.9;1206.0;213.0;671.0;167.0;1807.0;1301.0;40.9;14.6;1.114
2.9;1264.0;-200.0;18.1;1241.0;228.0;609.0;129.0;1989.0;1280.0;27.0;37.3;1.3081
1.5;989.0;-200.0;10.3;990.0;113.0;822.0;138.0;1577.0;705.0;33.2;20.4;1.0195
2.3;1009.0;-200.0;14.0;1116.0;202.0;779.0;180.0;1602.0;877.0;32.2;17.1;0.8124
2.8;1097.0;-200.0;16.6;1199.0;190.0;699.0;158.0;1738.0;1006.0;28.3;24.9;0.9412
1.5;1049.0;-200.0;9.5;958.0;98.0;794.0;104.0;1648.0;861.0;23.7;43.4;1.2495
1.5;1016.0;-200.0;9.6;963.0;91.0;776.0;95.0;1661.0;811.0;22.2;49.5;1.3081
1.0;940.0;-200.0;6.7;845.0;57.0;845.0;70.0;1539.0;704.0;21.6;51.9;1.3254
1.1;959.0;-200.0;6.8;848.0;91.0;859.0;84.0;1572.0;739.0;25.0;41.6;1.301
0.8;855.0;-200.0;6.0;812.0;53.0;982.0;71.0;1416.0;508.0;32.4;20.5;0.9806
1.9;1075.0;-200.0;10.4;993.0;139.0;781.0;110.0;1682.0;946.0;23.1;44.2;1.2317
0.2;795.0;-200.0;2.3;606.0;25.0;1152.0;35.0;1369.0;552.0;21.3;48.8;1.2189
0.4;842.0;-200.0;3.1;656.0;40.0;1080.0;48.0;1427.0;620.0;20.4;52.6;1.247
0.4;804.0;-200.0;2.8;636.0;21.0;1185.0;36.0;1321.0;424.0;31.8;22.3;1.0366
0.6;844.0;-200.0;4.7;751.0;46.0;1064.0;63.0;1327.0;462.0;33.0;17.7;0.8758
1.6;1011.0;-200.0;9.7;967.0;111.0;818.0;116.0;1565.0;748.0;25.3;30.9;0.9815
0.8;903.0;-200.0;5.7;800.0;50.0;911.0;68.0;1478.0;751.0;20.7;46.4;1.1198
-200.0;780.0;-200.0;1.8;568.0;24.0;1200.0;34.0;1331.0;501.0;19.9;51.3;1.1803
0.5;835.0;-200.0;3.3;672.0;43.0;1053.0;43.0;1423.0;628.0;20.0;51.8;1.1967
1.7;986.0;-200.0;8.5;922.0;178.0;820.0;104.0;1586.0;971.0;21.7;46.3;1.1867
1.5;942.0;-200.0;6.8;849.0;177.0;907.0;107.0;1496.0;894.0;23.4;39.4;1.1172
1.3;865.0;-200.0;5.2;773.0;93.0;991.0;85.0;1414.0;653.0;21.3;38.7;0.9686
1.6;898.0;-200.0;7.1;863.0;118.0;911.0;101.0;1493.0;777.0;20.9;39.4;0.9596
3.6;1137.0;-200.0;16.7;1200.0;321.0;648.0;135.0;1821.0;1489.0;21.7;42.4;1.0859
2.8;1064.0;-200.0;14.3;1126.0;272.0;711.0;139.0;1656.0;1361.0;26.4;29.9;1.0138
2.0;888.0;-200.0;10.8;1007.0;149.0;870.0;105.0;1448.0;794.0;33.8;13.9;0.7172
1.3;843.0;-200.0;6.4;830.0;89.0;995.0;72.0;1339.0;577.0;30.1;19.4;0.8157
