2152;NOx(GT);441.0
356;PT08.S3(NOx);958.0
2234;NOx(GT);265.0
2375;AH;1.3306
1890;PT08.S4(NO2);1600.0
2498;NOx(GT);245.0
674;RH;71.3
1887;PT08.S2(NMHC);1367.0
134;RH;66.5
2851;RH;14.5
115;AH;0.8904
2034;RH;31.0
973;RH;79.4
1893;AH;0.9931
2024;PT08.S4(NO2);1756.0
65;T;12.4
2043;PT08.S5(O3);1034.0
1675;PT08.S3(NOx);796.0
2343;NO2(GT);142.0
1374;PT08.S3(NOx);938.0
1429;PT08.S3(NOx);987.0
1338;CO(GT);2.6
1864;CO(GT);-200.0
606;T;15.3
1550;T;18.5
1242;C6H6(GT);9.2
1138;PT08.S4(NO2);1224.0
1779;T;23.9
2238;T;24.9
1775;NOx(GT);77.0
2704;NO2(GT);134.0
1027;PT08.S3(NOx);814.0
2629;CO(GT);0.7
1892;T;28.9
1278;RH;44.1
2676;NOx(GT);49.0
2542;PT08.S3(NOx);942.0
2625;PT08.S2(NMHC);679.0
1182;T;17.9
2801;RH;23.2
2057;RH;31.3
1074;RH;29.5
819;RH;49.6
1861;CO(GT);-200.0
1857;CO(GT);-200.0
390;PT08.S5(O3);644.0
2705;PT08.S1(CO);1246.0
2042;NMHC(GT);-200.0
2510;T;20.5
1611;T;23.7
78;PT08.S1(CO);1418.0
1388;NMHC(GT);-200.0
1484;NO2(GT);94.0
1647;NO2(GT);139.0
1536;RH;43.1
943;PT08.S4(NO2);1658.0
2085;PT08.S5(O3);609.0
2808;C6H6(GT);19.0
1099;PT08.S4(NO2);1185.0
2284;CO(GT);0.9
623;CO(GT);2.0
1240;PT08.S3(NOx);854.0
718;PT08.S3(NOx);-200.0
481;NO2(GT);101.0
2342;T;21.3
2588;NO2(GT);86.0
68;NOx(GT);153.0
2895;RH;35.3
961;PT08.S5(O3);889.0
2180;AH;1.2917
2028;CO(GT);-200.0
2442;RH;-200.0
1943;PT08.S5(O3);589.0
709;AH;-200.0
2661;NMHC(GT);-200.0
480;PT08.S4(NO2);1527.0
2761;PT08.S3(NOx);942.0
1067;PT08.S2(NMHC);700.0
449;AH;0.5222
984;NOx(GT);-200.0
1263;CO(GT);1.2
2850;AH;1.1216
51;NO2(GT);170.0
942;T;15.0
1494;NMHC(GT);-200.0
80;PT08.S4(NO2);1624.0
1213;CO(GT);1.7
2199;NOx(GT);290.0
1045;PT08.S3(NOx);1041.0
1136;PT08.S1(CO);826.0
1985;PT08.S4(NO2);1870.0
60;PT08.S5(O3);819.0
2226;RH;21.0
1903;NOx(GT);138.0
1186;PT08.S2(NMHC);608.0
1737;PT08.S1(CO);1123.0
2290;CO(GT);0.3
1394;C6H6(GT);10.5
556;PT08.S5(O3);1399.0
2279;NMHC(GT);-200.0
318;NO2(GT);86.0
91;AH;0.8474
482;NMHC(GT);301.0
273;PT08.S4(NO2);1355.0
38;RH;65.1
361;PT08.S4(NO2);1748.0
655;PT08.S5(O3);575.0
491;PT08.S1(CO);851.0
2098;RH;78.6
1192;PT08.S1(CO);1408.0
2154;NO2(GT);149.0
2702;C6H6(GT);17.1
331;C6H6(GT);6.7
1976;PT08.S2(NMHC);644.0
465;NMHC(GT);32.0
2435;NO2(GT);62.0
2815;C6H6(GT);9.8
155;NOx(GT);54.0
1168;T;19.3
642;PT08.S3(NOx);881.0
2964;NO2(GT);43.0
1094;PT08.S5(O3);375.0
1065;NOx(GT);109.0
2162;NO2(GT);170.0
324;NO2(GT);54.0
137;PT08.S3(NOx);628.0
194;NMHC(GT);-200.0
2236;T;27.2
2731;T;35.6
1423;NO2(GT);-200.0
1265;PT08.S1(CO);1085.0
2500;T;25.2
2098;PT08.S4(NO2);1739.0
947;NOx(GT);-200.0
1061;AH;0.9875
1752;PT08.S4(NO2);1965.0
2780;T;37.9
675;PT08.S5(O3);982.0
1452;PT08.S3(NOx);1213.0
1101;AH;0.5675
2182;NO2(GT);116.0
1280;NO2(GT);52.0
1888;AH;1.0614
2705;NOx(GT);261.0
2524;PT08.S3(NOx);713.0
2319;RH;39.9
79;T;13.9
1862;PT08.S3(NOx);739.0
2241;CO(GT);0.6
2545;NO2(GT);103.0
2917;NMHC(GT);-200.0
1663;NOx(GT);70.0
2682;C6H6(GT);16.1
433;NOx(GT);86.0
2498;AH;1.2013
1000;PT08.S4(NO2);1991.0
1599;PT08.S5(O3);878.0
1118;PT08.S5(O3);786.0
1691;PT08.S1(CO);877.0
1489;PT08.S1(CO);1533.0
288;PT08.S3(NOx);928.0
2182;PT08.S2(NMHC);1012.0
2022;PT08.S1(CO);963.0
247;NO2(GT);107.0
2154;CO(GT);2.9
1647;PT08.S1(CO);1745.0
386;C6H6(GT);12.4
2008;C6H6(GT);8.5
2820;T;21.8
1116;PT08.S4(NO2);1158.0
429;C6H6(GT);3.8
2165;T;25.3
877;RH;75.3
513;PT08.S2(NMHC);716.0
254;NOx(GT);72.0
847;PT08.S5(O3);993.0
595;T;25.1
1360;RH;46.1
2673;PT08.S2(NMHC);801.0
2513;C6H6(GT);16.4
2243;C6H6(GT);4.1
1448;C6H6(GT);3.0
2227;T;35.9
2011;NO2(GT);53.0
442;NMHC(GT);28.0
1264;PT08.S1(CO);1046.0
1450;CO(GT);-200.0
715;PT08.S3(NOx);-200.0
2334;C6H6(GT);10.4
1874;PT08.S2(NMHC);1304.0
559;RH;51.8
2988;PT08.S3(NOx);1070.0
2455;PT08.S5(O3);-200.0
2214;PT08.S3(NOx);783.0
1170;AH;0.9895
2743;T;24.0
2748;NO2(GT);68.0
874;NOx(GT);-200.0
1109;PT08.S4(NO2);1654.0
1471;CO(GT);0.9
2888;PT08.S2(NMHC);1198.0
358;RH;41.3
1652;RH;19.1
1040;PT08.S5(O3);1024.0
646;PT08.S4(NO2);1519.0
1359;T;15.9
39;NOx(GT);307.0
2498;PT08.S2(NMHC);1381.0
1287;PT08.S2(NMHC);1466.0
788;NO2(GT);56.0
1077;PT08.S5(O3);1194.0
2627;PT08.S2(NMHC);632.0
2185;AH;1.4672
2186;PT08.S1(CO);1357.0
1152;NO2(GT);113.0
593;NO2(GT);-200.0
928;C6H6(GT);4.2
2617;PT08.S3(NOx);879.0
2061;PT08.S3(NOx);1016.0
1093;NO2(GT);37.0
95;PT08.S5(O3);1099.0
1641;NO2(GT);50.0
33;C6H6(GT);4.1
1016;CO(GT);-200.0
2385;AH;1.3467
2336;NO2(GT);81.0
1742;NO2(GT);80.0
766;NMHC(GT);48.0
2237;NOx(GT);180.0
2977;CO(GT);3.3
786;NO2(GT);93.0
834;CO(GT);2.1
2839;CO(GT);2.1
624;RH;42.8
670;NOx(GT);146.0
1318;NO2(GT);97.0
2043;PT08.S3(NOx);855.0
1220;NO2(GT);115.0
2129;C6H6(GT);17.4
1455;PT08.S1(CO);1598.0
957;PT08.S4(NO2);1565.0
1250;PT08.S3(NOx);759.0
1028;NO2(GT);-200.0
450;PT08.S3(NOx);1105.0
1251;NO2(GT);112.0
2266;PT08.S2(NMHC);719.0
1587;NOx(GT);234.0
2916;PT08.S2(NMHC);711.0
190;PT08.S1(CO);1322.0
530;AH;0.8878
2708;NMHC(GT);-200.0
932;AH;1.0544
2459;PT08.S3(NOx);1353.0
1183;AH;1.0963
1990;PT08.S2(NMHC);1065.0
1219;PT08.S1(CO);1362.0
860;PT08.S5(O3);1374.0
1612;PT08.S2(NMHC);858.0
2838;NO2(GT);110.0
948;NOx(GT);-200.0
1161;NOx(GT);41.0
2889;RH;41.6
1861;PT08.S4(NO2);1429.0
170;PT08.S5(O3);2306.0
2445;PT08.S3(NOx);-200.0
1434;PT08.S2(NMHC);761.0
2738;NO2(GT);161.0
1151;NOx(GT);120.0
1977;RH;76.4
1338;AH;1.2228
2097;PT08.S4(NO2);1727.0
1306;CO(GT);0.4
1469;PT08.S5(O3);917.0
1528;PT08.S5(O3);1085.0
892;CO(GT);3.4
757;PT08.S1(CO);856.0
2022;NO2(GT);43.0
1813;PT08.S4(NO2);1125.0
2886;CO(GT);2.7
1497;PT08.S1(CO);966.0
2476;C6H6(GT);11.4
2647;C6H6(GT);9.7
1581;PT08.S3(NOx);1124.0
1124;T;20.2
946;AH;1.1716
277;AH;0.9979
2410;PT08.S5(O3);622.0
2604;RH;50.3
1918;AH;0.8461
113;PT08.S2(NMHC);1470.0
761;RH;35.4
2224;C6H6(GT);21.5
1499;CO(GT);-200.0
393;T;8.1
1784;RH;43.1
915;PT08.S1(CO);1105.0
1232;PT08.S1(CO);1179.0
1404;PT08.S5(O3);401.0
885;PT08.S4(NO2);2066.0
1908;PT08.S1(CO);738.0
2509;PT08.S3(NOx);934.0
2907;CO(GT);2.7
1729;PT08.S5(O3);1263.0
92;T;21.2
1137;NO2(GT);32.0
1120;NO2(GT);84.0
1822;CO(GT);-200.0
2309;T;22.2
2503;NOx(GT);79.0
2624;PT08.S4(NO2);1508.0
1047;T;15.4
277;NO2(GT);46.0
2270;T;21.4
2938;PT08.S3(NOx);875.0
1507;AH;1.1265
1179;C6H6(GT);24.9
2464;NOx(GT);201.0
1089;PT08.S3(NOx);1161.0
1472;PT08.S1(CO);834.0
1216;PT08.S5(O3);1365.0
2185;CO(GT);4.9
2244;PT08.S1(CO);918.0
493;NOx(GT);85.0
1049;CO(GT);3.2
806;CO(GT);3.9
2424;PT08.S1(CO);-200.0
364;CO(GT);2.5
1354;PT08.S2(NMHC);502.0
1715;AH;0.932
2966;PT08.S1(CO);1272.0
1662;AH;0.9016
1251;NOx(GT);156.0
299;PT08.S4(NO2);1261.0
210;NMHC(GT);-200.0
377;NO2(GT);119.0
1719;NO2(GT);126.0
1733;PT08.S2(NMHC);1094.0
2000;PT08.S1(CO);964.0
2592;NMHC(GT);-200.0
2700;NOx(GT);75.0
1908;AH;0.997
364;NMHC(GT);234.0
1716;CO(GT);0.3
554;T;21.2
1760;PT08.S2(NMHC);1177.0
269;PT08.S4(NO2);1594.0
1913;CO(GT);0.7
197;C6H6(GT);10.3
762;NO2(GT);90.0
2627;PT08.S4(NO2);1438.0
2493;PT08.S2(NMHC);1083.0
1662;C6H6(GT);8.3
2188;RH;35.7
1566;RH;35.3
440;AH;0.5895
279;PT08.S5(O3);1252.0
166;NMHC(GT);103.0
2599;PT08.S5(O3);1266.0
2844;CO(GT);0.5
2627;PT08.S5(O3);634.0
2930;T;27.2
2880;C6H6(GT);20.5
2407;PT08.S4(NO2);1731.0
2474;NO2(GT);138.0
2220;T;19.3
241;AH;0.9744
2175;PT08.S1(CO);1496.0
688;PT08.S3(NOx);676.0
2545;T;33.3
808;C6H6(GT);11.8
40;NOx(GT);-200.0
403;CO(GT);1.9
1327;AH;1.1121
2972;NOx(GT);164.0
2027;NMHC(GT);-200.0
2215;NO2(GT);96.0
1417;PT08.S2(NMHC);961.0
2215;PT08.S4(NO2);1710.0
687;NMHC(GT);802.0
2344;NO2(GT);128.0
566;CO(GT);2.0
2409;RH;47.3
1368;CO(GT);3.3
383;PT08.S2(NMHC);933.0
597;NO2(GT);-200.0
1503;C6H6(GT);37.4
1930;PT08.S2(NMHC);822.0
611;PT08.S4(NO2);1278.0
787;NOx(GT);85.0
2511;PT08.S5(O3);1478.0
122;C6H6(GT);39.2
1078;NO2(GT);89.0
2273;NMHC(GT);-200.0
191;T;27.1
2166;PT08.S1(CO);972.0
2132;NMHC(GT);-200.0
900;NMHC(GT);-200.0
868;PT08.S5(O3);1758.0
760;PT08.S1(CO);938.0
672;PT08.S4(NO2);1623.0
1810;PT08.S3(NOx);1472.0
2425;NOx(GT);44.0
61;PT08.S2(NMHC);646.0
1354;C6H6(GT);1.0
870;NO2(GT);106.0
953;PT08.S4(NO2);1503.0
767;PT08.S4(NO2);1150.0
253;NOx(GT);24.0
641;PT08.S1(CO);1329.0
1507;NOx(GT);207.0
340;PT08.S4(NO2);1571.0
1514;PT08.S4(NO2);1767.0
2243;PT08.S5(O3);707.0
148;T;19.0
810;AH;0.7435
235;NO2(GT);108.0
802;T;10.6
271;NMHC(GT);-200.0
2577;AH;0.9355
915;PT08.S5(O3);923.0
2526;T;24.7
1245;PT08.S3(NOx);1029.0
1834;PT08.S5(O3);-200.0
2679;PT08.S4(NO2);2039.0
42;C6H6(GT);11.6
2662;PT08.S4(NO2);1912.0
744;CO(GT);1.7
1063;PT08.S1(CO);1402.0
458;PT08.S2(NMHC);907.0
2791;NO2(GT);93.0
2383;NO2(GT);105.0
924;NMHC(GT);-200.0
1206;CO(GT);2.8
2392;NMHC(GT);-200.0
1063;PT08.S5(O3);1456.0
1089;NOx(GT);63.0
1787;T;16.3
2992;RH;42.4
1378;C6H6(GT);2.4
2525;PT08.S3(NOx);685.0
1870;RH;18.6
2142;NOx(GT);103.0
1404;RH;85.2
1119;CO(GT);2.1
2102;AH;1.381
2740;C6H6(GT);10.7
1052;AH;0.8573
1728;NMHC(GT);-200.0
771;NMHC(GT);65.0
2400;T;35.6
1304;C6H6(GT);3.7
1291;RH;25.2
2493;PT08.S3(NOx);776.0
2498;PT08.S1(CO);1204.0
2629;PT08.S2(NMHC);763.0
2157;C6H6(GT);16.5
2618;PT08.S4(NO2);1685.0
54;PT08.S2(NMHC);1346.0
1130;NMHC(GT);334.0
2460;PT08.S3(NOx);1108.0
1098;PT08.S4(NO2);1193.0
1555;PT08.S3(NOx);905.0
119;PT08.S1(CO);1318.0
824;AH;0.8395
1921;CO(GT);0.8
2571;AH;0.8394
1999;NOx(GT);95.0
1203;NMHC(GT);435.0
1863;CO(GT);-200.0
2959;NO2(GT);82.0
1849;PT08.S2(NMHC);1368.0
732;PT08.S1(CO);970.0
2014;NOx(GT);46.0
1444;PT08.S1(CO);1068.0
1647;CO(GT);6.5
1792;C6H6(GT);6.9
2643;NO2(GT);115.0
2809;PT08.S1(CO);1328.0
905;RH;74.9
2240;AH;0.9349
1720;CO(GT);3.4
291;PT08.S1(CO);1425.0
1816;NOx(GT);149.0
2389;PT08.S5(O3);760.0
1801;PT08.S5(O3);987.0
1916;PT08.S2(NMHC);755.0
1826;NO2(GT);-200.0
1223;CO(GT);4.0
2184;AH;1.1867
1045;C6H6(GT);4.9
2797;NO2(GT);57.0
1163;CO(GT);-200.0
2478;PT08.S3(NOx);915.0
585;T;15.2
786;C6H6(GT);3.9
1236;T;16.7
2114;PT08.S5(O3);694.0
1478;PT08.S1(CO);1469.0
1594;C6H6(GT);4.2
870;RH;64.0
259;NMHC(GT);-200.0
1113;RH;45.3
593;T;21.5
941;PT08.S3(NOx);920.0
2595;AH;1.5098
2701;T;24.4
1123;PT08.S5(O3);646.0
1494;NOx(GT);138.0
2764;NOx(GT);90.0
2817;NO2(GT);60.0
2841;PT08.S4(NO2);1463.0
321;PT08.S2(NMHC);634.0
2612;PT08.S2(NMHC);684.0
1431;AH;0.8881
2477;PT08.S2(NMHC);959.0
1081;PT08.S1(CO);1497.0
801;PT08.S5(O3);360.0
2120;C6H6(GT);3.9
1408;C6H6(GT);7.7
1686;AH;1.1313
71;PT08.S5(O3);1078.0
1381;PT08.S5(O3);689.0
1060;NMHC(GT);145.0
463;AH;0.4023
1451;AH;1.0136
519;NOx(GT);378.0
2574;T;24.3
4;NMHC(GT);80.0
1837;PT08.S5(O3);-200.0
1360;NO2(GT);130.0
1197;PT08.S3(NOx);654.0
2891;PT08.S3(NOx);1144.0
1919;NO2(GT);75.0
273;NMHC(GT);-200.0
2543;CO(GT);1.4
2801;NO2(GT);175.0
2130;PT08.S1(CO);998.0
2501;NOx(GT);104.0
2078;PT08.S1(CO);966.0
1578;PT08.S3(NOx);1015.0
653;PT08.S3(NOx);996.0
2592;PT08.S1(CO);1010.0
2455;NOx(GT);119.0
1060;CO(GT);1.8
1690;NOx(GT);-200.0
2570;AH;0.8211
405;NO2(GT);114.0
2973;PT08.S2(NMHC);873.0
1671;NMHC(GT);-200.0
1577;C6H6(GT);12.7
1591;RH;40.9
2084;CO(GT);1.4
2292;PT08.S2(NMHC);477.0
920;AH;1.0164
1319;PT08.S4(NO2);1565.0
1484;CO(GT);2.3
2580;PT08.S5(O3);610.0
459;CO(GT);1.6
479;T;18.1
2446;T;-200.0
719;PT08.S5(O3);-200.0
2131;PT08.S2(NMHC);1042.0
1058;PT08.S4(NO2);2335.0
1539;C6H6(GT);21.2
2504;NOx(GT);51.0
869;T;14.9
1728;PT08.S3(NOx);815.0
1051;AH;0.8478
930;CO(GT);-200.0
1086;RH;76.9
2282;CO(GT);1.0
1523;CO(GT);-200.0
1006;NOx(GT);-200.0
284;NO2(GT);87.0
585;C6H6(GT);5.4
1710;T;20.2
1487;CO(GT);1.9
1165;NOx(GT);76.0
985;RH;39.5
2274;PT08.S4(NO2);1325.0
2392;CO(GT);3.7
2160;PT08.S1(CO);1220.0
1968;RH;32.2
1929;PT08.S1(CO);869.0
1441;PT08.S3(NOx);972.0
2909;NO2(GT);104.0
1837;NO2(GT);-200.0
1787;RH;41.0
962;CO(GT);-200.0
424;PT08.S1(CO);1163.0
295;NOx(GT);53.0
461;RH;28.5
1938;C6H6(GT);3.8
861;NO2(GT);129.0
2722;C6H6(GT);3.4
1038;AH;0.8856
1000;PT08.S2(NMHC);1296.0
2418;C6H6(GT);9.6
1552;NO2(GT);138.0
1229;PT08.S4(NO2);1927.0
2254;PT08.S5(O3);777.0
934;PT08.S4(NO2);1604.0
1580;C6H6(GT);9.2
1136;CO(GT);0.7
1657;RH;24.7
1623;NOx(GT);180.0
2680;PT08.S5(O3);1812.0
1952;CO(GT);0.3
2725;CO(GT);0.8
1224;NOx(GT);215.0
2482;RH;47.5
377;CO(GT);3.1
1705;RH;24.8
1335;NMHC(GT);-200.0
802;PT08.S3(NOx);1482.0
1892;RH;23.7
849;RH;62.3
617;NOx(GT);236.0
2158;PT08.S5(O3);1008.0
705;PT08.S1(CO);-200.0
1920;CO(GT);0.6
878;PT08.S1(CO);1657.0
2679;PT08.S2(NMHC);1202.0
2711;CO(GT);1.8
2640;AH;1.3542
1642;NO2(GT);-200.0
1543;T;17.3
867;PT08.S1(CO);1746.0
162;NO2(GT);135.0
172;PT08.S5(O3);2050.0
943;PT08.S5(O3);1047.0
848;PT08.S4(NO2);1297.0
2878;NMHC(GT);-200.0
790;PT08.S5(O3);519.0
1977;NOx(GT);18.0
199;NMHC(GT);-200.0
645;C6H6(GT);11.5
1665;NO2(GT);65.0
1484;PT08.S1(CO);1140.0
777;C6H6(GT);2.0
577;PT08.S1(CO);1483.0
1770;PT08.S3(NOx);1105.0
609;CO(GT);-200.0
51;C6H6(GT);32.6
1132;RH;38.8
1161;CO(GT);0.6
1589;T;20.2
2500;PT08.S3(NOx);857.0
880;PT08.S3(NOx);827.0
2639;PT08.S3(NOx);772.0
132;PT08.S3(NOx);1412.0
1934;RH;44.2
1047;PT08.S1(CO);1662.0
716;CO(GT);4.3
1675;CO(GT);2.0
159;RH;60.2
1248;PT08.S2(NMHC);910.0
809;NOx(GT);133.0
1864;NOx(GT);-200.0
1630;RH;18.6
1053;PT08.S3(NOx);729.0
467;PT08.S5(O3);693.0
1428;PT08.S2(NMHC);902.0
2924;T;33.3
1429;RH;73.8
257;RH;59.0
2362;RH;57.1
874;PT08.S1(CO);974.0
1949;PT08.S4(NO2);1515.0
149;RH;45.9
1263;PT08.S5(O3);940.0
925;PT08.S2(NMHC);609.0
1137;AH;0.7651
455;PT08.S1(CO);1012.0
297;AH;0.8444
2876;T;41.8
2722;NO2(GT);-200.0
2525;RH;37.8
2187;RH;32.2
228;AH;0.856
2749;T;20.5
2333;CO(GT);2.0
2526;RH;47.1
2635;NO2(GT);118.0
1585;PT08.S4(NO2);1564.0
275;C6H6(GT);0.8
1085;PT08.S4(NO2);1404.0
2035;PT08.S4(NO2);1720.0
1411;NO2(GT);-200.0
1697;NO2(GT);117.0
2237;T;25.3
472;PT08.S4(NO2);1852.0
2897;AH;1.0592
920;CO(GT);-200.0
326;PT08.S5(O3);800.0
2371;PT08.S1(CO);1037.0
927;PT08.S4(NO2);1459.0
234;NMHC(GT);-200.0
2494;RH;25.6
957;T;12.1
1922;PT08.S4(NO2);1437.0
1563;PT08.S2(NMHC);1183.0
149;PT08.S3(NOx);818.0
644;PT08.S4(NO2);1704.0
534;PT08.S1(CO);1203.0
2930;CO(GT);0.9
2024;NOx(GT);63.0
839;PT08.S5(O3);883.0
2482;PT08.S3(NOx);1338.0
804;PT08.S3(NOx);1251.0
723;PT08.S5(O3);-200.0
105;PT08.S5(O3);1149.0
566;PT08.S5(O3);1136.0
156;C6H6(GT);1.6
2211;PT08.S4(NO2);2146.0
1928;PT08.S3(NOx);1030.0
378;RH;35.3
2457;RH;-200.0
2368;PT08.S2(NMHC);1353.0
510;NO2(GT);79.0
2318;AH;1.2049
2255;T;36.4
2946;AH;1.1116
14;PT08.S1(CO);1144.0
780;PT08.S5(O3);263.0
1179;PT08.S4(NO2);2117.0
1584;CO(GT);1.7
1844;PT08.S5(O3);1060.0
1790;PT08.S4(NO2);1394.0
729;NOx(GT);101.0
2786;PT08.S1(CO);971.0
664;NO2(GT);116.0
1385;NOx(GT);174.0
1711;PT08.S5(O3);1102.0
616;T;15.3
1986;PT08.S1(CO);1173.0
414;PT08.S2(NMHC);924.0
1950;T;21.4
1898;T;22.1
1512;RH;56.3
2810;PT08.S1(CO);1200.0
466;CO(GT);0.8
356;PT08.S1(CO);1106.0
1376;NOx(GT);106.0
8;PT08.S1(CO);1136.0
664;NOx(GT);152.0
1182;PT08.S3(NOx);788.0
2918;C6H6(GT);5.9
1585;CO(GT);2.3
2808;NMHC(GT);-200.0
1650;RH;22.8
1619;PT08.S1(CO);805.0
1478;T;12.7
825;RH;63.2
939;PT08.S5(O3);1047.0
1405;PT08.S3(NOx);1243.0
1735;PT08.S5(O3);1427.0
229;PT08.S5(O3);571.0
947;NO2(GT);-200.0
1943;PT08.S1(CO);912.0
2719;NMHC(GT);-200.0
95;PT08.S3(NOx);974.0
1392;T;12.9
1254;PT08.S2(NMHC);1094.0
2414;PT08.S5(O3);799.0
366;PT08.S4(NO2);1324.0
1717;NO2(GT);62.0
2451;PT08.S2(NMHC);-200.0
1677;NO2(GT);118.0
714;NO2(GT);121.0
40;PT08.S3(NOx);767.0
1020;NO2(GT);-200.0
1176;PT08.S3(NOx);680.0
1277;PT08.S2(NMHC);985.0
582;PT08.S1(CO);1316.0
1707;NO2(GT);179.0
1517;NO2(GT);91.0
12;PT08.S5(O3);422.0
1417;PT08.S4(NO2);1502.0
2783;AH;1.0613
530;C6H6(GT);25.0
1178;PT08.S5(O3);1716.0
2362;NOx(GT);-200.0
2156;RH;20.8
2451;NOx(GT);75.0
2698;C6H6(GT);2.8
1559;CO(GT);2.3
2983;PT08.S3(NOx);837.0
228;T;13.6
616;NOx(GT);-200.0
478;PT08.S2(NMHC);897.0
2231;PT08.S3(NOx);877.0
1867;AH;0.856
21;NOx(GT);207.0
1607;PT08.S1(CO);1217.0
657;NOx(GT);21.0
1187;PT08.S2(NMHC);617.0
1212;CO(GT);0.8
550;T;26.1
1349;NMHC(GT);-200.0
1628;C6H6(GT);9.1
1427;T;12.3
2765;C6H6(GT);11.6
1129;C6H6(GT);13.9
946;PT08.S1(CO);850.0
2355;RH;35.0
953;NMHC(GT);-200.0
241;PT08.S4(NO2);1774.0
50;CO(GT);3.7
1043;PT08.S2(NMHC);608.0
1983;PT08.S3(NOx);671.0
805;PT08.S4(NO2);1531.0
763;T;22.7
2711;C6H6(GT);10.9
732;C6H6(GT);4.0
186;NMHC(GT);-200.0
47;C6H6(GT);12.7
1922;PT08.S5(O3);681.0
2306;NMHC(GT);-200.0
993;PT08.S2(NMHC);664.0
2163;PT08.S5(O3);1601.0
346;PT08.S2(NMHC);538.0
1239;PT08.S4(NO2);1615.0
1643;NOx(GT);15.0
50;NMHC(GT);242.0
2467;C6H6(GT);8.8
286;PT08.S4(NO2);1574.0
1057;C6H6(GT);27.1
2699;CO(GT);0.6
560;PT08.S5(O3);1110.0
115;CO(GT);3.1
1726;T;32.8
912;PT08.S5(O3);608.0
2951;NOx(GT);46.0
2383;PT08.S3(NOx);791.0
1635;CO(GT);3.0
59;NO2(GT);83.0
2151;T;21.6
1081;PT08.S5(O3);1248.0
2210;C6H6(GT);25.4
2699;PT08.S4(NO2);1568.0
2168;PT08.S3(NOx);940.0
2337;PT08.S3(NOx);1034.0
124;PT08.S3(NOx);678.0
1181;NO2(GT);96.0
874;PT08.S5(O3);778.0
1128;NO2(GT);101.0
472;C6H6(GT);21.5
2564;PT08.S1(CO);1014.0
2097;NOx(GT);47.0
1366;PT08.S1(CO);1191.0
848;NO2(GT);-200.0
923;NOx(GT);-200.0
2118;PT08.S5(O3);862.0
2754;RH;21.3
2811;PT08.S5(O3);1061.0
1037;AH;0.8559
485;CO(GT);1.2
2074;NOx(GT);-200.0
669;T;14.4
658;PT08.S3(NOx);1749.0
713;PT08.S4(NO2);-200.0
1556;CO(GT);2.5
2146;PT08.S4(NO2);1423.0
2401;PT08.S1(CO);1091.0
1726;NOx(GT);123.0
1122;PT08.S5(O3);605.0
335;NO2(GT);126.0
747;NO2(GT);133.0
2325;PT08.S5(O3);861.0
248;PT08.S5(O3);1054.0
1508;NO2(GT);131.0
11;C6H6(GT);1.3
1637;T;20.9
2620;PT08.S2(NMHC);1075.0
2720;PT08.S2(NMHC);977.0
2206;C6H6(GT);13.8
191;RH;23.1
2162;PT08.S1(CO);1256.0
1903;PT08.S1(CO);1044.0
2061;NMHC(GT);-200.0
1587;PT08.S4(NO2);1725.0
1533;NMHC(GT);-200.0
418;PT08.S2(NMHC);911.0
265;NMHC(GT);-200.0
2201;NMHC(GT);-200.0
2134;AH;1.0999
1991;AH;1.4628
1224;PT08.S2(NMHC);1274.0
836;NMHC(GT);-200.0
1678;PT08.S2(NMHC);1116.0
1416;PT08.S2(NMHC);863.0
741;PT08.S2(NMHC);766.0
2850;C6H6(GT);11.9
569;CO(GT);-200.0
432;PT08.S2(NMHC);714.0
2048;RH;47.6
1999;PT08.S2(NMHC);949.0
2912;C6H6(GT);9.6
95;AH;0.7516
591;AH;1.0181
656;CO(GT);0.7
368;NO2(GT);91.0
1604;C6H6(GT);4.8
439;PT08.S2(NMHC);598.0
2165;CO(GT);1.7
335;PT08.S4(NO2);1730.0
239;PT08.S1(CO);1283.0
2445;RH;-200.0
924;NOx(GT);-200.0
2711;PT08.S2(NMHC);1009.0
838;AH;0.6856
2797;PT08.S4(NO2);1521.0
2691;AH;1.5663
1668;AH;0.9459
2641;PT08.S5(O3);1232.0
2231;CO(GT);1.9
2513;NOx(GT);304.0
2139;AH;1.2898
254;NO2(GT);62.0
2140;PT08.S5(O3);893.0
425;T;16.8
2761;RH;17.0
1637;PT08.S4(NO2);1398.0
915;NO2(GT);-200.0
2067;RH;35.2
197;NO2(GT);121.0
1996;PT08.S5(O3);1275.0
1647;PT08.S2(NMHC);1748.0
1885;AH;0.9247
1958;NOx(GT);167.0
21;PT08.S3(NOx);983.0
1740;PT08.S5(O3);777.0
2918;NO2(GT);74.0
2622;NOx(GT);100.0
1846;PT08.S3(NOx);1200.0
271;T;16.1
2108;PT08.S1(CO);734.0
1180;PT08.S3(NOx);764.0
2521;NMHC(GT);-200.0
675;PT08.S3(NOx);876.0
1647;PT08.S5(O3);2054.0
1889;C6H6(GT);9.6
2559;AH;1.3416
2719;C6H6(GT);13.3
22;PT08.S2(NMHC);933.0
708;PT08.S3(NOx);-200.0
1715;PT08.S5(O3);670.0
514;PT08.S4(NO2);1422.0
300;PT08.S5(O3);361.0
903;RH;80.8
1363;PT08.S5(O3);524.0
601;CO(GT);-200.0
1287;PT08.S5(O3);1687.0
590;RH;64.8
1550;C6H6(GT);22.8
2188;AH;1.3549
2042;T;25.3
2077;PT08.S4(NO2);1702.0
1766;NO2(GT);79.0
968;NMHC(GT);-200.0
2845;CO(GT);1.3
2491;AH;1.1647
2147;PT08.S5(O3);514.0
2173;PT08.S4(NO2);1675.0
1311;T;16.1
1076;PT08.S1(CO);1200.0
2331;T;26.8
1399;PT08.S4(NO2);1516.0
764;PT08.S3(NOx);1209.0
20;NOx(GT);146.0
347;C6H6(GT);0.9
1019;AH;0.9498
2398;PT08.S1(CO);1078.0
2621;T;29.0
1795;PT08.S3(NOx);1139.0
1252;NOx(GT);109.0
948;PT08.S5(O3);671.0
1262;NMHC(GT);-200.0
131;C6H6(GT);2.6
2652;RH;45.1
719;AH;-200.0
279;NOx(GT);226.0
1141;PT08.S5(O3);1126.0
165;C6H6(GT);13.7
2359;C6H6(GT);13.5
2601;NO2(GT);53.0
251;NO2(GT);87.0
1092;NO2(GT);20.0
179;PT08.S2(NMHC);645.0
2650;CO(GT);0.3
2808;PT08.S2(NMHC);1269.0
1202;AH;1.1924
2283;NOx(GT);75.0
1580;AH;0.7288
537;NOx(GT);58.0
578;NMHC(GT);-200.0
2243;PT08.S3(NOx);1047.0
2240;PT08.S5(O3);849.0
2601;CO(GT);1.0
686;PT08.S3(NOx);820.0
2272;AH;0.9882
1044;NO2(GT);59.0
2941;PT08.S5(O3);552.0
1199;PT08.S4(NO2);2069.0
692;CO(GT);2.6
2262;T;24.9
1048;PT08.S1(CO);1553.0
2406;RH;47.7
2121;PT08.S4(NO2);1386.0
1623;AH;0.6611
1525;AH;0.991
1723;PT08.S3(NOx);788.0
110;PT08.S2(NMHC);966.0
2248;PT08.S5(O3);1191.0
61;C6H6(GT);2.9
960;PT08.S2(NMHC);1042.0
2229;PT08.S4(NO2);1689.0
653;PT08.S1(CO);1027.0
2393;C6H6(GT);14.9
737;PT08.S5(O3);931.0
579;RH;47.5
2476;PT08.S2(NMHC);1027.0
1629;C6H6(GT);8.5
1066;NO2(GT);-200.0
1717;RH;54.7
2036;T;26.8
1692;NO2(GT);35.0
2300;CO(GT);1.3
2265;PT08.S1(CO);880.0
2900;NOx(GT);145.0
2450;PT08.S5(O3);-200.0
2173;PT08.S3(NOx);899.0
1708;PT08.S4(NO2);1680.0
317;PT08.S4(NO2);1375.0
590;PT08.S5(O3);813.0
2273;CO(GT);0.6
1759;PT08.S3(NOx);608.0
2821;NO2(GT);97.0
2824;PT08.S5(O3);1608.0
2621;AH;1.3277
355;PT08.S5(O3);733.0
262;C6H6(GT);8.4
1540;CO(GT);3.3
2650;NMHC(GT);-200.0
2444;PT08.S5(O3);-200.0
634;RH;61.4
641;NO2(GT);107.0
1557;PT08.S2(NMHC);1068.0
623;RH;38.3
1199;C6H6(GT);21.2
2514;PT08.S3(NOx);746.0
1596;AH;0.7706
1155;PT08.S5(O3);1359.0
2049;PT08.S1(CO);853.0
2611;NO2(GT);74.0
1398;C6H6(GT);7.3
905;AH;1.2348
2262;PT08.S2(NMHC);1091.0
1269;NOx(GT);70.0
2805;NMHC(GT);-200.0
241;NMHC(GT);-200.0
2341;NO2(GT);61.0
1426;AH;0.964
2453;PT08.S1(CO);-200.0
1167;RH;54.8
1089;RH;58.7
2402;NOx(GT);218.0
592;CO(GT);-200.0
1502;NOx(GT);279.0
1499;AH;1.0961
1269;RH;31.7
1540;PT08.S2(NMHC);1176.0
144;C6H6(GT);15.8
1348;PT08.S3(NOx);918.0
2592;NO2(GT);73.0
863;PT08.S2(NMHC);1116.0
1066;RH;53.6
822;T;11.6
1905;PT08.S2(NMHC);767.0
2686;AH;1.5018
630;C6H6(GT);7.3
2388;NOx(GT);27.0
448;T;11.8
1593;NOx(GT);41.0
1014;NO2(GT);-200.0
1659;PT08.S1(CO);1232.0
134;C6H6(GT);5.1
1808;PT08.S3(NOx);1200.0
727;T;12.0
302;T;9.8
1044;PT08.S1(CO);852.0
59;PT08.S4(NO2);1412.0
1986;CO(GT);1.6
1723;AH;0.9714
905;NOx(GT);-200.0
747;NOx(GT);172.0
695;PT08.S3(NOx);888.0
1418;NMHC(GT);-200.0
2973;NOx(GT);122.0
801;T;10.5
1598;C6H6(GT);4.2
2664;NO2(GT);198.0
2191;RH;43.3
1021;PT08.S4(NO2);1474.0
1464;PT08.S1(CO);1137.0
1209;T;15.7
1054;PT08.S5(O3);1489.0
351;PT08.S2(NMHC);1035.0
130;RH;62.1
1879;NMHC(GT);-200.0
458;PT08.S4(NO2);1404.0
1103;T;20.2
1267;RH;34.0
2891;RH;42.2
112;NOx(GT);478.0
1340;NO2(GT);114.0
1274;PT08.S1(CO);1394.0
2486;PT08.S1(CO);1181.0
477;PT08.S4(NO2);1448.0
28;RH;64.0
279;C6H6(GT);17.7
1114;CO(GT);0.3
2076;NO2(GT);71.0
316;RH;54.2
555;PT08.S2(NMHC);1439.0
176;T;14.3
170;PT08.S1(CO);1973.0
2251;PT08.S2(NMHC);979.0
1033;C6H6(GT);28.3
1214;C6H6(GT);18.3
1385;T;18.6
2647;PT08.S1(CO);1050.0
2973;PT08.S4(NO2);1550.0
1855;NMHC(GT);-200.0
1262;NO2(GT);46.0
1341;PT08.S4(NO2);2049.0
879;PT08.S3(NOx);636.0
2715;RH;30.4
2169;PT08.S4(NO2);1609.0
392;T;8.6
2322;CO(GT);2.7
73;NMHC(GT);191.0
1128;NOx(GT);119.0
2992;NO2(GT);135.0
1710;PT08.S4(NO2);1693.0
2309;NMHC(GT);-200.0
119;CO(GT);2.3
321;T;11.3
1029;PT08.S3(NOx);908.0
1003;RH;26.7
95;T;22.2
402;NMHC(GT);156.0
294;CO(GT);1.1
2378;CO(GT);3.3
2929;PT08.S1(CO);859.0
990;NOx(GT);-200.0
2043;NMHC(GT);-200.0
781;AH;0.6871
1759;C6H6(GT);20.5
1010;T;23.8
2086;NOx(GT);80.0
1814;RH;31.0
1576;T;20.3
2442;T;-200.0
54;NOx(GT);300.0
1246;CO(GT);1.8
67;NMHC(GT);210.0
395;PT08.S4(NO2);1296.0
1127;CO(GT);1.5
2919;NOx(GT);91.0
214;CO(GT);3.5
1554;NO2(GT);101.0
638;PT08.S3(NOx);594.0
732;NO2(GT);55.0
1474;PT08.S2(NMHC);555.0
1533;PT08.S3(NOx);891.0
449;PT08.S5(O3);637.0
2195;PT08.S5(O3);647.0
863;T;19.6
144;PT08.S3(NOx);898.0
2185;PT08.S2(NMHC);1493.0
506;PT08.S1(CO);1254.0
2276;NOx(GT);47.0
1897;PT08.S5(O3);1102.0
2565;NOx(GT);88.0
2630;AH;1.3634
2694;PT08.S2(NMHC);1122.0
792;NO2(GT);77.0
2292;PT08.S5(O3);380.0
410;T;14.7
1576;PT08.S5(O3);1486.0
6;T;11.2
118;RH;28.9
23;RH;71.2
2905;RH;17.1
168;C6H6(GT);12.3
1938;PT08.S4(NO2);1294.0
293;NOx(GT);128.0
832;NMHC(GT);655.0
1611;CO(GT);2.4
2809;PT08.S4(NO2);2072.0
2898;NMHC(GT);-200.0
447;PT08.S3(NOx);714.0
2555;AH;1.2917
1951;C6H6(GT);4.3
2478;NMHC(GT);-200.0
738;PT08.S1(CO);1063.0
540;PT08.S1(CO);968.0
628;NOx(GT);109.0
691;PT08.S4(NO2);1541.0
1113;NOx(GT);17.0
1234;C6H6(GT);6.3
1350;T;12.0
2706;PT08.S4(NO2);1805.0
1752;NMHC(GT);-200.0
2052;NMHC(GT);-200.0
1319;AH;1.2701
1498;PT08.S5(O3);838.0
2613;PT08.S1(CO);841.0
1736;PT08.S3(NOx);674.0
2022;CO(GT);-200.0
640;NOx(GT);256.0
1637;NOx(GT);69.0
202;C6H6(GT);2.5
2487;C6H6(GT);30.2
1060;PT08.S3(NOx);816.0
2523;C6H6(GT);21.8
2423;PT08.S1(CO);-200.0
2330;PT08.S3(NOx);673.0
2511;AH;1.2673
728;AH;0.9503
982;PT08.S2(NMHC);894.0
190;PT08.S5(O3);1109.0
1008;NOx(GT);-200.0
1147;PT08.S3(NOx);829.0
312;PT08.S5(O3);1013.0
185;C6H6(GT);21.3
2214;NOx(GT);202.0
343;NOx(GT);80.0
910;PT08.S2(NMHC);764.0
1256;PT08.S5(O3);1118.0
148;PT08.S2(NMHC);1426.0
1980;PT08.S4(NO2);1515.0
1470;NO2(GT);86.0
2126;RH;49.4
1154;PT08.S5(O3);1315.0
396;C6H6(GT);1.9
2905;NOx(GT);180.0
2456;NMHC(GT);-200.0
2859;PT08.S3(NOx);597.0
2279;CO(GT);0.8
461;AH;0.4405
41;RH;41.7
34;AH;0.6261
2371;NO2(GT);105.0
128;RH;60.6
247;CO(GT);2.8
1831;PT08.S2(NMHC);-200.0
245;NOx(GT);147.0
1213;NMHC(GT);111.0
2335;PT08.S5(O3);932.0
2550;PT08.S1(CO);1249.0
2996;PT08.S4(NO2);1469.0
1577;PT08.S3(NOx);802.0
29;NOx(GT);94.0
2207;PT08.S1(CO);1157.0
362;NMHC(GT);797.0
401;T;15.5
1370;PT08.S4(NO2);1722.0
196;T;16.0
2732;CO(GT);1.9
1105;RH;27.8
1520;RH;50.5
32;RH;59.7
449;PT08.S3(NOx);1133.0
2464;PT08.S4(NO2);1753.0
2261;PT08.S5(O3);1151.0
1039;PT08.S4(NO2);1593.0
2606;CO(GT);0.6
957;PT08.S3(NOx);892.0
958;AH;0.9974
500;AH;1.0411
193;CO(GT);3.7
267;PT08.S3(NOx);769.0
2772;PT08.S5(O3);767.0
1805;T;17.3
2846;PT08.S1(CO);1425.0
363;PT08.S3(NOx);692.0
2680;NOx(GT);290.0
2176;PT08.S3(NOx);701.0
1908;C6H6(GT);1.5
416;PT08.S1(CO);1274.0
249;T;15.6
2561;C6H6(GT);8.0
1544;PT08.S1(CO);1141.0
2018;CO(GT);-200.0
2372;C6H6(GT);9.4
98;C6H6(GT);20.6
1572;T;15.7
812;PT08.S2(NMHC);885.0
1788;C6H6(GT);0.7
1512;PT08.S4(NO2);1797.0
1282;CO(GT);0.4
709;RH;-200.0
2685;PT08.S5(O3);1015.0
2110;PT08.S5(O3);512.0
2534;NOx(GT);102.0
46;C6H6(GT);14.2
1643;PT08.S4(NO2);1254.0
654;NOx(GT);66.0
649;PT08.S1(CO);1268.0
1788;T;16.1
1236;RH;67.1
1373;PT08.S2(NMHC);705.0
1466;NMHC(GT);-200.0
1109;PT08.S5(O3);955.0
974;NMHC(GT);-200.0
2472;NOx(GT);132.0
720;AH;-200.0
690;AH;0.7566
1282;PT08.S3(NOx);1284.0
1147;NO2(GT);87.0
1910;NMHC(GT);-200.0
387;C6H6(GT);10.6
1091;PT08.S4(NO2);1121.0
1726;PT08.S1(CO);1308.0
786;PT08.S3(NOx);1105.0
269;NMHC(GT);-200.0
1521;PT08.S2(NMHC);620.0
2963;CO(GT);-200.0
537;NMHC(GT);68.0
2387;PT08.S3(NOx);1259.0
726;PT08.S5(O3);1151.0
1123;PT08.S3(NOx);1038.0
947;CO(GT);-200.0
1669;NOx(GT);46.0
633;T;15.0
1794;PT08.S2(NMHC);788.0
2972;T;27.0
414;PT08.S5(O3);1245.0
2458;RH;-200.0
2926;PT08.S2(NMHC);731.0
2993;PT08.S4(NO2);1656.0
389;NO2(GT);85.0
2153;PT08.S5(O3);1509.0
1272;PT08.S4(NO2);1637.0
1929;NOx(GT);61.0
14;PT08.S5(O3);730.0
766;C6H6(GT);3.1
2044;AH;1.1993
189;PT08.S3(NOx);901.0
557;C6H6(GT);10.1
296;PT08.S5(O3);684.0
336;NMHC(GT);320.0
358;NOx(GT);125.0
108;CO(GT);1.0
359;NOx(GT);138.0
1299;PT08.S1(CO);1324.0
2139;T;27.0
2222;NO2(GT);131.0
448;AH;0.5184
1174;CO(GT);3.5
960;PT08.S4(NO2);1684.0
1758;PT08.S5(O3);1207.0
690;PT08.S1(CO);1223.0
2026;NOx(GT);-200.0
2975;PT08.S1(CO);942.0
914;PT08.S1(CO);1097.0
1428;C6H6(GT);8.1
812;PT08.S1(CO);1009.0
727;NO2(GT);79.0
1088;T;12.4
1383;PT08.S3(NOx);621.0
1821;CO(GT);2.4
904;CO(GT);-200.0
2335;AH;1.4237
82;NMHC(GT);132.0
2686;PT08.S3(NOx);801.0
2203;AH;1.4806
693;PT08.S4(NO2);1551.0
375;PT08.S2(NMHC);1201.0
625;CO(GT);4.1
2898;PT08.S1(CO);1002.0
814;PT08.S2(NMHC);971.0
1551;PT08.S2(NMHC);1530.0
1389;PT08.S2(NMHC);950.0
132;PT08.S1(CO);937.0
2608;T;27.2
53;C6H6(GT);14.3
506;PT08.S3(NOx);819.0
814;NOx(GT);145.0
1763;PT08.S3(NOx);954.0
2866;NMHC(GT);-200.0
1095;PT08.S4(NO2);1180.0
1268;PT08.S1(CO);948.0
2636;PT08.S5(O3);883.0
427;PT08.S5(O3);768.0
2315;AH;1.18
523;PT08.S3(NOx);974.0
2338;PT08.S4(NO2);1489.0
2096;PT08.S3(NOx);1093.0
1210;NO2(GT);-200.0
199;PT08.S5(O3);1040.0
2927;C6H6(GT);4.4
1334;T;15.1
423;T;9.7
1367;NO2(GT);139.0
1631;PT08.S3(NOx);1016.0
116;PT08.S4(NO2);1831.0
1102;PT08.S2(NMHC);675.0
1698;C6H6(GT);12.5
69;T;18.0
2105;PT08.S3(NOx);1270.0
2943;PT08.S5(O3);557.0
872;CO(GT);1.9
2354;PT08.S3(NOx);698.0
1695;NMHC(GT);-200.0
1354;T;12.7
2093;RH;53.5
275;PT08.S4(NO2);1304.0
673;T;14.7
2234;AH;0.8302
2664;NOx(GT);200.0
215;NOx(GT);249.0
1295;NOx(GT);129.0
1466;PT08.S3(NOx);597.0
501;PT08.S5(O3);1054.0
2005;NO2(GT);22.0
218;PT08.S2(NMHC);1344.0
2309;CO(GT);1.1
310;PT08.S3(NOx);924.0
2866;C6H6(GT);4.2
443;RH;46.9
2300;PT08.S1(CO);928.0
1123;NMHC(GT);109.0
1332;RH;77.1
2243;AH;0.9725
2689;NOx(GT);267.0
1965;PT08.S4(NO2);1733.0
1235;PT08.S5(O3);673.0
122;RH;42.5
2323;RH;23.3
1752;PT08.S3(NOx);680.0
1615;NO2(GT);85.0
1128;CO(GT);2.2
2041;CO(GT);-200.0
2962;PT08.S2(NMHC);540.0
930;NOx(GT);-200.0
2161;T;32.5
1400;NO2(GT);80.0
1724;T;31.7
291;AH;0.8178
338;PT08.S2(NMHC);1302.0
1088;NMHC(GT);70.0
1628;PT08.S3(NOx);990.0
2436;T;-200.0
640;C6H6(GT);22.0
2159;C6H6(GT);13.0
1511;PT08.S2(NMHC);1074.0
2117;RH;42.6
678;PT08.S1(CO);1107.0
1548;NMHC(GT);-200.0
336;PT08.S4(NO2);1783.0
1909;PT08.S1(CO);762.0
993;C6H6(GT);3.2
92;PT08.S3(NOx);1084.0
802;NO2(GT);-200.0
1097;NOx(GT);61.0
2195;C6H6(GT);3.3
2798;C6H6(GT);14.3
541;PT08.S5(O3);903.0
2680;NO2(GT);157.0
1031;NO2(GT);-200.0
1777;AH;0.9077
897;PT08.S4(NO2);1565.0
1527;NOx(GT);264.0
2025;AH;1.704
938;AH;1.0621
275;PT08.S1(CO);854.0
2338;NO2(GT);-200.0
2037;AH;1.071
2260;AH;1.4039
2000;RH;66.4
2582;T;19.7
969;NMHC(GT);-200.0
2486;AH;1.1529
2188;T;28.4
1368;PT08.S3(NOx);804.0
2974;NOx(GT);105.0
1210;C6H6(GT);5.0
1712;T;20.1
2055;NO2(GT);-200.0
1943;NMHC(GT);-200.0
2048;PT08.S4(NO2);1533.0
485;PT08.S5(O3);692.0
75;PT08.S3(NOx);754.0
2598;T;27.2
2057;PT08.S3(NOx);1148.0
1490;PT08.S5(O3);1779.0
1907;PT08.S5(O3);621.0
2989;NMHC(GT);-200.0
1184;T;16.8
341;PT08.S1(CO);1047.0
2625;NOx(GT);26.0
975;PT08.S2(NMHC);1549.0
587;NOx(GT);-200.0
1745;T;23.7
660;T;15.3
243;PT08.S3(NOx);733.0
1759;NOx(GT);177.0
929;AH;1.2695
1539;PT08.S2(NMHC);1329.0
1339;RH;61.1
753;NMHC(GT);62.0
350;CO(GT);1.1
1105;NO2(GT);83.0
1521;C6H6(GT);2.5
645;PT08.S5(O3);913.0
2596;NO2(GT);83.0
913;RH;53.2
2159;NO2(GT);-200.0
1676;PT08.S4(NO2);1740.0
2757;PT08.S2(NMHC);817.0
1017;C6H6(GT);3.0
1150;CO(GT);2.7
1774;PT08.S3(NOx);1091.0
2742;CO(GT);1.8
1306;C6H6(GT);1.5
139;PT08.S3(NOx);776.0
517;RH;68.8
1282;PT08.S5(O3);494.0
1506;NMHC(GT);-200.0
2687;PT08.S5(O3);1022.0
1412;PT08.S4(NO2);1671.0
84;T;11.5
2611;CO(GT);1.1
1005;PT08.S4(NO2);1513.0
2725;NMHC(GT);-200.0
581;PT08.S4(NO2);1870.0
2452;PT08.S2(NMHC);-200.0
2751;NMHC(GT);-200.0
1896;PT08.S3(NOx);887.0
1741;T;16.5
2851;PT08.S4(NO2);1640.0
1264;C6H6(GT);6.9
760;CO(GT);1.0
2496;PT08.S2(NMHC);1310.0
1435;C6H6(GT);5.8
1353;PT08.S5(O3);387.0
2759;PT08.S5(O3);636.0
2734;T;38.1
2527;T;23.6
1059;T;21.5
818;C6H6(GT);21.7
1651;NOx(GT);162.0
149;CO(GT);2.6
309;C6H6(GT);12.4
722;PT08.S5(O3);-200.0
1437;PT08.S1(CO);1035.0
2958;PT08.S1(CO);1020.0
1781;NOx(GT);75.0
213;RH;47.1
52;PT08.S1(CO);1598.0
2234;PT08.S5(O3);1132.0
2006;C6H6(GT);3.9
2353;RH;25.4
2841;CO(GT);0.8
1764;NOx(GT);27.0
2177;PT08.S1(CO);1267.0
2408;T;23.3
774;NO2(GT);81.0
2930;NMHC(GT);-200.0
1489;PT08.S3(NOx);573.0
782;AH;0.7706
2233;C6H6(GT);19.1
193;C6H6(GT);21.5
1255;NO2(GT);99.0
2952;T;32.0
51;T;12.9
2924;PT08.S2(NMHC);811.0
1830;PT08.S1(CO);-200.0
2833;NMHC(GT);-200.0
1401;NMHC(GT);-200.0
1416;PT08.S4(NO2);1408.0
1745;PT08.S1(CO);1303.0
35;CO(GT);-200.0
1331;C6H6(GT);2.1
2890;T;27.8
2882;T;34.9
37;C6H6(GT);1.8
609;NOx(GT);-200.0
735;PT08.S3(NOx);837.0
969;AH;0.9489
1638;PT08.S5(O3);851.0
1118;PT08.S4(NO2);1464.0
2909;PT08.S5(O3);861.0
2539;PT08.S5(O3);549.0
2287;PT08.S4(NO2);1311.0
1476;PT08.S1(CO);866.0
2416;PT08.S1(CO);1092.0
2597;PT08.S3(NOx);827.0
335;NMHC(GT);230.0
1125;PT08.S1(CO);942.0
2708;RH;26.9
1754;CO(GT);2.7
245;PT08.S1(CO);1323.0
1463;NMHC(GT);-200.0
2966;NO2(GT);108.0
220;NOx(GT);249.0
2565;AH;1.1586
617;C6H6(GT);14.3
2766;PT08.S2(NMHC);985.0
2008;PT08.S4(NO2);1777.0
1784;NMHC(GT);-200.0
677;PT08.S2(NMHC);727.0
1378;PT08.S2(NMHC);616.0
1201;T;20.2
380;T;19.1
1475;CO(GT);-200.0
1146;RH;25.3
844;CO(GT);-200.0
1524;RH;53.7
2477;NOx(GT);92.0
418;NO2(GT);-200.0
1876;NO2(GT);-200.0
1761;PT08.S3(NOx);759.0
1260;PT08.S2(NMHC);628.0
1623;PT08.S1(CO);1010.0
107;AH;0.9351
505;NO2(GT);103.0
1734;NO2(GT);127.0
1328;NO2(GT);22.0
2582;C6H6(GT);10.4
1886;PT08.S2(NMHC);1274.0
1066;CO(GT);1.1
2987;PT08.S3(NOx);1102.0
880;NMHC(GT);251.0
2233;PT08.S4(NO2);1833.0
2453;AH;-200.0
817;NOx(GT);243.0
2578;AH;0.9461
1994;C6H6(GT);27.9
908;PT08.S4(NO2);1536.0
1676;NMHC(GT);-200.0
624;PT08.S2(NMHC);1190.0
1154;PT08.S2(NMHC);1341.0
2161;NOx(GT);202.0
532;PT08.S5(O3);1223.0
2676;PT08.S5(O3);953.0
255;CO(GT);1.2
598;NO2(GT);-200.0
1457;NMHC(GT);-200.0
2378;RH;33.4
2499;NO2(GT);139.0
777;PT08.S1(CO);856.0
2128;CO(GT);3.1
2137;PT08.S5(O3);1111.0
257;T;16.3
2361;NMHC(GT);-200.0
115;PT08.S5(O3);1522.0
2364;PT08.S4(NO2);1473.0
695;CO(GT);1.9
568;PT08.S5(O3);1460.0
2250;RH;23.6
1109;C6H6(GT);13.0
2943;PT08.S3(NOx);1077.0
1336;PT08.S5(O3);1307.0
1268;PT08.S5(O3);602.0
1636;PT08.S5(O3);712.0
490;RH;36.1
2747;C6H6(GT);2.8
2506;C6H6(GT);2.4
760;RH;47.9
1320;CO(GT);1.6
538;C6H6(GT);3.3
913;PT08.S2(NMHC);788.0
1968;NO2(GT);159.0
323;T;10.2
2966;PT08.S3(NOx);567.0
1090;AH;0.8529
1937;PT08.S4(NO2);1292.0
511;PT08.S5(O3);978.0
2877;PT08.S2(NMHC);1004.0
1196;PT08.S3(NOx);656.0
2824;PT08.S3(NOx);611.0
2129;NO2(GT);122.0
2601;PT08.S1(CO);948.0
2991;RH;48.8
2859;RH;22.6
910;NOx(GT);-200.0
1545;RH;57.0
60;NO2(GT);65.0
2274;NOx(GT);62.0
34;PT08.S2(NMHC);574.0
2048;PT08.S5(O3);724.0
151;T;15.5
469;NO2(GT);98.0
1514;C6H6(GT);14.8
106;NO2(GT);-200.0
1600;PT08.S3(NOx);913.0
976;T;14.5
2853;AH;0.8478
2810;C6H6(GT);19.1
1395;NOx(GT);89.0
1569;NOx(GT);55.0
1230;PT08.S3(NOx);718.0
2084;AH;1.0652
1202;T;20.2
1722;PT08.S5(O3);1132.0
965;C6H6(GT);5.0
2837;NOx(GT);137.0
1785;AH;0.8052
351;T;8.7
2179;AH;1.4478
1304;PT08.S4(NO2);1588.0
1516;CO(GT);1.6
462;AH;0.4583
2234;PT08.S1(CO);1124.0
2222;AH;1.1474
1677;RH;22.6
1109;T;14.8
1053;PT08.S2(NMHC);1312.0
1943;RH;17.0
611;NOx(GT);-200.0
1645;NO2(GT);54.0
1842;AH;0.8193
261;NMHC(GT);-200.0
2503;PT08.S2(NMHC);900.0
1902;CO(GT);2.0
1818;CO(GT);3.2
2148;NO2(GT);40.0
737;CO(GT);1.9
2420;PT08.S1(CO);1060.0
1101;PT08.S5(O3);347.0
1344;PT08.S4(NO2);1682.0
1983;PT08.S5(O3);1299.0
2018;T;26.2
1654;T;32.2
2917;AH;1.3181
1248;CO(GT);1.8
811;NMHC(GT);140.0
1976;PT08.S3(NOx);1235.0
2569;NO2(GT);127.0
2389;CO(GT);0.8
2698;NMHC(GT);-200.0
2998;CO(GT);1.3
2120;AH;1.0462
2459;NOx(GT);15.0
760;PT08.S5(O3);642.0
2768;C6H6(GT);6.4
1433;NOx(GT);-200.0
2688;NMHC(GT);-200.0
25;PT08.S3(NOx);799.0
2663;AH;1.6312
677;C6H6(GT);4.3
770;NO2(GT);93.0
2863;PT08.S2(NMHC);983.0
2414;RH;47.6
1956;NOx(GT);48.0
2630;NMHC(GT);-200.0
2372;NMHC(GT);-200.0
2131;PT08.S1(CO);922.0
565;NMHC(GT);60.0
1997;RH;66.9
1637;NMHC(GT);-200.0
1959;C6H6(GT);22.7
2285;PT08.S3(NOx);1340.0
2738;PT08.S1(CO);1051.0
1037;PT08.S2(NMHC);907.0
383;RH;41.0
55;T;9.5
1876;PT08.S3(NOx);961.0
2420;NOx(GT);72.0
308;C6H6(GT);16.9
1312;NOx(GT);192.0
1506;T;20.9
2061;PT08.S2(NMHC);905.0
2090;CO(GT);2.4
455;C6H6(GT);5.8
2211;NMHC(GT);-200.0
170;NOx(GT);411.0
1525;RH;55.3
719;PT08.S2(NMHC);-200.0
1186;PT08.S5(O3);743.0
1366;PT08.S2(NMHC);1074.0
1084;AH;1.2953
2263;NOx(GT);126.0
421;NOx(GT);77.0
24;PT08.S2(NMHC);1020.0
2583;PT08.S5(O3);1228.0
1814;PT08.S1(CO);1002.0
538;PT08.S2(NMHC);673.0
2373;T;31.3
674;PT08.S3(NOx);774.0
597;T;25.8
2386;PT08.S3(NOx);1214.0
2726;PT08.S3(NOx);620.0
2964;T;20.0
217;PT08.S5(O3);1372.0
2321;NOx(GT);177.0
2076;PT08.S1(CO);858.0
1992;PT08.S2(NMHC);1351.0
2128;C6H6(GT);15.1
2374;PT08.S5(O3);778.0
2875;CO(GT);1.4
2244;NMHC(GT);-200.0
96;AH;0.7696
1555;PT08.S4(NO2);1523.0
2253;NO2(GT);68.0
2554;NO2(GT);-200.0
2222;PT08.S1(CO);1339.0
962;C6H6(GT);7.9
2427;T;-200.0
1276;NOx(GT);152.0
1832;C6H6(GT);-200.0
1319;RH;55.2
1938;RH;22.8
2204;NOx(GT);137.0
1820;PT08.S3(NOx);874.0
2425;AH;-200.0
2188;PT08.S1(CO);1151.0
2614;PT08.S4(NO2);1294.0
661;AH;0.9443
503;PT08.S3(NOx);850.0
128;T;14.8
2275;CO(GT);0.7
1863;NMHC(GT);-200.0
1676;PT08.S2(NMHC);1154.0
2851;NMHC(GT);-200.0
1219;PT08.S2(NMHC);1145.0
2788;NO2(GT);108.0
2602;PT08.S5(O3);995.0
2674;NOx(GT);-200.0
2887;PT08.S3(NOx);575.0
1650;CO(GT);1.9
1145;T;22.8
2968;PT08.S2(NMHC);922.0
1228;PT08.S5(O3);1495.0
852;NOx(GT);-200.0
1334;PT08.S2(NMHC);1271.0
1287;C6H6(GT);26.5
1742;PT08.S1(CO);1153.0
945;NMHC(GT);-200.0
240;NMHC(GT);-200.0
1706;NO2(GT);172.0
817;T;15.3
2507;PT08.S2(NMHC);591.0
358;NO2(GT);92.0
1871;T;31.3
1383;NOx(GT);196.0
1434;PT08.S1(CO);1025.0
2799;RH;37.9
216;AH;0.9142
603;PT08.S3(NOx);830.0
864;NMHC(GT);778.0
2516;NO2(GT);101.0
907;NO2(GT);-200.0
2304;NO2(GT);92.0
1642;PT08.S5(O3);469.0
1186;NO2(GT);-200.0
2090;PT08.S2(NMHC);1183.0
1843;PT08.S4(NO2);1416.0
182;PT08.S4(NO2);1551.0
654;PT08.S1(CO);1012.0
235;PT08.S3(NOx);782.0
562;RH;57.6
1514;PT08.S3(NOx);740.0
2462;PT08.S2(NMHC);1220.0
3000;PT08.S5(O3);982.0
160;PT08.S4(NO2);2535.0
288;PT08.S1(CO);1152.0
1565;PT08.S2(NMHC);1065.0
243;NMHC(GT);-200.0
1849;PT08.S4(NO2);1707.0
2826;NOx(GT);178.0
640;RH;46.3
2044;NOx(GT);-200.0
2676;PT08.S4(NO2);1656.0
242;PT08.S2(NMHC);1199.0
1182;PT08.S2(NMHC);960.0
1195;NMHC(GT);190.0
1203;PT08.S3(NOx);608.0
2564;PT08.S2(NMHC);970.0
2591;NO2(GT);73.0
471;NOx(GT);244.0
2832;PT08.S2(NMHC);1364.0
643;AH;0.8939
2106;AH;1.0058
1277;AH;0.9485
1584;T;26.0
2448;PT08.S3(NOx);-200.0
2597;NO2(GT);88.0
1141;NO2(GT);76.0
1158;CO(GT);2.0
2842;PT08.S3(NOx);1046.0
1414;PT08.S5(O3);647.0
908;PT08.S5(O3);740.0
1741;PT08.S3(NOx);959.0
1500;PT08.S3(NOx);996.0
132;NMHC(GT);17.0
1505;T;19.7
126;NOx(GT);89.0
2969;PT08.S3(NOx);907.0
1419;T;15.1
209;NO2(GT);149.0
2873;NO2(GT);162.0
1225;CO(GT);4.2
2428;NOx(GT);56.0
2553;CO(GT);0.9
755;T;7.8
1644;PT08.S4(NO2);1361.0
913;AH;1.0179
1815;NO2(GT);100.0
2824;NMHC(GT);-200.0
1256;T;17.1
1665;CO(GT);0.5
1471;PT08.S1(CO);959.0
729;NO2(GT);75.0
1780;CO(GT);1.0
2266;PT08.S3(NOx);1050.0
2352;NOx(GT);114.0
249;PT08.S5(O3);903.0
499;AH;1.0442
1126;PT08.S3(NOx);1060.0
1922;PT08.S2(NMHC);856.0
102;CO(GT);2.2
2916;T;21.7
1757;NMHC(GT);-200.0
1589;CO(GT);1.6
1739;PT08.S1(CO);951.0
1074;PT08.S2(NMHC);1130.0
2379;PT08.S3(NOx);754.0
1625;PT08.S1(CO);988.0
2125;PT08.S4(NO2);1705.0
342;CO(GT);1.3
1115;T;14.1
2880;PT08.S1(CO);1308.0
619;RH;54.3
2338;CO(GT);0.6
2095;NOx(GT);39.0
258;CO(GT);1.8
2383;C6H6(GT);10.6
2992;NMHC(GT);-200.0
2746;NMHC(GT);-200.0
2518;PT08.S4(NO2);1854.0
1125;PT08.S5(O3);571.0
1454;AH;1.0351
1465;RH;37.8
2127;AH;1.1321
