0.0;27.0;11.244320974409158;-0.573414643061519;-0.1755928279431666;1.0;1.0;0.1812618893301983;2.480626636322514e-06;10.765141789822792;45.6329073335203;26.549391576185123;0.9971674689754174;0.3286410983425498;298.21832698185386;20.38302099473008;72.2758223523451
0.0;27.0;11.433007971973998;-0.5736603968469784;-0.1726386535711355;1.0;1.0;0.1558958022965017;1.1492525659089082e-06;10.933038383537696;46.72817416947424;26.751040949656748;1.2360546660314176;0.3391900068633464;287.53448826342265;19.97304156768949;73.5080718358716
0.0;27.0;10.0;-0.5743809766909947;-0.1639642109303789;1.0;0.0;0.1001804512720375;1.2029681104953394e-07;10.633346459954726;46.70972601946294;26.94507002880409;0.165812713038278;0.3383051552672622;257.0777336868583;19.63384549114442;74.15488498001959
0.0;27.0;10.90292062198143;-0.5757717458271696;-0.1471713995148686;0.0;0.0;1.1541613386875758;0.1219073467832178;4.532537879341239;45.17232690928442;26.828827766620105;0.7410913209474886;0.3271143536350246;302.45976515254387;22.39087403131649;74.5710065634756
0.0;27.0;10.918929708188482;-0.5758371528230131;-0.1463800637008247;0.0;0.0;1.108682776839544;0.0992942958758483;4.18405978442669;44.67646238934109;26.829940901670525;0.3556242049700646;0.3257362503213779;303.33351695899404;22.73838876040079;74.54987820068882
0.0;27.0;10.90698055330794;-0.575853503996159;-0.1461822150894672;0.0;0.0;1.0975959490711484;0.0943295810820559;4.101209843120869;44.553249289774975;26.830284209190665;0.2576792247858205;0.3253925807687709;303.5219517083912;22.82490686884061;74.53082004614605
0.0;27.0;11.620388292156225;-0.5762785536288519;-0.1410361219506108;0.0;0.0;0.8451962374457422;0.0248577401176572;2.438253309380689;41.45281444755561;26.84430633064867;-0.4404090811068985;0.3165818004170785;304.7505886897212;24.916712490401032;71.94600327809852
0.0;27.0;12.777090456126974;-0.5772915044730783;-0.1287495386363238;0.0;1.0;1.115533927190803;0.1231200836960157;0.7055913625054269;39.51269609732557;26.86949347713967;0.8582025642854375;0.2965215494899966;326.79059745449035;28.017418068813587;67.02770499349059
0.0;27.0;12.551295904119607;-0.577585420785287;-0.1251786743361586;0.0;0.0;1.7823861847000608;0.4890317287855975;0.4922740655077914;37.5612884910145;26.87227442449629;-0.1767709523864848;0.290939361329051;351.33157891693963;28.48313354783871;66.96140701159023
0.0;27.0;14.043906138405204;-0.5783035676740126;-0.1164431590467471;0.0;1.0;1.1453820416837748;0.0511888850371388;3.796806806934765;36.92332359007099;26.87853193327632;1.494283468540415;0.2937159454095819;367.3283486046829;27.93570096521364;63.17496260774026
0.0;27.0;16.579277750345558;-0.5812204971030697;-0.0808196771278709;1.0;0.0;0.9595610314499264;0.2635253631359752;10.279244510689566;33.60976985235848;26.91429401961247;0.3864627428010482;0.2548930214134443;311.6454106086615;24.14374868788563;59.68682916620512
0.0;27.0;15.353307037485362;-0.58274931175868;-0.0620679985990924;1.0;1.0;0.3730618974384492;0.0021224688132787;14.74396736727867;41.57839624943481;26.93304210299541;0.9817199391857184;0.3119653736615643;284.6080479847893;16.5218070698298;68.03358167651864
0.0;27.0;14.711488211333466;-0.5830580774289195;-0.0582748862887751;1.0;0.0;0.3082120344122164;0.0008009212529595;14.900883066600246;42.74023172274536;26.93683544502216;1.070895921994673;0.3242919226235929;275.0600912238709;16.025310107014306;69.65159480257056
0.0;27.0;15.016899187675156;-0.5840163392431506;-0.0464911558271349;1.0;1.0;0.8393154574519168;0.1285509968610278;15.151584748148975;43.94198925630518;26.948614211651;1.6176441819441674;0.3258336302875776;280.80908760817783;15.29483609325278;69.72707206060802
0.0;27.0;14.11593282194392;-0.5846168682921515;-0.0390979519773287;1.0;0.0;0.5786652748960109;0.0192685415777279;14.776790078147958;45.721344233719;26.956005291934023;0.1847116225650295;0.3455740407479938;275.65119500108824;15.350647923098876;72.92935977833915
0.0;27.0;13.474976792126402;-0.5849737878731137;-0.0347009520120703;1.0;0.0;0.4638757854606633;0.0062340195631156;14.467128371088547;46.14461162425851;26.96040159634886;0.069768910218686;0.3458235683587429;269.01991111978134;15.54382187246571;73.60065373695643
0.0;27.0;13.915565098292346;-0.5866757063698346;-0.0137074907170461;1.0;0.0;1.3889660773495005;0.4930468159814876;13.888433064011137;48.25296841824958;26.98139286596857;0.4992817770498123;0.362294890592901;300.72646350318297;16.54435588816479;75.26776785110496
0.0;27.0;13.69338678513534;-0.5871453044045604;-0.0079078375952067;1.0;0.0;1.037796692968768;0.1113967991034394;13.779338083605642;47.3468579400805;26.98719218707877;-0.3876705976735876;0.3525646260600096;309.5730362135234;16.64481351813604;75.86438085813792
0.0;27.0;13.294418302893046;-0.5872262496244144;-0.0069078650754099;1.0;0.0;0.9869343288324236;0.0861967196447585;13.748594014730616;47.19697365232439;26.98819212125708;-0.1787999503549736;0.350710339219094;309.96659806104475;16.656626173158706;75.62107484891594
0.0;29.0;13.04078603658966;-0.5879544922542539;0.0020920784583814;1.0;1.0;1.5142581674175055;0.5489315116155561;13.496450125019551;49.37322375023923;27.394013639588007;1.3509285516094236;0.3667496844603569;322.1308885267705;16.90937610249342;75.79938106319857
0.0;29.0;13.548961670332329;-0.5880192018933116;0.0028920759528909;1.0;1.0;1.4545903537311675;0.447108147032818;13.481825265466448;49.63147267736941;27.552751973842064;1.2252574904628786;0.3694166771611422;324.6177599842347;16.989937475948818;76.32908970760269
0.0;29.0;12.885408514338138;-0.5884720639705091;0.0084919779165137;1.0;0.0;1.8678505407464217;0.3698544324468406;13.459768607618196;49.60912083400628;28.70243982846769;-0.1796629425425958;0.3739132479624931;373.1247886440106;17.784985191775878;79.72058402085476
0.0;29.0;12.572209718509663;-0.5885367434913898;0.0092919462677816;1.0;0.0;1.7942497767173549;0.3012487468181544;13.410052139169396;49.46697257395962;28.83034861386186;-0.3656568528542889;0.3724094426618858;376.0599631826277;17.9179534999938;79.91612017459906
0.0;29.0;13.20945962009123;-0.5917981523828302;0.0496716317104676;1.0;0.0;0.2356091809647608;9.530013531535532e-06;13.128510882256116;55.31465995383218;29.05128210108821;-0.6869127920967362;0.4424885505255289;310.0406527641141;20.406287312028496;86.06032360122819
0.0;29.0;12.96702488256224;-0.5921205395066593;0.0536662860950043;1.0;0.0;0.1927063836726792;3.4163756914184034e-06;13.045268774903237;54.34425942230823;29.057343694059263;-0.0926321503016628;0.4332791227418053;296.08329741903174;20.381360843548062;84.92527607909662
0.0;29.0;13.26716574038212;-0.5924911675744381;0.0582590731694105;1.0;1.0;0.1529345386319528;1.0500465314862734e-06;13.11580919806506;54.95032254440439;29.058729126030173;1.221968189308452;0.435743605651067;280.1188938366907;20.33676915543312;83.57268079204378
0.0;29.0;12.607335235824866;-0.5928616702710766;0.0628506274840023;1.0;1.0;0.1213710343207701;3.227390128831467e-07;13.07043125473633;56.09455545396069;29.05927656969314;1.1831298426190089;0.4491270891827212;264.4351148256583;20.360893166762374;84.33102874183507
0.0;29.0;11.94704646047705;-0.5933125477032618;0.0684385412690492;1.0;1.0;0.0916010605097393;7.675601418437939e-08;12.71675096081435;57.40334153859612;29.062350324905506;0.830595753759312;0.4651730087241564;245.92455913622416;20.5795512722736;86.28700667799932
0.0;29.0;10.469435630029636;-0.5941333105497645;0.078610889084474;1.0;0.0;0.0548650053909786;5.610690133068321e-09;11.712146347441973;57.71180966322188;29.07319662453746;-0.1255171169530934;0.4783223958804917;214.3416905823209;21.4090300288656;88.60860416010937
0.0;29.0;10.280050425213314;-0.5943906774341874;0.0818005783548967;1.0;0.0;0.046715235201311;2.469414357104692e-09;11.298004873432724;56.83907219121666;29.076798831807466;-0.5378813740450553;0.4704097519826042;205.0699883832621;21.73903854203758;87.89713460036111
0.0;29.0;10.033403943294724;-0.594680142424431;0.0853879759195031;1.0;1.0;0.0389845066448716;9.808867408482804e-10;11.004423973468064;56.19588914150644;29.08065878268682;0.1761101221635739;0.4623580211560157;195.01965137799309;22.075543480092488;86.33521428645052
0.0;29.0;10.06601289804493;-0.5962065966533661;0.1043020326534674;0.0;1.0;0.015004983745208;7.505184386931799e-12;10.09442227317925;56.780464375429645;29.09939816498002;1.1175937757400816;0.4715193158157428;148.61708822142617;23.17067310079228;85.41607823428274
0.0;29.0;10.510342531525229;-0.598692504150355;0.1350778974043735;1.0;0.0;0.0031600262619479;2.645575659415186e-15;2.9462789396398747;46.23038621102377;29.13022366174187;-0.5097486685644551;0.4264804087389153;94.17152706929755;29.352811254927733;77.75962981161373
0.0;29.0;10.39042390999218;-0.5988687050305533;0.1372574057180947;1.0;1.0;0.0028292923967842;1.504803679199714e-15;4.40534125788104;46.32750203430603;29.13240367935236;-0.070097583065867;0.4228943362145699;91.14231072378396;29.40690965609785;76.19736035719603
0.0;29.0;11.84814702732572;-0.6008049998113794;0.1611858333059145;1.0;1.0;0.3285613217560412;0.0033675975668514;11.042264364079733;46.1348633423096;29.156350030040045;0.0131270896979215;0.4025365964774253;124.32604688776333;23.41598113591323;75.43386660210389
0.0;29.0;11.557415752503957;-0.6021152000729181;0.1773489867939378;1.0;0.0;0.1441127461399972;5.019446397163829e-05;11.441613552039248;47.98057689292794;29.172526605867496;-0.4171774634862666;0.4170740750304297;113.11660023336596;22.20884578924707;78.50790553087134
0.0;29.0;10.72519385019437;-0.6033121360773968;0.1920907022184683;1.0;1.0;0.972199608224511;0.5987380105756586;10.94130083033789;50.44157106699751;29.187281933282623;-0.4124613106284907;0.4361469531130339;112.89185547972932;22.25228017317474;80.59407427727585
0.0;29.0;10.272627151823327;-0.6035354138670298;0.1948378017265492;1.0;1.0;1.7309792105368145;0.8323496344657951;10.83273417891404;51.29334999605327;29.19003169072843;0.5160420655941417;0.441279446964306;154.45931045838316;22.3909010683293;80.4732726462724
0.0;29.0;10.348406214314403;-0.6042527719117693;0.2036573109618935;1.0;0.0;1.1012238504218197;0.0827690615543911;10.433433927753953;52.75641008454794;29.19885998939753;0.1982279661180425;0.4600518765767111;196.1222968544297;22.96401638363152;82.59726015301246
0.0;29.0;11.21545494596369;-0.6044280516787954;0.20581070929294;1.0;0.0;0.9859678397847336;0.0470790498497736;10.533015732302994;52.2812011595786;29.201015594941467;-0.5875268925562686;0.4552206482399191;200.98652875219616;23.048748933037743;82.85583505730668
0.0;29.0;12.16124152345076;-0.6076098466955381;0.2447793180359917;0.0;1.0;0.8220395104031563;0.0172398416104415;2.1704787660962426;50.85076141683224;29.24002838718924;0.6283578654138661;0.4453283169617811;286.73778159800327;29.17124099370088;81.76705235316732
0.0;29.0;12.23612197593785;-0.607832208857458;0.2474931756463645;0.0;1.0;0.7141433825934028;0.0084074393973271;1.6404123709773055;50.31095677387916;29.242745623231464;0.9687559008396678;0.4387940247068685;285.3976287151565;29.99934054082525;81.03728202875585
0.0;29.0;12.509943750026853;-0.6088957105868728;0.2604536886345377;0.0;1.0;0.3642029459010858;0.000270486316608;0.4295341144392632;45.23202649413133;29.255722819323783;1.4082706830840888;0.4088258068370409;264.43548985074045;32.26526699804671;75.31394880051705
0.0;29.0;10.990064516967465;-0.6093874087019102;0.2664346596991371;1.0;0.0;1.126765399162712;0.4633463841659806;5.298806011146393;46.77763060129308;29.26171179706432;0.7617185596802529;0.4184395255600797;270.858875056986;31.01450706351012;75.12193632468467
0.0;29.0;10.232693689772626;-0.6098630225535865;0.2722129470867152;1.0;0.0;0.8334687864816529;0.0994520951748156;7.767075025872215;45.929072761353865;29.26749800570221;-0.4897213598666838;0.4075846246445023;275.8102046786994;28.506793995222484;75.77382824489074
0.0;29.0;10.167013615621707;-0.6119689306937064;0.2977091361125407;0.0;1.0;1.4886421326012351;0.8596057824974122;4.5951457396853765;45.71360379752157;29.29303135250589;1.465565104128089;0.4018432405594037;302.94710291048136;26.06376847595245;75.95646768522889
0.0;29.0;10.840406855139554;-0.6121903536067367;0.3003810041486752;0.0;1.0;1.293251619408805;0.4192082320270142;3.4729363509651554;45.34475358665166;29.29570732489112;1.2178171546165686;0.3959470044592536;312.717465244603;27.097833021812043;75.61731598433316
0.0;29.0;10.980959849697948;-0.6125540156181462;0.3047653794184146;1.0;0.0;1.026342957508116;0.1288465291203681;5.908630769049573;45.4360674739215;29.30009852255088;0.0596572126361262;0.3935164700585041;317.7823956613425;27.7282013708024;75.37463082738607
0.0;29.0;10.645167423234366;-0.6127595063814247;0.3072406579138953;1.0;0.0;0.9006375220203083;0.0661423456819832;7.066179319691963;45.10162535805557;29.30257770087084;-0.4964115294224427;0.3883575968412339;317.83849615142736;27.39724331463645;75.02682601759786
0.0;29.0;11.79506641846328;-0.6131387651080336;0.3118049338483768;1.0;0.0;0.7076112138421364;0.0193128389831601;8.70643201416243;45.49670124934364;29.307149259275644;0.5991777023729794;0.38552404645416;314.1660662776197;26.30635500901973;73.99642271456014
0.0;29.0;12.3035847790106;-0.6133125448179787;0.313894499097784;1.0;0.0;0.6335513888953096;0.0109851445957418;9.354314050730606;45.21126462534802;29.30924219818281;0.9613871328993449;0.3843210378269461;311.1734889836795;25.736287786086567;73.97050545874876
0.0;29.0;15.48698385161113;-0.615726581004001;0.3427964283410887;0.0;1.0;0.7984160457662829;0.1220908393305116;5.562451868637542;43.85732384740402;29.33819337917056;0.7038732832645115;0.3498775231359406;272.3864042865939;23.61471897012928;74.53946840197196
0.0;29.0;15.921358288759096;-0.6164354954338466;0.3512371184578716;0.0;1.0;0.5079407001570168;0.0121407444387958;2.261523883671853;42.90388668522037;29.346649377462807;1.1740777244513898;0.3336435067168395;264.7514460714973;27.702827861597875;73.45102270660726
0.0;29.0;15.261493942782929;-0.61701800660417;0.3581559587977443;1.0;0.0;1.1202423972041098;0.2653398737340151;5.316392304879767;40.22531861682174;29.35358108296304;-0.5253047943777442;0.3208607353104972;281.0947624217652;28.97594653483028;70.80742839809635
0.0;29.0;14.92222868527852;-0.617631639090292;0.365427551745009;1.0;1.0;0.7569803297797458;0.0358941046276531;10.594782723403704;43.16792769385842;29.36086650766805;1.6167458032567497;0.3402285360995806;283.97287706621;25.62541363120439;70.10858636417841
0.0;29.0;15.305756227880206;-0.6179619009634425;0.369333844279652;1.0;0.0;0.6129480687179786;0.0122241546461493;12.03430597915923;44.09657011343033;29.364780363064344;0.4124915722830471;0.3512376428967028;280.4336186727395;23.79060149789498;72.65528959356872
0.0;29.0;14.188231478701155;-0.6183392096210132;0.3737901969929794;1.0;1.0;0.481579899041717;0.0035693189884954;13.08754343981729;43.66013908961104;29.36924545739538;-0.4712167023133126;0.3437455335520059;273.4722389989365;22.02989253007153;73.89595312697871
0.0;29.0;14.560547045059256;-0.6184649475188694;0.3752737391599943;1.0;1.0;0.4443752967838777;0.0023679591427558;13.308675343674198;44.278500009841;29.37073193671393;0.1176488503112688;0.3459063496136841;270.6216434032029;21.55764710188055;73.74974010173295
0.0;29.0;14.644417770061642;-0.6185906695840117;0.3767563206264418;1.0;0.0;0.4100449474421554;0.0015709524757619;13.48917491899686;44.19082857045405;29.372217466958933;0.7884964905096794;0.3472998938049439;267.55721143051903;21.14391459355276;73.60788231196858
1.0;29.0;16.08055645305944;-0.6190462792970085;0.3821225654394684;1.0;1.0;1.306374142150445;1.0003549339974849;14.656671646538586;44.13541209558373;29.377594498442573;-0.1517115358265133;0.3405504263890072;257.0555589960585;19.777677523271528;73.43942957158376
0.0;29.0;16.125511898803932;-0.6196272720854319;0.3889504667828516;1.0;1.0;0.9006784581086253;0.1499434551958692;15.04345048127041;46.85500585148348;29.38443638319083;1.5174620616568986;0.3643611306972383;273.42866433229824;18.66313346272091;74.63706178843367
0.0;29.0;15.093957240858233;-0.6204432288911547;0.3985103499699985;1.0;1.0;2.2230246425574256;0.8865694593977723;15.350455747933184;47.49534207385733;29.39401633637497;0.7068620463534516;0.3677100569726191;327.2123593290384;17.950948541347476;76.46656392445624
0.0;29.0;15.61668788375668;-0.6205687011669666;0.3999773013873278;1.0;1.0;2.0512841945023883;0.588168293121381;15.35258331301775;48.039178363859065;29.395486418681404;1.5623244338204632;0.372837393292977;339.19138715734425;17.912618203327586;76.39119375333972
0.0;29.0;15.253941460767695;-0.6209920527915563;0.404920680922978;1.0;1.0;2.45911981499298;0.7160445482333057;15.345605353275168;49.79804117279234;29.400440449798165;0.9664525706553164;0.3904188470580073;382.8358889904228;17.874636987987504;78.13280064107465
1.0;29.0;15.002192041409057;-0.6211017810659084;0.4062003762240367;1.0;1.0;3.292060365906404;1.5000406136959177;15.315007514385124;50.23540227070224;29.40172292795872;0.632534615370306;0.3949074224936088;396.9470810257269;17.89697105129244;78.74387961595646
0.0;29.0;15.024030638314924;-0.6216659055654004;0.4127690357306869;1.0;1.0;3.179019225150466;0.7770353178420288;15.254370489390595;52.37014275691459;29.40830603781624;1.239511220430698;0.4174753646537886;497.51581278164326;18.09688819614489;81.18713853299553
0.0;29.0;14.718491857054875;-0.62169723636876;0.413133336990604;1.0;1.0;3.115756742569972;0.701274374352431;15.237384372810146;52.483318006845934;29.40867114866412;1.2471257265852849;0.4187041665869871;501.53465689469874;18.11020908891816;81.3203818178599
0.0;29.0;15.21107411512474;-0.6219635080305264;0.4162272229777635;1.0;0.0;2.6264059383894343;0.2932170764848573;15.236505811053794;52.24066787527155;29.41177194496172;0.4789484252801482;0.4211274432015268;525.6846726921547;18.222022609218;82.36430189249198
0.0;29.0;15.320216810793656;-0.6223079881535184;0.4202239277812221;1.0;0.0;2.1054073407599723;0.0948655602019732;15.297186049529316;52.298557617680096;29.41577766896056;0.0010917313072963;0.4204101190647624;542.1259696064972;18.27912464739901;82.29305249777606
0.0;29.0;15.303154592130497;-0.6226053967611471;0.4236690831322877;1.0;1.0;1.7394214853290082;0.0357978608987446;15.35712001278648;51.7968924957132;29.419230682895734;0.4191582291556187;0.414774388383444;547.2886040940887;18.26843928501481;81.62440457810384
0.0;29.0;15.74995629811554;-0.6228401295266989;0.4263846236633646;1.0;1.0;1.4960039806997731;0.0165848350128671;15.388030511799004;52.65261185089851;29.42195247284956;0.9384945746009724;0.4213790121289114;546.7568757579944;18.26069294603818;81.31554665650032
0.0;29.0;15.148250706759129;-0.6243410909293549;0.4436721734245899;1.0;0.0;1.0698850354177825;0.029156016406919;15.108894481187242;56.06823689905535;29.439280961065634;0.3108839232980438;0.4671762160549446;538.6490384237026;18.808522474056687;86.55268270827291
0.0;29.0;15.437152553836972;-0.6243567138413552;0.4438514023810169;1.0;0.0;1.0591861850636046;0.027698215586573;15.115394535692715;56.01593994351909;29.43946062500976;0.2291793668193185;0.4667374606542502;538.0922987433208;18.813400141337382;86.57010369426929
0.0;29.0;15.507746783612657;-0.6244035810788525;0.4443889826973906;1.0;0.0;1.0277272961810306;0.0237477575885381;15.134228209122856;55.85980988891735;29.43999951134283;-0.0072137029766937;0.4653708192965739;536.3690626401715;18.825586817063368;86.59634320044141
0.0;29.0;15.877042846954554;-0.6244504460685082;0.4449264030338371;1.0;0.0;0.9972027677571578;0.0203607336624728;15.168268927215829;55.70481457878663;29.44053823927608;-0.2162683628323999;0.4639582550341868;534.5690491732661;18.83365715870567;86.58120665392951
0.0;29.0;17.045255054439842;-0.6250438746352257;0.4517197983361914;1.0;0.0;0.6806453312897243;0.0028992817642239;15.802713953981057;54.77949960976749;29.44734833404825;0.7007599591931464;0.4560347864927211;506.4453409840932;18.604571762239413;84.71135543383764
0.0;29.0;17.919656050619864;-0.6256525443387196;0.4586648334701329;1.0;1.0;1.410921872359727;0.7741731406073791;16.715173698749762;56.57677079211111;29.454310770651603;1.2526967118851975;0.4720780354333089;481.02172368628686;18.031478676536324;84.89500449107945
0.0;29.0;18.46669270147172;-0.6257929525350893;0.4602635863931265;1.0;1.0;1.2889014652525228;0.4879221648924475;16.95785545970215;56.98950599255392;29.455913576956103;1.197481937927431;0.4770691047068716;482.1824731215382;17.884924764730872;85.45938778618837
0.0;29.0;18.640233508324023;-0.6267440734302089;0.4710600095137581;1.0;0.0;1.2508621652814875;0.0698490775044031;18.124834263905704;58.76731941266913;29.4667378438148;0.7917548590511517;0.5054072332980262;513.5337653806082;16.970390049585884;88.8689380282068
0.0;29.0;17.47630064440971;-0.6269466507883178;0.4733518777799388;1.0;0.0;2.0111750943921565;0.6661058806858713;18.07983295671872;58.01227085028793;29.46903572929221;-0.1840648303953725;0.4994401429919388;524.5757415018555;16.793393095973673;88.98906854315932
0.0;29.0;18.94128615451465;-0.6272270725447898;0.4765199479616711;1.0;1.0;1.6783532929559335;0.2645867934176498;18.2238011773094;57.89565379150771;29.47221217915661;-0.1137759820722017;0.4952501128402091;530.6614727620297;16.609610711879956;88.02486218944777
0.0;29.0;20.582038804971123;-0.6280055952409606;0.4852876122256354;1.0;0.0;1.8251417932598624;0.360920250566181;19.40488563419288;59.03425444604183;29.48100341290448;0.3135907438598574;0.5152842098855748;544.2790962963911;15.93911001425582;88.80934980963214
0.0;29.0;21.52173132006078;-0.6282079083060951;0.4875592913039363;1.0;0.0;1.6016002935395657;0.1852755533234043;19.78666311274397;58.27047134083453;29.483281290319376;-0.5835048253920976;0.5090115716627267;545.3961291144699;15.657791322610114;89.05152492336059
0.0;29.0;21.42052745426797;-0.6283012692446225;0.4886066478651209;1.0;0.0;1.5078748836423153;0.1361945567790943;19.98768881171565;57.92601960588296;29.484331517407654;-0.642884219415852;0.5058372614431957;544.8838678661352;15.506317198490512;88.86966814760956
0.0;29.0;22.674735044833653;-0.628503520238204;0.4908735046870738;1.0;0.0;2.3131919104482543;1.0199143975083091;20.425159732570503;58.18222750279643;29.48660461481865;0.3026690213980547;0.5058256513420296;546.2559815154849;15.152985874732684;88.08711428963292
0.0;29.0;23.2302748679175;-0.6287834899315884;0.4940067481327823;1.0;0.0;1.9303904821440867;0.4051246022919876;21.30395597577904;57.16743045525339;29.489746546711807;0.780910811442567;0.4998203997365569;560.1781970902224;14.552681650241995;87.29401722293133
0.0;29.0;23.422326839465025;-0.6293898113283853;0.5007734246907415;0.0;1.0;1.3044209248142455;0.0548036171769717;15.101704178777192;55.0197384151444;29.4965322374962;0.82141109018974;0.479745345303883;556.9434112924159;14.844631449611343;85.28198561446428
0.0;29.0;24.33985683897249;-0.6295918333853737;0.5030222333977653;0.0;1.0;1.1446567843642568;0.0281330030128791;11.644193237464153;54.38080533700143;29.498787441676964;1.7471849698861457;0.4732054436911737;551.1386528876783;16.725025455717542;84.6974789413953
0.0;29.0;23.26269098042637;-0.6299802177068384;0.5073372949823645;0.0;0.0;0.890338496059662;0.0078038016963778;7.062560408570296;52.61178524010864;29.50311488267285;0.6337870446442702;0.460878183990211;535.5113243213455;20.95697419525478;84.25258362813783
0.0;29.0;23.34044479931008;-0.630306338828706;0.5109521494143529;0.0;0.0;0.7209318924097115;0.0026576753969483;4.640432837206112;49.66238109496994;29.506740217399926;-0.6619908857398056;0.4507718023132252;519.0268007747395;24.20582226906428;82.4727008154434
0.0;29.0;20.704733490528746;-0.6317492522198369;0.526851575866235;0.0;1.0;0.9453999458281406;0.1221090806063814;0.7223876610901211;45.538914669966346;29.52268694711564;1.047914124401966;0.4086130310326853;468.1244547733629;31.638182060602748;75.92200167127652
0.0;29.0;21.308675319228087;-0.6323691882403779;0.5336343026005979;0.0;0.0;1.5099668873113;0.5290345845644131;0.3245891101837521;42.56278563431185;29.52949046341742;-0.2218937510237319;0.3917152502097574;463.7170135707449;32.572696156300964;74.76209115331842
0.0;29.0;22.420421128636924;-0.6328183888038593;0.5385304483494087;0.0;1.0;1.1282051215637452;0.1195277150673379;0.1817364897428525;40.1036491198825;29.53440184751505;0.3339735247775317;0.3799030003741246;462.01864729948727;32.884004425551126;70.99976607762959
0.0;29.0;22.18014629163667;-0.6333911976755002;0.5447509313189633;0.0;1.0;1.4812876847345058;0.1839994235649252;0.0867087286070763;37.74371486767261;29.540641974087144;0.427807914070406;0.3653479044628862;483.6012135649907;33.03978234108234;67.61434184222857
0.0;30.0;22.054770662566856;-0.6341647126096172;0.5531095331439757;0.0;1.0;2.5532337203053346;0.9062066116493837;0.0318980781299241;37.37172379814379;29.54981636587391;0.8668488364570546;0.3465608137645166;522.7263725348733;33.03523925749694;67.35638096689742
0.0;30.0;20.1812571570154;-0.6346285172205205;0.5580981984681024;0.0;1.0;2.78396619051612;0.7633071592778014;0.0175058690496668;37.16891227682521;30.024553674182663;1.0507465089021146;0.3357555151321283;569.5774712134911;33.10432217841291;68.01730339104509
0.0;30.0;19.96185842335945;-0.6347367054287827;0.5592593360261284;0.0;0.0;2.594838415924705;0.5330458576990612;0.0152188305409487;36.82473245114035;30.176162398783035;1.05526013156356;0.3332831458375674;578.0212179445388;33.162349112077614;68.13780908616108
0.0;30.0;21.790766699433465;-0.6355091164187756;0.5675211627211523;0.0;1.0;1.5698929848760004;0.0410152003420087;0.0055985263817999;32.14842087063985;30.725555322264047;0.1288793925906178;0.316144904143549;591.9625894454211;33.6496320193407;64.24009712164388
0.0;30.0;21.71192316704561;-0.6356635223803859;0.569166744201277;0.0;0.0;1.4197830752039229;0.0245573155150231;0.0045836410515662;31.9058197185498;30.721893574664872;0.8776425680837013;0.3128244954224818;589.1000729284431;33.70011756376555;63.05518847874082
0.0;30.0;20.451325461849567;-0.6358950836461241;0.5716308456176785;0.0;0.0;1.2210962956074345;0.0113771889143762;0.0033955887788732;30.5255155197882;30.68439553457296;0.5938854944348646;0.3079091557491774;582.3915662343794;33.73313282561563;61.94707359147534
0.0;30.0;20.196954347692568;-0.6362654626230634;0.5755626977543881;0.0;1.0;0.9593886672794314;0.0033220142908266;0.002101078139352;30.56126772606556;30.606662919816003;0.7264595701121693;0.3002047525390051;566.8730888257586;33.70343622746383;60.75529265908136
0.0;30.0;22.05296673591345;-0.6365894239766379;0.5789921933486825;1.0;1.0;0.7768437403518085;0.0011313505894362;1.678045991156213;31.15481176123244;30.56347827897605;1.43651119584552;0.2949601988778397;549.7319426556534;33.52455005535851;60.8289032370673
0.0;30.0;23.060430816050165;-0.6368053358301073;0.5812728533566567;1.0;1.0;0.674879746606425;0.0005517313750756;6.845941679600922;32.64259737394517;30.55280073516016;1.0447413955346738;0.3031847667921641;536.9831541122721;32.05111054309006;61.56716232655256
0.0;30.0;23.0258159163989;-0.6372061825182351;0.5854962608051505;1.0;1.0;2.2769449789950054;1.0607801420513605;13.40938310471611;35.27419819337672;30.559531233623407;0.8689561666462476;0.3219277589844502;563.300187814513;27.381203771830915;63.82722894104625
0.0;30.0;23.163045939787136;-0.6380381595847042;0.5942172359453606;0.0;0.0;1.3232839485867625;0.066481386255133;10.772338473205853;34.270477096901445;30.59285523664355;-0.5336563638772966;0.326173739638155;571.8137439014142;21.30298586513536;67.32059589132184
0.0;30.0;22.60832141337705;-0.6382229423461606;0.5961458537678894;0.0;0.0;1.1729388730120904;0.0359238877047573;8.473821701957203;33.09330707379819;30.596298775117376;-0.0703769578690244;0.3220695554513371;566.2019349965655;22.16425843406994;66.17891017104226
0.0;30.0;21.84466954189674;-0.638623178868955;0.600312731087441;0.0;1.0;3.6220177070216497;1.9104328755568176;5.037861154531731;33.08307266846732;30.599876915732924;1.5642325443403096;0.3133486625758127;640.5724211114544;24.818282970715543;63.66259746035291
0.0;30.0;21.48303302286516;-0.6387770700181402;0.6019110601083741;0.0;1.0;3.275687889594872;1.1438467325312636;4.124651810175299;33.116087198685534;30.600585910245268;1.458769628454369;0.3100576231423471;687.7901735316068;25.85942412765223;63.418594093635626
0.0;30.0;21.602181870671284;-0.63900785883172;0.6043040373129138;0.0;1.0;2.81728273664336;0.5299341598286235;3.0556170990012075;33.1640524851552;30.601611516909763;0.8511656458294897;0.3051857588251695;709.7686184130541;27.29994702880963;63.56555280532438
0.0;30.0;20.27708585473133;-0.6394846401113636;0.6092322645877951;0.0;0.0;2.063105641313093;0.1080571923849171;1.6437518912076785;30.27181833677694;30.604832868312723;-0.463934854342026;0.2953584640967416;718.697987933671;29.647633123926088;62.79944486186093
0.0;30.0;21.18963142232735;-0.6395768919716033;0.6101834159123064;0.0;0.0;1.9423730074134973;0.079431965845858;1.4578770479530276;29.736809141423542;30.60566877775665;-0.3256708718308573;0.2934932794716293;717.7247927034475;30.00227326710917;62.23667415522105
0.0;30.0;21.570619668608632;-0.6397306246048861;0.6117667148572371;0.0;0.0;1.756647330885711;0.0475588521082365;1.1936086076799894;28.86231289416468;30.60718349625225;0.0236371120351354;0.2904107763790321;714.6198169128537;30.52783444191182;61.15494673195586
0.0;30.0;21.074268048756984;-0.640099478509043;0.6155566362578422;0.0;0.0;1.3801594089842482;0.0138866628257559;0.7385847994649593;27.810126682784183;30.61120192366085;0.8507706258646245;0.2831442119523943;700.866679023512;31.496297576841524;58.98436589934812
0.0;30.0;21.174160688133025;-0.6402992128016395;0.6176035942631796;0.0;1.0;1.211118896473509;0.0071286084247736;0.569486737284891;27.13542625436014;30.61345542905944;0.1614269276535532;0.2792843659540257;690.4496521742633;31.87748189776861;58.30713487594876
0.0;30.0;18.541190096520097;-0.6408828032734945;0.623563020938218;0.0;1.0;0.8266547678919028;0.0010150834814136;0.2663292644767679;27.78146234722323;30.61981766387656;1.4512951389203033;0.2683008069628333;651.8468854541718;32.58133973506006;57.70770458690012
0.0;30.0;20.32922340864105;-0.6417574947999602;0.6324345224017796;0.0;0.0;0.4661549143264577;5.454403492486081e-05;0.0851767469433619;24.025392881107155;30.62867685390876;0.0730953459635368;0.2526300509628925;581.832952958539;32.96717713886949;56.11471341006248
0.0;30.0;20.726044067560096;-0.64197220377755;0.6346009591306565;0.0;1.0;0.4049701299227919;2.6599761092858225e-05;0.0643751458881113;24.277605277139788;30.63082337598775;0.9804843118662678;0.2489232159607013;563.8044873231727;32.99712109954423;54.778479321018615
0.0;30.0;20.16798326752432;-0.6428918148300542;0.6438291255002524;0.0;0.0;0.8265881636946419;0.0769462007223599;0.0193891180839879;23.420988286554792;30.64006714031457;-0.387481396739514;0.2336430161691974;530.4289527752816;32.9962747075097;55.507422348652725
0.0;30.0;22.410268942713955;-0.6438564100578371;0.6534188970939137;0.0;1.0;0.4388402378465742;0.0030393052080761;0.005499606585372;22.59216148139456;30.64971288729371;1.3909447199946787;0.2186072570003113;473.6383772769289;32.89793663975754;52.14135552003193
0.0;30.0;24.16954595617443;-0.6450951017199756;0.6655959647196187;1.0;1.0;0.1944272816342742;4.768550021261403e-05;18.29049471457565;28.83523204062912;30.66193886392677;1.6863540660550371;0.2409170857849273;392.48555280374615;21.06537792036153;56.68174568063618
0.0;30.0;24.413701876039138;-0.6453548592071144;0.6681295744246137;1.0;0.0;0.1638911536617512;1.993827733399233e-05;20.022658709074843;30.32787838728829;30.664483503360227;0.7153461669972271;0.2530794741495185;375.8915231517822;18.39147335539863;59.20841249058423
0.0;30.0;24.5809330368724;-0.6457061770564297;0.6715451002768186;1.0;0.0;0.1300663605088029;6.128166469208724e-06;21.69889847398077;30.54910988643736;30.6679143114156;-0.6028939703772425;0.2492160097985464;354.02934068526434;15.495920101526332;61.28144837605866
0.0;30.0;25.859395991075026;-0.6460726239224025;0.6750939761091374;1.0;0.0;0.1021902963061178;1.7893573483298374e-06;23.065518281111697;31.72864569196947;30.671479269412924;0.9351474003021224;0.2529611336527884;332.0623197214;13.226297759999118;61.52570597531082
0.0;30.0;26.082341695266965;-0.6482224903155512;0.6956268409030968;0.0;1.0;0.0247726288888309;1.2933778732402658e-09;23.77989771757008;38.08905940804287;30.69210691540375;1.576514588701138;0.2820666172725007;223.3467096696112;7.445018034853212;67.44675616460316
0.0;30.0;22.48019909998014;-0.6493943557073615;0.70660732859327;1.0;1.0;0.0114256806342249;2.4913975562450164e-11;9.526723619904743;38.53412482949117;30.703140331845844;1.1549505527734154;0.2683570398017544;178.38158724965442;21.37462207182652;68.827256593134
1.0;30.0;23.069499309844968;-0.6512479231912308;0.7236608665064844;1.0;1.0;1.0033525543069723;1.0000000000000475;19.25993222488897;39.71609362696081;30.72027938377978;1.743599513451484;0.2778206465875474;126.28597743573542;17.00469755842273;67.75646224735685
0.0;30.0;23.338479038753643;-0.6513996831724121;0.7250397297520736;1.0;1.0;0.9074140650295238;0.5987369392384074;20.04340392044458;40.57407053289654;30.7216653466084;1.4386460661647171;0.2853977795923546;136.55731647259634;16.252362783557576;68.82991865463084
0.0;30.0;24.65522344446104;-0.6518093049547827;0.7287481586531047;1.0;1.0;1.5870987556300633;0.7186903463252828;21.673982653675687;42.78856516097153;30.725393011669283;0.653465018720226;0.30548058851378;170.33380833310676;14.410391355009263;72.05303303708203
0.0;30.0;23.87691423515741;-0.6521580921171709;0.731890433707961;1.0;1.0;1.2595442420210894;0.2208944137107515;22.523540118168963;44.56309773817223;30.728551750182863;1.188570537641268;0.3221432969628832;192.3599561969177;13.141780691882431;74.14631468853742
0.0;30.0;23.649707765279143;-0.6525067412829091;0.7350172219884707;1.0;0.0;0.999592301349058;0.0678934150960921;23.00036307387599;44.864260552070775;30.73169507251424;0.2885878944446935;0.3285442561114159;204.4464077998184;12.231837839958198;75.89820235751485
0.0;30.0;22.33290730174984;-0.6533853302655181;0.7428329560647391;1.0;0.0;1.3052106285279077;0.2294012872374573;23.00005428885672;44.38536616651182;30.73955281249177;0.0149190738574101;0.319505449673628;243.2411085569881;11.058266533704089;75.0686156421471
0.0;30.0;22.311888904195115;-0.6541722832945772;0.7497552173355065;1.0;1.0;1.3789521753411975;0.0928752522050897;22.96855489629112;47.3560006560128;30.74651310968845;1.4347715813850883;0.342890913995765;304.30061104222614;11.157384091944278;76.22355778494124
0.0;30.0;20.826654885091443;-0.6552607422956568;0.7592058548063202;1.0;0.0;2.3577324429636373;0.8784690225924553;21.944845668894736;50.28554672953236;30.756016990313416;0.1547360600912637;0.3791400925108794;366.449571134395;11.898725743107969;81.66656996356356
0.0;30.0;18.940094089867245;-0.6559101462907295;0.7647750254895912;0.0;1.0;1.5304103257171513;0.096792449154342;10.579516391687577;47.10212307640353;30.761618275073563;1.3538781075690831;0.3624984457132814;402.2838582147354;16.969204328520828;78.79927108215753
0.0;30.0;19.65456341180968;-0.6572527198662688;0.7761217614320656;1.0;0.0;0.6256626162977564;0.0010074937246097;14.566603954153187;48.77763912177674;30.773032218684392;0.7822808249677264;0.3752294334958693;385.0706807436615;22.836892616826507;78.74006078502222
0.0;30.0;19.56570783419588;-0.6574637217722714;0.7778843493329544;1.0;0.0;0.5435417781147598;0.000491329481108;15.71448584457333;48.2903494990423;30.774805468226813;-0.3545575464098255;0.370658220377171;377.1787364805136;21.71192395471275;79.43569103897453
0.0;30.0;17.84759618863793;-0.6579307568222131;0.7817654997506464;0.0;0.0;1.3207821700893014;0.6635206167239506;16.448387383342954;48.12571406392543;30.7787103123452;0.8264419945027048;0.3688763678763751;371.1005299731476;19.58452181393661;78.79305614937549
0.0;30.0;16.978816406739647;-0.6583222686350708;0.7849974928612116;0.0;1.0;1.0170592571789254;0.1748510155990631;9.778904733351649;46.61073278670592;30.781962268185094;0.7419709646835219;0.359192666346656;373.7591920721644;20.851699791275884;78.14054756961536
0.0;30.0;17.71757954142812;-0.6586082608542805;0.7873459154911763;0.0;1.0;0.8402624468627568;0.0659806606432637;6.687415683627209;46.05101684663616;30.78432533089644;1.2417057912470435;0.3520602017086904;370.0725343552922;23.08375421925552;77.52214723800867
0.0;30.0;17.758889911460262;-0.6586383597668143;0.7875924570903593;0.0;1.0;0.8235412241701878;0.0595475462305455;6.425198367934498;45.993586338839634;30.784573416097764;1.2487074741515538;0.3513175612843;369.5087919557612;23.332461226104368;77.47095500535077
0.0;30.0;17.89225338035538;-0.6590145072417501;0.7906635818471405;0.0;0.0;1.630567954505293;0.9665178684293436;3.8970797315685206;43.82583265318394;30.787663876558582;0.1323750620435742;0.3421655652662586;364.1612816840689;26.302493392835096;76.73669705791663
0.0;30.0;19.340548787276205;-0.6592852314136926;0.7928625566430315;0.0;0.0;1.3607313970141877;0.383914736385852;2.7189001168058087;41.65318976225821;30.78987681952475;-0.5970920816389685;0.3357241024525483;375.9171733978117;28.104550761238457;74.96238088131967
0.0;30.0;18.570657957002467;-0.6597963661424188;0.7969881171781488;0.0;1.0;0.966872085599166;0.0671177458754448;1.377440613744147;40.41337917915259;30.79402886981028;1.7507784679812055;0.323885904966172;376.73886120081687;30.58098716239685;70.86654198571631
0.0;30.0;20.043475536120685;-0.660562496118255;0.8031073002289533;0.0;1.0;0.579113843154085;0.004906154632164;0.4966974564534822;39.6904918711692;30.80018804366791;0.9674064133482534;0.3069066786395151;358.6313685488809;32.51681344920126;70.81392442441907
0.0;30.0;22.637169292202387;-0.661312936774699;0.8090253901626554;0.0;1.0;0.3503673886715572;0.0003775039468755;0.1827241534685577;37.14874751151987;30.80614563514392;-0.3152570009041782;0.291124779969499;329.5342208790831;33.24279994932558;69.51250714366871
0.0;30.0;22.01663619198664;-0.6621676324108938;0.8156732952655549;0.0;1.0;0.1975739890371403;2.0284625688105965e-05;0.058438374375343;36.76822414164493;30.812838923048496;0.6454197475399743;0.274120934755308;291.4772978129188;33.46048139786962;67.70127437384788
0.0;29.0;21.82269010384765;-0.6628417843088859;0.8208468057526209;1.0;0.0;1.885736850054326;1.2135221115741337;0.4558772378723487;35.61419275999548;30.47775860665892;0.7279851458085431;0.2614013070059107;296.3731321258138;33.36203994325739;67.10776038873712
0.0;29.0;23.127214383611264;-0.6636500578280653;0.8269672174912672;1.0;1.0;1.764898681686132;0.204566212472193;15.289258041936373;36.81623880392642;29.6817391455729;1.0324225744701332;0.2567763891645301;388.9388309223965;24.27822446839913;64.05106360444584
0.0;29.0;22.670154628989813;-0.6638295690766808;0.8283142348700803;1.0;1.0;1.5643794915583276;0.1105394165042878;16.85073867604046;37.92328720852614;29.66253449904092;1.5819887222512654;0.2658680418968203;394.7282599858128;22.00591830380457;64.70802231460722
0.0;29.0;24.547176431313027;-0.664143621748748;0.8306600302013191;1.0;1.0;1.266721670788581;0.0376454834536395;19.06986153248763;39.78421417043104;29.70780922897524;0.9460001162353108;0.281942198431577;399.1689088110067;18.676908921812228;67.28792371136166
0.0;29.0;23.724155944009382;-0.6643529251141447;0.8322157558428267;1.0;0.0;1.100459147441304;0.0183587603570477;20.309385217967296;39.88745524830749;29.75840376415963;0.21670025716959;0.2855081389756814;398.8620417808182;16.81542201946439;68.9937357935539
0.0;29.0;28.732588773055703;-0.666636913379843;0.8487897407123052;0.0;1.0;1.5447484769221589;0.5797638996650377;14.837521173946246;40.35035019082264;29.842012480027467;1.5849725859789805;0.2697833985342817;390.4304071165199;11.350221970648525;70.00675765384914
0.0;29.0;29.19274574072848;-0.6667710714482451;0.8497400801179806;1.0;1.0;1.411154376692477;0.3653958555435277;12.9713946316496;40.31595787825229;29.84351574443069;1.318591966976995;0.2673460069286774;393.9451251613805;13.014845017218605;70.31315401130503
0.0;29.0;28.066449599596083;-0.6671734160157721;0.8525745671205253;1.0;0.0;1.075783257890538;0.0914746928517101;19.78347406789824;40.58485896509409;29.84880255441534;-0.3935662579790231;0.2679450091220093;395.40127167625553;14.18011208938203;70.72687172134825
0.0;29.0;27.672206185049376;-0.6672479029229568;0.8530967463407563;1.0;0.0;1.0230591741029074;0.0707813735923208;20.57588424326132;40.50699506869047;29.84973250480612;-0.5571712898384784;0.2665783488549961;394.6963313177373;13.93495955967145;70.60611529999498
0.0;29.0;27.835728297788325;-0.6672925918645338;0.853409644419863;1.0;0.0;0.992673293572877;0.060686180183716;20.98702882244769;40.4607260381156;29.85026936267185;-0.5808057341647919;0.2657466576470266;394.1546223003353;13.7575511178878;70.50144815474006
0.0;37.0;29.49324134932966;-0.6686916276687644;0.8630575842442924;1.0;1.0;0.3859354124429106;0.0004887746792345;27.08803929695292;45.77155938881439;39.16441969393293;0.8795084411277414;0.309050723963223;348.44260991606245;14.25618441609585;83.22316410496899
0.0;37.0;30.185665464557257;-0.6691079051116154;0.865872627775194;1.0;1.0;0.2912728993855534;0.000116243759554;28.23262255320657;47.71050041670479;38.65887015401228;1.1000757373709444;0.329178529368108;329.3126032292769;14.318646656468076;84.59044832766408
0.0;37.0;28.358117328066044;-0.6698655854807163;0.8709301951207922;1.0;1.0;1.5094803261483545;0.2692919977244292;28.561391664609538;47.20832355962533;37.68615715940942;0.5374992603132711;0.3238013440973494;382.3545279566657;13.146645999506964;84.13984462935196
0.0;37.0;27.77300602446132;-0.6702812705616769;0.873668402395176;1.0;1.0;1.1392339157985936;0.0640448770429871;28.020363437684644;49.0516253727104;37.69164836497823;1.4704597272867537;0.3429727508255747;386.7514824456518;12.927621140513123;84.93642754249431
0.0;37.0;27.409764197635912;-0.6721640584972761;0.8857429161655984;1.0;1.0;0.9936232603116584;0.1353708796423418;28.12505908680785;53.34571018255653;37.887594875118616;1.8020266453647733;0.39525319624273;366.58317459576045;13.318036378504656;89.49347480895524
0.0;37.0;27.5186213923775;-0.6722825142516353;0.8864844639177756;1.0;1.0;0.9168605917127548;0.0898078073563021;27.999326039676983;53.76625621599435;37.88443700448704;1.4143339830463288;0.4003372112209356;365.4064228433874;13.415602399889831;90.04096252336471
0.0;37.0;27.66417961856797;-0.6723861489188666;0.8871314566486698;1.0;1.0;0.8545739863969575;0.0627161413573084;27.96851747363404;54.127543278797205;37.882534066912896;0.9745956681834308;0.4047524190435025;363.91486117941776;13.50561972377327;90.60342829414516
0.0;37.0;27.985711036359927;-0.6724749681444848;0.8876846379696729;1.0;1.0;0.8045644443872156;0.0461021269230486;27.963826794656345;54.43233183092879;37.88152680572607;0.6862280365187213;0.408511296152505;362.3277401488796;13.578228341632617;91.07817457272128
0.0;37.0;28.26007726116616;-0.6730224726722922;0.8910676464891256;1.0;1.0;0.5547062207055284;0.0069102595166865;28.148033877830454;56.21614446139198;37.884442978088;1.2279717492560656;0.4311727629966059;347.57292974099977;13.864777342701917;93.26746900462383
0.0;37.0;28.94817185777501;-0.6731408035823296;0.8917926984457142;0.0;0.0;0.5118522221221894;0.0045844073488795;26.5116888588632;56.08263635068456;37.88611641191412;1.1855961764200302;0.4351570209135332;343.51584558189217;13.991736676777428;93.71382002544637
0.0;36.0;31.92031920289728;-0.6735843909941622;0.8944912953289024;0.0;0.0;0.3786172798234045;0.0009839915267744;14.549924354489043;51.63856615660587;37.888956385237;-0.6444905440325449;0.4242988568593148;326.51109080270663;19.122580059705776;92.93413251791092
1.0;36.0;32.158368944651095;-0.6742788570050422;0.8986543175246889;1.0;1.0;1.905049247484201;1.128600464719295;21.738111545921736;51.54382137164058;37.06488154074207;1.5653818233405534;0.4289064911954292;337.0742944560229;22.72746827779141;86.11351333808066
0.0;36.0;32.07322100408865;-0.6752383068432853;0.9042807694104352;1.0;1.0;0.9912743211105022;0.0402322729042643;29.46422228374189;54.99493793231961;36.78866298453436;1.154184314696684;0.466772855307786;365.9715640524954;15.30644129064711;91.06418202610368
0.0;36.0;29.91218056996765;-0.6759903070867185;0.908588424019307;1.0;0.0;0.5937297086848017;0.0029408876817473;30.55037264891151;53.08173265928865;36.92615175248351;-0.1831477053652856;0.4532655121982529;350.28627861409086;12.112386771891275;90.77265122371271
0.0;36.0;29.297633064385007;-0.6760197829664523;0.9087554283522912;1.0;0.0;0.5819144874819742;0.002654151132777;30.50365218035682;52.98922249865333;36.92802413462515;-0.094769499981202;0.4523095445744503;349.3556570811983;12.050557584081425;90.59619096380348
0.0;36.0;28.9809513646938;-0.6760492577645545;0.9089222872844088;1.0;0.0;0.5703343891810829;0.0023953713973312;30.44372995128897;52.897161038429445;36.9296344589098;-0.0095551193189327;0.4513555362142016;348.40736881511185;11.994586084588828;90.42032608180178
0.0;36.0;26.88856538926394;-0.6766090733557909;0.9120649454616612;1.0;1.0;0.3892843580279904;0.0003410906859228;29.11903519945088;54.76836738649212;36.92727025442834;1.3636276193841508;0.4669373790738332;327.7186594887392;11.853419513509827;89.82328257666698
0.0;36.0;25.53674924500101;-0.6771390644764755;0.914993608891843;0.0;1.0;0.2711027725106353;5.381702059649053e-05;16.126625982394543;53.67443655809786;36.912672722502144;0.891308682806131;0.4616727988345405;305.19158901025526;16.75253427195576;91.7389763435542
0.0;36.0;24.501928840245856;-0.6771979307153457;0.9153160907258387;0.0;1.0;0.2604202415736539;4.383429963222027e-05;14.886752180282375;53.483996259135154;36.9118863781315;0.9787787170297416;0.4597346654736706;302.598518620516;17.718869854132716;91.72507993373118
0.0;36.0;24.87378881613073;-0.6785506572448093;0.922571078501398;0.0;1.0;0.103302930175331;3.91188211254168e-07;2.364275528857876;47.845998114234405;36.92097097451538;1.3066303124575678;0.4171833019402618;242.8465949807489;34.97440043694599;84.89667802083802
0.0;36.0;26.672143277923706;-0.6790206325557703;0.9250214613412064;0.0;0.0;0.0748925930239421;7.57776491047106e-08;1.246664182819904;43.823903162045696;36.9238340548613;-0.686863037150666;0.4033235033771839;223.2643416896035;37.51406291009903;83.09212377211826
0.0;36.0;26.616938982589783;-0.6790499967800204;0.9251733532769212;0.0;0.0;0.0734022304227657;6.838932831700133e-08;1.1977817442966006;43.57677891997079;36.92397076263069;-0.631039434141293;0.4024727158326641;222.07408848505628;37.631245700034846;82.83195027235554
0.0;36.0;26.132954884704453;-0.6796077105560471;0.9280311472225916;0.0;1.0;0.0501010296590699;9.738349105880026e-09;0.5601617592432563;42.0888032216861;36.92633487656186;1.7161297316906596;0.386644465649046;200.28880385831687;39.20084122646616;78.66173985928502
0.0;36.0;25.21646948637972;-0.6797397431780842;0.9287001481371794;0.0;1.0;0.0457681547102498;6.137588775673064e-09;0.4678862533103377;41.913900908692725;36.92691293971889;1.3292324894188214;0.3829877721816284;195.3692052374236;39.43090399432559;78.5480785084528
0.0;36.0;24.47937737248848;-0.6798717537765535;0.9293661400640996;0.0;1.0;0.0418099987133128;3.868211703000336e-09;0.3908112723158685;41.74276670469073;36.92751478735287;0.8500331676014884;0.3793656619251514;190.5442052022306;39.62155411924754;78.57623427842661
0.0;36.0;23.05538101372592;-0.6815858854668766;0.9377492487691128;1.0;0.0;2.010366130105348;0.5375362054416096;20.823390438863505;40.44293207087384;36.93606663401983;0.2601606068036305;0.3553766496033667;267.0007076620699;23.752696659163924;76.76678781366891
0.0;36.0;23.56060184044104;-0.6817468513582708;0.9385110674843028;0.0;0.0;2.770256701349373;1.1631256432571258;19.92480088107396;39.97380560130453;36.936836560757264;-0.0929749287693774;0.3512924917138276;291.36505132788164;22.70059607426045;76.87631853050407
0.0;36.0;19.54976704232645;-0.6841573757844828;0.949391248804434;0.0;0.0;2.310959393471462;0.1948567181721844;2.3285072762922407;32.675562262668215;36.94785311494016;0.3474180544808007;0.3211449543682378;578.3894261973372;34.71430265159172;69.75194033467142
0.0;36.0;21.33771883963388;-0.6849446577962441;0.9527280510036336;0.0;1.0;1.9987112044505155;0.1281943133553502;0.7907500442661073;28.37305277392464;36.95123982647064;-0.0645380470966652;0.3033470415679725;621.0390090546015;37.85866281915219;65.66471580194985
0.0;36.0;21.33617958187203;-0.685134069368267;0.9535147733123724;1.0;1.0;1.7539111008089157;0.0658075358824211;2.9896481909408408;29.143622725252143;36.952038603568816;1.2240797397437075;0.3018941360495591;621.0540683139672;38.065539574959246;64.68998232428844
0.0;36.0;20.053294829781624;-0.6855564359575085;0.9552465338308198;1.0;1.0;1.3104734304628334;0.0148682612209825;10.824077092658564;32.2733736615415;36.95379742430787;1.033623384755387;0.3214792092218433;611.2497016808929;34.83758266212498;66.18282386904112
0.0;36.0;20.38813213329504;-0.6862986590788215;0.95821406069854;1.0;1.0;0.7849159324900294;0.0010868360924534;16.843900121926158;37.267274373748016;36.95681284458595;1.1878432828957382;0.3570458741467329;572.4092145797956;27.74369283258255;72.42965019659687
0.0;36.0;20.855584933755484;-0.6863132053383776;0.9582712519573792;1.0;1.0;0.7770667731651292;0.0010324942878307;16.923337084983192;37.35910878938544;36.95687097622989;1.1791833477125733;0.3577243693511802;571.469053710322;27.633487985734263;72.54516407646928
0.0;36.0;20.904566706380137;-0.6863277513233981;0.958328404885336;1.0;0.0;0.7692961054334779;0.0009808695734391;17.002170996229125;37.35084089815004;36.95692906956146;1.1641780818479583;0.358301057862474;570.5239426555681;27.52427497060848;72.65987497933948
0.0;36.0;22.572868220842675;-0.6869965697721673;0.9609159646810648;1.0;1.0;1.3889029416034222;0.5988296002647099;19.429575503636883;38.65637665747344;36.95955991045146;0.817175430162885;0.3581951217812554;539.0320538543373;23.59507769676068;74.0962626025189
0.0;36.0;23.447213070018908;-0.6876357650643644;0.9633149207704166;1.0;1.0;0.8925251444439533;0.0626818624650532;21.8067300854118;42.35008505870642;36.962000344200725;0.5812571422944992;0.3871776346337187;519.3134377075833;20.91400483027037;77.50560241473538
0.0;36.0;25.61614844906408;-0.6891009939105273;0.968539169027234;1.0;0.0;0.3234261375833873;0.0003525543083938;23.434447514950744;44.67218707922773;36.96732020711449;1.0328690683562465;0.400690658481387;430.8390641237239;18.493170295984907;80.76774839192957
0.0;36.0;25.5710228151455;-0.6891154870790304;0.9685889218885498;1.0;0.0;0.3201918762075534;0.0003349265929741;23.476754688736623;44.64603452298367;36.967370909238674;1.0141340848072398;0.4003389918542774;429.8667388075978;18.46652728852563;80.76190327129135
0.0;36.0;25.27068922083727;-0.6891879487867063;0.9688371050020864;1.0;0.0;0.3044992883321958;0.0002591598131052;23.677449238294464;44.51621886871648;36.96762383938146;0.7960002384978224;0.3984312536102353;425.0014893095128;18.32555879529696;80.76360763593257
0.0;36.0;25.38582435609108;-0.6892024403012453;0.9688866253722924;1.0;0.0;0.3014542954488739;0.0002462018224499;23.711277370933136;44.49044408833301;36.967674309300286;0.7326323535814611;0.3980316141565142;424.02793913704807;18.29652440310926;80.76823376947742
0.0;36.0;25.85049576858391;-0.6892748937385892;0.9691336458517028;1.0;1.0;0.2866800354714939;0.0001905062769895;23.89246916706772;44.76055899124776;36.967926078235465;0.4373537449553586;0.3973328884272344;419.1593825643582;18.14791091565848;80.8012218387939
0.0;36.0;25.764278365522724;-0.6908382043893488;0.974232337668988;0.0;1.0;0.5139483235635712;0.0115340501625704;12.187025830182472;43.09873332697009;36.973127621757854;0.904201575990412;0.4017616009221725;374.798394977014;23.714948524629936;80.3250277059365
0.0;36.0;24.95083730358045;-0.6911418073915201;0.9751710386644956;0.0;1.0;0.4161582804150202;0.0039280548810536;8.007446789737532;42.640303123288405;36.97408638313265;1.46385737177836;0.3929515737939207;361.26702399960857;26.99202675605431;79.27549007863175
0.0;36.0;26.359485833223665;-0.692124065995074;0.9780925246293808;0.0;0.0;0.7200981895330018;0.0322923145346433;2.055197206664918;41.206257197612985;36.97707295597939;1.0890886625678082;0.3657278955371217;363.0104741033395;35.567461418298244;78.73438653065814
0.0;36.0;27.29129035494141;-0.692629141369404;0.9795257440047698;1.0;1.0;0.506551411600353;0.0053632168747057;14.167608512869457;41.90140020326604;36.97853975019524;0.3284318884557722;0.3643116141887575;346.81179349058647;32.959106310647854;77.40013318657721
0.0;36.0;27.704328248534345;-0.6926435671086371;0.97956598820261;1.0;1.0;0.5014858974843495;0.0050950560309704;14.435653509005064;41.981787569995504;36.97858095439193;0.4283806677886326;0.3649464314060854;346.2728441398647;32.77867108765179;77.36845547032094
0.0;35.0;26.26981107591393;-0.6930762104278487;0.9807550870305703;0.0;1.0;0.3709493056181302;0.0010935965287075;10.517583381311418;42.16227417228789;36.68172942296647;1.4080386552960908;0.3666372989736353;328.7751995484781;29.695066050925394;78.07801190090734
0.0;35.0;20.924368968810384;-0.6940559446428191;0.9833195982660028;0.0;0.0;0.1872870698619562;3.342429707545682e-05;2.699450976250143;35.863122009681454;35.81939324936109;0.9929513187966976;0.3412895541421811;284.3022181588283;34.0186148199494;72.27313338021965
0.0;35.0;22.76244126918429;-0.6946748200240396;0.9848474368477178;0.0;1.0;0.1215685293068123;3.682793009192631e-06;1.1423048193561478;34.29026871350846;35.93967405132005;1.15002353909732;0.326141176373464;255.9300605160412;36.447597509955145;69.46673165762815
0.0;35.0;20.837740004629303;-0.6954943977096555;0.9867604211775304;0.0;1.0;0.0685531246717747;1.978895275043672e-07;0.365330091348572;31.37858684070884;36.010840646976085;-0.4824122039734196;0.307092114038036;220.4397035775104;38.10489906611925;68.71803655745052
0.0;35.0;17.550872713799766;-0.6964709570801544;0.9888748106665332;1.0;1.0;0.7595918412368935;0.1937114905067265;6.900654822965959;32.152067486082345;35.98450349154857;-0.5621297280442945;0.2876436730534907;215.9949028330104;36.643997164487885;67.38907327968978
0.0;35.0;19.799590535082984;-0.6970591425456665;0.9900613024893578;1.0;1.0;0.5030640349291517;0.0236495673266369;13.721914624475936;36.21608071852931;35.98678455892176;1.516560758018976;0.3151478892088529;214.8299972570612;30.628322332771955;69.47104568663214
0.0;35.0;19.02032012614105;-0.6972168686751214;0.9903683065312332;1.0;1.0;0.4504124748138126;0.0134518760776894;14.85069239320228;37.23893305081154;35.98812952463211;0.8674298800062551;0.323055329610481;212.97952670221247;29.12338009319728;70.9627845837836
0.0;35.0;19.86994684788944;-0.6976182010783459;0.991128138337224;1.0;1.0;0.3399349819391047;0.0031992177883976;16.689564682364814;39.72184235207065;35.99076946113609;0.9498030072440078;0.3427751113728616;206.28028097132483;26.072526700124595;74.04670974610382
0.0;35.0;19.91419888425112;-0.6978617604527588;0.9915743020517526;1.0;1.0;0.2865458792186565;0.0013376580141239;17.66215551339673;41.14851564813087;35.991619602423384;1.2263313775270774;0.3544665293384617;201.1655402700453;24.652058918262576;75.60584858082636
0.0;35.0;21.351814111321445;-0.6985347105681231;0.9927481451395718;0.0;1.0;0.1786686324942589;0.0001200478936585;7.551621859868882;38.88813067665406;35.9923952366738;1.3196788145007188;0.3422360134192022;184.5929945699897;27.246677527729545;75.45400633314702
0.0;35.0;18.854245449664777;-0.699864473155873;0.9948122539081256;1.0;0.0;0.0701651424021032;1.0177704473474788e-06;14.91673044742177;41.49182961112557;35.994281160246054;-0.1341744991335774;0.3508420309437906;148.77893931209374;28.241646006050274;77.06588853619735
0.0;35.0;17.681644640007693;-0.7001644071964306;0.9952307358864224;1.0;0.0;0.056814671180696;3.466135587366399e-07;16.14254229922679;41.10901353089144;35.99475723569421;-0.431038090465287;0.3432316318953758;140.96315728579327;26.30244987800902;77.14037641208375
0.0;35.0;18.093134392849624;-0.7002500799535724;0.995347077938187;1.0;0.0;0.0534898851113704;2.547928162079761e-07;16.337876523873504;41.00316236076178;35.994885713918954;-0.1568414534392271;0.3410649395550214;138.7714407810039;25.831837742647345;76.91825136257077
0.0;35.0;17.961661877905296;-0.7008067070321146;0.9960683573057912;1.0;1.0;2.587017408722313;1.3679916519396462;17.213848351055574;43.797807813041466;35.99564992381782;1.4134987606629787;0.3596179994616337;249.5035113891032;23.710740668407528;77.47056957337203
0.0;35.0;15.237258449443695;-0.7027586562355432;0.9981214830939348;1.0;0.0;0.9433499229988092;0.0030337116405092;16.04526944170452;46.32241599192274;35.9978219019898;-0.4407144962899338;0.3785332659619572;404.5601059187424;23.343431159730063;82.77418405813624
0.0;35.0;15.979619842363809;-0.7033702246452184;0.9986114526470764;1.0;1.0;1.3446342841440555;0.2042410895298981;15.994631972022876;47.59423951533957;35.99835423429501;1.4544702156259584;0.3837998342076578;418.8532632653196;23.662124297011843;81.51809547745643
0.0;35.0;15.422781796490703;-0.7036544978464992;0.9988141826059336;1.0;1.0;1.0997857095325092;0.0732175553738512;15.837499084664616;48.88897441738767;35.99857632970127;1.0316321715880334;0.396651298444577;418.010244507536;23.804832486431422;82.9486027202505
0.0;35.0;14.74735561738137;-0.7043220966273828;0.999227687522906;1.0;1.0;1.368298913842344;0.1489666385477889;15.547074915738255;47.9103143849857;35.99903556682089;-0.103936712827555;0.3872261148591709;438.8368379005379;24.12941335938227;84.05570713637279
0.0;35.0;15.13723416053031;-0.7044498637142721;0.9992967981665202;1.0;1.0;1.2499646575081136;0.0938861360134032;15.434466266776765;48.49370999413889;35.99911348768299;0.7010924464954149;0.3906893539252748;438.7172714463185;24.19021017419412;83.60719395326159
0.0;35.0;15.150058248304456;-0.7064485656124815;0.9999567158079024;1.0;1.0;0.7596219876912947;0.0183674462993318;15.505993824013988;52.871480960398095;35.99991162987061;0.6562165804315092;0.4356946289388175;413.8991061138299;24.657787036513152;87.55097412808621
0.0;35.0;15.459273669253855;-0.706604256679787;0.9999747649447638;1.0;1.0;0.6801186243560601;0.0104474051499428;15.486334105708886;53.45087438022398;35.999940456966144;0.8725293184879085;0.4422106525472855;408.19499855731095;24.722852407635617;88.2697883013732
0.0;35.0;13.796254859674706;-0.7073539250548404;0.9999938898610408;1.0;0.0;0.3992546485777303;0.0006892226118888;14.789230411355122;53.42102895495523;36.00001124488585;-0.5514499076886531;0.4494771810799531;373.6682229890868;25.213325106790133;90.41683316378374
0.0;35.0;13.416546042438137;-0.7075800838907412;0.999977583528362;1.0;0.0;1.300544483177262;0.8148095952521301;14.466812172633896;52.66810213495953;36.00001074268394;-0.2786326630414391;0.4419671651455004;370.4801738396845;25.43304146891517;89.36363290381942
0.0;35.0;12.552640788265656;-0.7102883317221179;0.9989833588287224;0.0;1.0;0.5976552097758926;0.0104518564637174;2.246309312139067;46.680240330056;35.9992047598589;-0.1249106882135236;0.4221800981560739;343.27351298863954;35.16845930290273;84.51393582792049
0.0;35.0;12.744178758112367;-0.7108230987859359;0.9986119000537268;0.0;1.0;0.4079323096644324;0.0014882998495969;1.0505229855513698;45.53273778193717;35.99887050080591;1.2599801374637427;0.4055768057324411;323.9484182469599;37.41024916151228;81.20062855490768
0.0;35.0;12.68725961820095;-0.710977823165014;0.9984936064964378;0.0;0.0;0.365237401990679;0.0008465450917857;0.8430642453478548;44.82178851814452;35.99876297188619;0.6264173366973983;0.4008936100196837;317.57974448228947;37.844630117979946;81.20841559905179
0.0;35.0;12.427528740952395;-0.7110622037774027;0.9984270457742652;0.0;0.0;0.3438637637930176;0.0006222884320201;0.7477307914491158;44.06475796847547;35.99870228212532;0.1790994516484401;0.3983619724043422;314.00600988075126;38.04861262328557;81.1426659391292
0.0;35.0;11.797584433842449;-0.7113433985280817;0.9981947936142408;0.0;0.0;0.2812485579946045;0.0002230816425569;0.5012185862500825;41.61976876800294;35.99848959664591;-0.5002182054945493;0.3900380779493301;301.712388970846;38.58591315482681;79.78657724070725
0.0;35.0;11.297140529460314;-0.7114980071302113;0.998060246998808;0.0;0.0;0.2518125929276705;0.0001268888588715;0.4022371243878008;40.32494430254014;35.998365809682106;-0.1368488862439789;0.3855343079391743;294.7738642213041;38.80301085802432;78.37354131982472
0.0;35.0;11.412894855547195;-0.7116947319088996;0.9978820195211052;0.0;1.0;0.218761135708413;6.18805216001765e-05;0.3040040203474806;39.22334414445032;35.998201274247286;0.3773669518328975;0.3798773717917628;285.8393823287781;39.01539516987139;76.40573775147482
0.0;35.0;11.455468721437937;-0.7135608322599797;0.9957988892785844;1.0;1.0;0.0574713039517555;6.742073289457898e-08;9.526559449762638;39.90271373589231;35.99624808197085;1.3046562239707729;0.3844267720472725;204.29988358345824;32.69760042439924;73.62141060009195
0.0;35.0;11.437366143814035;-0.7139530525878084;0.9952705009414672;1.0;1.0;0.0433747015531323;1.6034462905949454e-08;10.388518947973806;42.19872329489451;35.9957470115671;0.8022659624372092;0.4023585653314763;189.15383417030063;31.189535620568712;76.77792392119342
0.0;35.0;12.465199519227715;-0.7146528890669236;0.9942493308409422;1.0;0.0;0.7734140519315215;0.2259355422263371;11.530232286968603;43.40837198783039;35.9947745857794;-0.4458908865299575;0.4110284434784381;195.68326903398727;29.60957171055589;79.87334973107755
0.0;35.0;12.584342154926924;-0.7147088451215148;0.9941633406902254;1.0;0.0;0.7429384523633522;0.1840259112404905;11.60375267205636;43.31386854941556;35.99469249297101;-0.5578936715272151;0.40931017138059;196.3807428973871;29.49779560417199;79.80894446188694
0.0;35.0;15.03893136170447;-0.715561607979252;0.9927731871667748;1.0;1.0;1.22034560960437;0.3665400573108203;13.482792329777263;47.648554201053365;35.99336173049795;0.6039115311075384;0.441306973776194;219.41913194413;27.941500384200424;82.07450140412197
0.0;35.0;14.982334823581352;-0.7156593979145912;0.9926042061443764;1.0;1.0;1.1374418551826648;0.2559685925324865;13.700888847838756;48.10589435976559;35.99319955940557;0.5833032882869893;0.4454209515750349;223.1787002430567;27.74780123447847;82.66120797161507
0.0;35.0;14.845424901876395;-0.7157292392805954;0.992482314269778;1.0;1.0;1.081695886618511;0.1980636175003429;13.817345384622357;48.427807828592975;35.99308253105295;0.6820074799200663;0.4483409542436992;225.390287981249;27.614068509698583;83.0415249715473
0.0;35.0;14.752073670436182;-0.7157571738229963;0.9924332796180518;1.0;1.0;1.0601701384748026;0.1787524147940594;13.85303296477789;48.55547557698106;35.993035441642206;0.7386703245876111;0.4495046464840504;226.18016448151045;27.56287414859836;83.18683652225178
0.0;35.0;14.719020816366736;-0.7160504173675338;0.991908830384742;1.0;1.0;0.8584493061790385;0.0608762130851926;14.213275792621529;49.8589679782669;35.99253141156224;1.2270500356264218;0.4615762000714321;231.74286779121724;27.095936237873083;84.65181400736805
0.0;35.0;16.090562706323478;-0.7163435346007796;0.9913668839053852;1.0;0.0;0.695110326668371;0.020732102130555;14.643180634974955;49.43198748974093;35.99200987325323;0.0504715456192416;0.4605240528544428;233.251273526676;26.706816432759343;85.86208039138164
0.0;35.0;17.43788080068713;-0.7185865648493925;0.9866317418862548;1.0;0.0;0.1378224832674489;5.3720963233411485e-06;11.761096760564133;46.01332303791575;35.98743079051797;-0.4899996751852984;0.409566129142685;184.90864596804155;31.76804568695175;81.84086549971147
0.0;35.0;17.341983359704198;-0.7186421975517183;0.986501053651088;1.0;1.0;0.1323917275150031;4.375606030963386e-06;12.202631463661875;46.09265070764893;35.98730396965347;-0.3081923873130898;0.4082196790131393;183.23491737939847;31.38480134482461;81.587894101041
0.0;35.0;16.61266035099573;-0.7198927167372401;0.9833938155497296;1.0;1.0;0.0535831650434383;4.326758825994936e-08;16.34128355486373;47.92398962713918;35.98428360685291;-0.0821733646428485;0.4206954352152806;146.5305332130637;25.239308798594195;84.23816960051546
0.0;35.0;18.629087449872287;-0.7214179611410361;0.9791635081358548;1.0;1.0;2.5183686459765524;1.5631842717767477;17.79359877194889;49.08121160215134;35.9801590860406;1.5877648968753444;0.4217133806899379;194.7652729847388;22.87919110879859;82.99391760021092
0.0;35.0;18.39941259134461;-0.7216810590141198;0.9783847613474568;1.0;0.0;2.0805971585571377;0.5898732163814872;17.961953696115796;50.13711228576;35.97939856410869;0.945386443023641;0.4330905785951524;247.0024116897216;22.67318174551638;84.59965239569888
0.0;35.0;18.23779155861089;-0.7217502779777193;0.9781774793977328;1.0;0.0;1.9786271956380503;0.4564326503778074;17.99042571346776;49.9366931415853;35.97919607575141;0.6264579616600159;0.4334936228409662;254.01120814267887;22.630318334058213;85.03324408056272
0.0;35.0;16.455624845556216;-0.7231469546826831;0.9737812281550116;0.0;0.0;2.062514975894993;0.2705295317247249;9.139252445247402;45.09761638414357;35.97489643041363;0.4343493299718849;0.4009489503891288;392.4121802740714;25.711375147406496;82.70040716805813
0.0;35.0;16.96173433012908;-0.7232022079047845;0.9735989273433484;0.0;0.0;1.981243656409976;0.2203479943993617;8.436593363023094;44.58781196048102;35.97471794647014;0.3883413728309948;0.3992591980963333;395.78823561619646;26.28237301155712;82.39007335845244
0.0;35.0;17.02014040857254;-0.7236854761250261;0.9719772289666428;0.0;1.0;1.393701283334117;0.0365961405647283;4.189488262250696;41.90189710640942;35.97312961487215;0.6801044482979977;0.3847741892069157;411.4664152287973;31.12157253404472;78.3779784924708
