NMHC(GT);PT08.S3(NOx);C6H6(GT);T;RH;AH;PT08.S4(NO2);PT08.S1(CO);PT08.S2(NMHC);PT08.S5(O3);CO(GT);NO2(GT);NOx(GT)
-200.0;698.0;5.7;14.0;59.7;0.9495;1235.0;1168.0;797.0;1022.0;1.5;111.0;251.0
-200.0;1031.0;5.1;13.8;80.4;1.2621;1302.0;1052.0;766.0;796.0;1.4;81.0;169.0
-200.0;916.0;5.1;21.0;61.3;1.5031;1409.0;930.0;768.0;825.0;1.0;74.0;98.0
-200.0;680.0;12.1;28.5;37.3;1.4291;1609.0;1132.0;1052.0;944.0;2.2;117.0;233.0
-200.0;818.0;6.9;21.4;68.5;1.7261;1513.0;1002.0;854.0;779.0;1.4;71.0;104.0
-200.0;761.0;11.7;24.8;33.7;1.0377;1455.0;1032.0;1039.0;1071.0;2.1;118.0;231.0
-200.0;859.0;6.5;22.7;53.7;1.458;1437.0;969.0;835.0;773.0;1.0;64.0;97.0
-200.0;669.0;5.9;13.6;63.5;0.9857;1243.0;1150.0;807.0;1042.0;1.9;149.0;276.0
-200.0;937.0;4.7;19.4;63.5;1.4139;1373.0;903.0;748.0;801.0;0.9;60.0;126.0
-200.0;895.0;5.8;15.4;76.6;1.3334;1390.0;985.0;805.0;785.0;2.0;107.0;240.0
-200.0;766.0;8.8;24.7;46.4;1.4206;1506.0;1096.0;931.0;1019.0;1.9;121.0;228.0
-200.0;878.0;8.3;34.6;22.4;1.212;1385.0;1045.0;910.0;742.0;1.8;106.0;193.0
-200.0;806.0;8.8;22.2;48.0;1.2678;1465.0;1027.0;933.0;1050.0;1.7;85.0;224.0
-200.0;891.0;6.2;19.6;56.6;1.2797;1415.0;940.0;823.0;853.0;1.2;64.0;112.0
-200.0;816.0;9.0;22.8;43.4;1.1915;1456.0;1042.0;938.0;1004.0;1.7;109.0;210.0
-200.0;1035.0;5.0;20.7;49.7;1.197;1317.0;903.0;765.0;712.0;1.1;81.0;176.0
-200.0;979.0;6.7;20.2;53.1;1.2442;1398.0;926.0;845.0;851.0;1.4;81.0;239.0
-200.0;934.0;4.8;21.9;67.1;1.7394;1496.0;911.0;753.0;865.0;0.8;55.0;103.0
-200.0;865.0;8.2;14.6;56.4;0.9319;1321.0;944.0;908.0;931.0;1.6;83.0;261.0
-200.0;908.0;7.8;21.5;31.4;0.7943;1278.0;990.0;891.0;765.0;2.2;99.0;261.0
-200.0;795.0;10.7;20.3;35.5;0.833;1384.0;1066.0;1004.0;1006.0;3.3;127.0;371.0
-200.0;911.0;7.3;19.6;36.3;0.8193;1287.0;971.0;870.0;798.0;2.1;98.0;266.0
-200.0;921.0;5.0;14.9;58.9;0.9891;1247.0;884.0;764.0;900.0;1.0;75.0;110.0
-200.0;889.0;5.6;14.1;61.7;0.9844;1266.0;894.0;794.0;908.0;0.9;71.0;179.0
-200.0;801.0;9.0;14.4;60.3;0.9802;1399.0;988.0;941.0;1035.0;1.5;99.0;361.0
-200.0;862.0;9.2;23.7;29.6;0.8537;1328.0;964.0;947.0;907.0;1.7;123.0;327.0
-200.0;891.0;6.8;16.7;46.6;0.8793;1253.0;897.0;849.0;910.0;1.3;90.0;157.0
-200.0;890.0;7.3;12.1;62.6;0.8825;1253.0;875.0;871.0;890.0;1.2;82.0;241.0
-200.0;883.0;5.7;18.6;49.1;1.0435;1263.0;930.0;796.0;977.0;1.1;85.0;135.0
-200.0;677.0;10.5;22.1;61.3;1.6133;1549.0;1180.0;997.0;1127.0;1.6;84.0;143.0
-200.0;764.0;6.9;19.0;70.8;1.5417;1465.0;1035.0;851.0;1002.0;1.3;69.0;132.0
-200.0;872.0;4.3;19.0;70.3;1.5308;1371.0;966.0;726.0;892.0;0.7;60.0;120.0
-200.0;880.0;9.3;25.1;35.7;1.1222;1393.0;1083.0;951.0;1054.0;1.7;131.0;223.0
-200.0;932.0;8.2;27.1;31.0;1.0991;1354.0;1017.0;908.0;880.0;1.4;119.0;194.0
-200.0;882.0;13.4;34.9;18.4;1.0106;1450.0;1110.0;1098.0;1009.0;2.5;153.0;365.0
-200.0;908.0;12.2;33.6;19.6;1.0029;1406.0;1077.0;1056.0;935.0;2.1;143.0;280.0
-200.0;1114.0;7.5;24.9;28.3;0.8775;1261.0;999.0;879.0;960.0;1.4;119.0;180.0
-200.0;703.0;10.2;27.3;38.3;1.3669;1546.0;1081.0;983.0;1079.0;2.1;64.0;145.0
-200.0;668.0;9.6;20.6;62.0;1.4827;1517.0;1147.0;964.0;1116.0;1.7;60.0;165.0
-200.0;660.0;7.7;20.0;33.0;0.7625;1222.0;1151.0;885.0;903.0;1.6;128.0;240.0
-200.0;817.0;5.5;18.2;70.1;1.4552;1390.0;981.0;790.0;898.0;0.9;47.0;147.0
-200.0;681.0;7.0;17.9;38.8;0.7883;1182.0;1103.0;857.0;946.0;1.5;123.0;230.0
-200.0;653.0;10.8;18.2;70.0;1.4519;1589.0;1147.0;1009.0;1096.0;1.7;50.0;279.0
-200.0;697.0;7.3;21.1;64.5;1.594;1502.0;1150.0;871.0;1030.0;1.4;58.0;155.0
-200.0;681.0;7.8;20.8;66.7;1.6201;1549.0;1157.0;890.0;1054.0;1.3;53.0;154.0
-200.0;765.0;6.3;22.2;65.2;1.7256;1521.0;1049.0;826.0;917.0;1.1;51.0;150.0
-200.0;705.0;5.3;9.9;68.9;0.8388;1187.0;1119.0;778.0;1096.0;0.3;123.0;192.0
-200.0;807.0;5.6;24.1;59.0;1.7449;1494.0;1055.0;795.0;834.0;1.0;51.0;103.0
-200.0;680.0;9.0;24.8;59.6;1.8351;1653.0;1229.0;941.0;1040.0;1.9;68.0;220.0
-200.0;733.0;5.2;11.7;62.1;0.8535;1178.0;1128.0;771.0;923.0;0.4;122.0;193.0
-200.0;918.0;8.9;12.0;69.7;0.9735;1606.0;1287.0;936.0;1040.0;2.0;106.0;126.0
-200.0;767.0;6.7;20.8;68.1;1.6585;1527.0;1069.0;844.0;883.0;1.5;63.0;185.0
-200.0;686.0;12.3;33.3;24.4;1.232;1601.0;1028.0;1060.0;806.0;2.0;108.0;213.0
-200.0;722.0;10.4;31.1;28.6;1.2718;1580.0;996.0;992.0;727.0;1.7;93.0;189.0
-200.0;1064.0;5.8;13.8;57.9;0.9085;1447.0;1127.0;802.0;837.0;1.7;92.0;104.0
-200.0;1105.0;5.2;13.9;55.9;0.8842;1429.0;1090.0;773.0;761.0;1.6;83.0;86.0
-200.0;799.0;6.1;20.1;70.5;1.6384;1502.0;1039.0;817.0;836.0;1.3;55.0;132.0
-200.0;700.0;10.3;20.0;63.3;1.4672;1556.0;1052.0;987.0;1102.0;1.9;62.0;224.0
-200.0;742.0;7.0;22.8;58.5;1.5992;1544.0;953.0;858.0;780.0;1.3;79.0;136.0
-200.0;633.0;10.3;26.2;47.8;1.5979;1694.0;1079.0;988.0;899.0;2.0;87.0;165.0
-200.0;743.0;8.9;19.0;66.1;1.4415;1525.0;1057.0;934.0;1041.0;1.9;57.0;206.0
-200.0;919.0;5.1;18.9;60.7;1.311;1340.0;911.0;769.0;791.0;1.1;54.0;113.0
-200.0;744.0;8.3;24.7;41.8;1.2839;1512.0;977.0;913.0;977.0;1.7;81.0;104.0
-200.0;1004.0;6.2;15.6;56.6;0.9951;1526.0;1203.0;823.0;903.0;1.6;84.0;89.0
-200.0;767.0;7.1;20.7;53.3;1.287;1483.0;932.0;861.0;894.0;1.2;62.0;75.0
-200.0;911.0;7.3;18.9;49.6;1.07;1646.0;1279.0;870.0;1000.0;1.8;81.0;106.0
-200.0;981.0;6.8;20.8;41.6;1.0091;1568.0;1239.0;848.0;822.0;1.9;80.0;102.0
-200.0;879.0;5.0;23.3;45.3;1.2794;1388.0;882.0;763.0;656.0;0.9;55.0;38.0
-200.0;707.0;8.7;33.9;36.0;1.8692;1715.0;1111.0;927.0;922.0;1.7;78.0;90.0
-200.0;965.0;10.7;21.3;26.8;0.6681;1574.0;1094.0;1003.0;813.0;2.1;99.0;130.0
-200.0;723.0;10.4;38.3;17.9;1.181;1549.0;1076.0;994.0;938.0;2.0;129.0;133.0
-200.0;800.0;8.3;32.9;21.8;1.0714;1441.0;973.0;911.0;891.0;1.6;121.0;126.0
-200.0;714.0;11.2;29.9;26.2;1.0891;1549.0;1008.0;1021.0;1176.0;2.0;122.0;177.0
-200.0;725.0;10.0;20.6;45.5;1.0925;1515.0;965.0;977.0;1014.0;1.6;94.0;149.0
-200.0;866.0;5.7;20.1;47.8;1.1093;1392.0;868.0;798.0;824.0;1.1;71.0;83.0
-200.0;844.0;5.7;22.2;43.1;1.1396;1409.0;919.0;799.0;881.0;1.2;50.0;29.0
-200.0;845.0;5.7;26.0;33.1;1.0955;1355.0;902.0;797.0;841.0;1.1;49.0;32.0
-200.0;813.0;7.8;30.8;26.5;1.1603;1442.0;962.0;891.0;634.0;1.6;73.0;53.0
-200.0;735.0;8.5;37.2;29.1;1.8185;1676.0;1063.0;919.0;821.0;1.7;60.0;46.0
-200.0;800.0;5.7;27.7;53.0;1.9423;1642.0;1001.0;799.0;753.0;1.2;46.0;59.0
-200.0;738.0;7.9;29.9;44.7;1.8511;1693.0;1025.0;896.0;823.0;1.4;55.0;70.0
-200.0;743.0;8.5;31.3;39.5;1.7798;1683.0;1050.0;921.0;851.0;1.6;70.0;91.0
-200.0;669.0;9.7;21.2;65.7;1.6319;1502.0;1132.0;965.0;1211.0;1.6;74.0;164.0
-200.0;800.0;6.0;19.1;70.0;1.5331;1418.0;989.0;814.0;915.0;1.0;51.0;146.0
-200.0;876.0;4.6;18.1;72.1;1.4834;1381.0;925.0;742.0;842.0;0.7;43.0;127.0
-200.0;796.0;10.6;33.4;20.1;1.0142;1515.0;979.0;999.0;1027.0;2.0;110.0;148.0
-200.0;870.0;6.3;35.8;25.7;1.4861;1531.0;954.0;826.0;691.0;1.2;70.0;56.0
-200.0;756.0;7.4;24.8;47.9;1.4819;1421.0;1058.0;875.0;877.0;1.4;70.0;151.0
-200.0;670.0;9.7;26.5;44.9;1.5278;1533.0;1189.0;965.0;1060.0;2.0;87.0;239.0
-200.0;821.0;6.3;24.0;57.2;1.6835;1639.0;967.0;826.0;822.0;1.1;61.0;68.0
-200.0;830.0;5.9;25.9;52.9;1.7478;1580.0;994.0;806.0;674.0;1.4;90.0;72.0
-200.0;766.0;7.9;33.4;35.1;1.781;1704.0;1016.0;896.0;820.0;1.5;93.0;91.0
-200.0;759.0;8.7;30.5;44.4;1.9076;1722.0;1031.0;929.0;809.0;1.4;77.0;79.0
-200.0;878.0;4.4;16.5;75.5;1.4056;1353.0;891.0;735.0;933.0;0.9;44.0;112.0
-200.0;624.0;12.2;17.0;76.1;1.4582;1562.0;1119.0;1056.0;1099.0;2.2;68.0;311.0
-200.0;764.0;7.6;28.1;54.1;2.029;1726.0;1074.0;884.0;838.0;1.5;57.0;63.0
-200.0;760.0;9.7;39.6;23.3;1.6535;1649.0;1082.0;965.0;844.0;1.8;126.0;105.0
-200.0;819.0;7.2;40.5;23.3;1.7416;1544.0;1013.0;864.0;644.0;1.1;75.0;59.0
-200.0;730.0;8.6;15.7;77.0;1.3591;1425.0;981.0;923.0;956.0;1.4;54.0;228.0
-200.0;758.0;7.9;19.8;63.7;1.4524;1468.0;1055.0;895.0;1043.0;1.4;79.0;175.0
-200.0;830.0;4.7;23.5;67.4;1.9305;1633.0;927.0;747.0;910.0;0.7;34.0;58.0
-200.0;786.0;5.7;17.4;81.3;1.6066;1435.0;998.0;799.0;867.0;1.2;67.0;115.0
-200.0;787.0;7.7;34.2;31.5;1.6675;1630.0;1019.0;889.0;745.0;1.4;65.0;54.0
-200.0;756.0;7.4;23.2;67.5;1.899;1727.0;996.0;872.0;990.0;1.2;55.0;87.0
-200.0;742.0;7.7;23.3;61.8;1.7504;1705.0;951.0;886.0;988.0;1.2;51.0;74.0
-200.0;728.0;8.8;25.1;59.9;1.8797;1723.0;1011.0;930.0;1009.0;1.5;77.0;76.0
-200.0;833.0;5.1;16.8;81.3;1.5447;1416.0;967.0;767.0;866.0;0.7;56.0;132.0
-200.0;717.0;10.5;35.6;29.8;1.7045;1730.0;1067.0;995.0;1093.0;2.1;110.0;126.0
-200.0;829.0;5.7;22.7;68.4;1.8627;1619.0;1001.0;799.0;859.0;-200.0;72.0;67.0
-200.0;816.0;5.5;23.1;70.1;1.9582;1594.0;971.0;789.0;879.0;-200.0;70.0;61.0
-200.0;805.0;5.4;20.7;81.8;1.9717;1623.0;1002.0;783.0;875.0;-200.0;92.0;79.0
-200.0;808.0;8.2;38.3;24.5;1.622;1567.0;1038.0;906.0;747.0;-200.0;86.0;66.0
-200.0;842.0;5.8;17.6;69.9;1.3969;1369.0;933.0;803.0;898.0;1.1;69.0;159.0
-200.0;925.0;4.5;16.9;72.0;1.3749;1287.0;861.0;735.0;789.0;0.9;58.0;99.0
-200.0;878.0;5.2;15.7;76.3;1.3519;1329.0;904.0;774.0;805.0;1.0;51.0;98.0
-200.0;851.0;5.2;15.2;78.0;1.3382;1327.0;905.0;776.0;825.0;0.8;48.0;163.0
-200.0;791.0;5.8;26.7;53.3;1.8366;1658.0;963.0;804.0;861.0;-200.0;69.0;78.0
-200.0;832.0;5.8;32.4;37.3;1.7808;1638.0;1012.0;804.0;766.0;0.9;48.0;53.0
-200.0;799.0;6.1;18.5;76.4;1.6112;1430.0;1009.0;816.0;856.0;1.1;69.0;200.0
-200.0;745.0;11.7;39.8;20.5;1.4687;1611.0;1072.0;1039.0;817.0;2.2;127.0;120.0
-200.0;801.0;6.4;24.0;53.4;1.5748;1600.0;948.0;829.0;926.0;1.0;71.0;68.0
-200.0;771.0;7.3;22.6;58.8;1.5903;1666.0;975.0;871.0;942.0;1.2;71.0;72.0
-200.0;862.0;4.9;23.0;49.9;1.3849;1504.0;894.0;761.0;768.0;-200.0;48.0;36.0
-200.0;717.0;8.6;24.3;57.4;1.7233;1585.0;1117.0;922.0;994.0;2.0;83.0;259.0
-200.0;720.0;11.7;29.7;28.1;1.1544;1641.0;1051.0;1039.0;916.0;-200.0;118.0;107.0
-200.0;807.0;7.1;21.2;41.2;1.0246;1488.0;918.0;860.0;943.0;-200.0;72.0;74.0
-200.0;830.0;10.7;35.3;15.0;0.8463;1473.0;949.0;1003.0;730.0;-200.0;113.0;109.0
-200.0;873.0;6.8;23.6;31.9;0.9195;1426.0;860.0;847.0;748.0;-200.0;77.0;58.0
-200.0;664.0;9.4;23.9;66.3;1.9361;1636.0;1188.0;954.0;1148.0;2.0;72.0;216.0
-200.0;881.0;7.0;28.4;35.8;1.3665;1549.0;950.0;856.0;780.0;-200.0;92.0;62.0
-200.0;834.0;8.3;34.7;26.5;1.4408;1635.0;998.0;913.0;826.0;-200.0;90.0;90.0
-200.0;861.0;6.8;31.7;31.5;1.4487;1559.0;962.0;849.0;804.0;-200.0;97.0;111.0
-200.0;846.0;6.6;28.5;41.6;1.5959;1636.0;1049.0;839.0;858.0;1.6;110.0;103.0
-200.0;660.0;10.5;18.4;76.3;1.6017;1586.0;1122.0;996.0;1048.0;2.3;62.0;259.0
-200.0;917.0;4.3;16.9;70.5;1.3504;1290.0;890.0;727.0;833.0;0.7;50.0;151.0
-200.0;866.0;6.0;32.3;33.4;1.59;1563.0;1034.0;812.0;660.0;1.3;82.0;70.0
-200.0;806.0;5.8;23.6;51.5;1.4852;1597.0;973.0;802.0;1139.0;0.8;70.0;74.0
-200.0;802.0;6.3;19.3;65.5;1.45;1382.0;948.0;826.0;897.0;1.1;57.0;137.0
-200.0;831.0;5.2;17.6;70.8;1.4105;1362.0;955.0;775.0;862.0;1.2;55.0;140.0
-200.0;698.0;9.2;18.4;68.5;1.439;1467.0;1091.0;945.0;1014.0;1.8;62.0;213.0
-200.0;719.0;7.6;16.8;73.3;1.3915;1430.0;1010.0;884.0;938.0;1.5;59.0;216.0
-200.0;749.0;11.1;42.8;14.3;1.2003;1559.0;1079.0;1019.0;929.0;1.5;113.0;108.0
-200.0;685.0;9.0;16.1;71.2;1.2948;1395.0;1106.0;938.0;1010.0;1.8;76.0;247.0
-200.0;736.0;12.4;38.9;15.9;1.0896;1571.0;1116.0;1063.0;980.0;-200.0;138.0;140.0
-200.0;828.0;5.4;23.3;50.1;1.41;1562.0;1011.0;782.0;1116.0;-200.0;73.0;75.0
-200.0;816.0;5.8;25.8;43.1;1.4113;1545.0;1026.0;801.0;1094.0;-200.0;63.0;45.0
-200.0;784.0;7.6;27.6;38.2;1.3911;1574.0;1057.0;881.0;1081.0;-200.0;67.0;53.0
-200.0;657.0;9.0;6.6;71.1;0.6973;1245.0;1120.0;940.0;917.0;2.1;201.0;305.0
-200.0;777.0;10.8;39.2;16.4;1.1439;1534.0;1102.0;1007.0;880.0;-200.0;131.0;120.0
-200.0;936.0;4.1;21.2;46.3;1.1501;1455.0;925.0;717.0;970.0;0.3;75.0;75.0
-200.0;745.0;11.7;29.0;27.0;1.063;1635.0;1147.0;1040.0;1155.0;1.6;102.0;123.0
-200.0;869.0;5.5;26.3;33.1;1.1199;1422.0;986.0;790.0;853.0;1.2;70.0;57.0
-200.0;787.0;10.7;34.0;19.2;1.0073;1524.0;1083.0;1003.0;842.0;2.1;112.0;95.0
-200.0;849.0;8.0;37.4;17.0;1.0757;1464.0;1046.0;901.0;722.0;1.6;94.0;69.0
-200.0;862.0;8.2;39.3;13.9;0.9715;1427.0;1003.0;907.0;680.0;1.4;91.0;76.0
-200.0;775.0;11.0;35.1;19.2;1.0664;1543.0;1040.0;1015.0;1025.0;1.9;117.0;120.0
-200.0;754.0;13.0;38.1;16.5;1.0828;1648.0;1098.0;1084.0;985.0;2.4;173.0;191.0
-200.0;760.0;9.5;7.9;73.5;0.7883;1297.0;1021.0;959.0;910.0;2.0;149.0;332.0
-200.0;773.0;12.6;37.1;17.7;1.094;1646.0;1039.0;1069.0;880.0;2.0;135.0;138.0
-200.0;802.0;8.9;23.4;38.6;1.0968;1566.0;950.0;937.0;989.0;1.2;80.0;64.0
-200.0;787.0;11.2;26.3;27.3;0.9238;1552.0;970.0;1023.0;1074.0;1.9;123.0;134.0
-200.0;769.0;9.9;18.8;49.4;1.0624;1616.0;960.0;973.0;1155.0;1.3;89.0;140.0
-200.0;942.0;5.0;18.8;49.0;1.0505;1444.0;855.0;762.0;959.0;0.8;73.0;79.0
-200.0;925.0;6.7;23.0;33.8;0.9406;1448.0;868.0;846.0;836.0;1.1;69.0;72.0
-200.0;870.0;10.8;33.8;13.9;0.7172;1448.0;888.0;1007.0;794.0;2.0;105.0;149.0
-200.0;857.0;11.5;34.5;13.3;0.7158;1469.0;908.0;1031.0;901.0;2.3;112.0;187.0
-200.0;932.0;5.0;19.3;51.4;1.1387;1476.0;854.0;764.0;922.0;1.0;76.0;88.0
-200.0;786.0;10.9;23.3;34.5;0.9768;1625.0;980.0;1009.0;986.0;2.8;112.0;175.0
-200.0;842.0;8.3;24.8;33.1;1.0222;1551.0;942.0;912.0;814.0;1.6;106.0;144.0
-200.0;907.0;6.8;23.4;39.4;1.1172;1496.0;942.0;849.0;894.0;1.5;107.0;177.0
-200.0;864.0;5.3;7.5;81.5;0.8495;1136.0;918.0;778.0;859.0;1.1;68.0;165.0
-200.0;757.0;8.1;8.9;75.6;0.8667;1244.0;1019.0;905.0;1062.0;1.5;117.0;388.0
-200.0;805.0;8.7;22.7;43.9;1.1962;1615.0;1020.0;929.0;929.0;1.5;108.0;134.0
-200.0;733.0;11.8;23.2;43.2;1.2104;1700.0;1153.0;1042.0;1022.0;2.4;136.0;184.0
-200.0;880.0;6.4;21.6;47.5;1.2118;1513.0;925.0;831.0;789.0;1.0;74.0;71.0
-200.0;856.0;8.0;26.1;33.7;1.1228;1559.0;970.0;900.0;647.0;1.3;77.0;70.0
-200.0;886.0;5.9;22.0;51.0;1.3296;1551.0;958.0;805.0;835.0;0.9;74.0;92.0
-200.0;926.0;4.5;12.9;69.9;1.0371;1180.0;932.0;740.0;774.0;1.2;92.0;167.0
98.0;929.0;6.9;11.5;70.1;0.9503;1533.0;1116.0;854.0;1034.0;1.7;78.0;118.0
102.0;951.0;6.4;11.4;69.8;0.939;1507.0;1074.0;832.0;980.0;1.7;75.0;101.0
-200.0;786.0;14.0;31.0;17.1;0.7526;1579.0;970.0;1117.0;844.0;2.2;162.0;180.0
-200.0;823.0;6.2;27.9;41.6;1.5425;1585.0;1023.0;822.0;1050.0;1.0;74.0;65.0
-200.0;828.0;6.1;15.9;59.6;1.0673;1252.0;971.0;818.0;857.0;1.5;107.0;205.0
-200.0;788.0;10.7;41.1;15.7;1.2071;1609.0;1126.0;1004.0;926.0;1.4;108.0;98.0
-200.0;819.0;9.9;41.8;15.0;1.1989;1525.0;1076.0;972.0;923.0;1.3;109.0;111.0
-200.0;904.0;3.8;15.2;61.8;1.0602;1185.0;938.0;702.0;753.0;1.0;75.0;147.0
-200.0;848.0;6.2;27.5;34.6;1.2518;1511.0;990.0;821.0;1079.0;0.6;62.0;57.0
-200.0;809.0;7.2;28.4;32.5;1.2361;1532.0;1011.0;864.0;1231.0;0.9;79.0;65.0
-200.0;695.0;9.0;19.2;49.6;1.0893;1371.0;1094.0;941.0;1040.0;2.1;128.0;318.0
-200.0;767.0;8.0;17.7;51.5;1.0357;1275.0;1030.0;899.0;836.0;1.9;118.0;234.0
-200.0;997.0;4.0;24.0;37.8;1.1077;1432.0;894.0;709.0;853.0;0.5;53.0;46.0
-200.0;794.0;11.3;39.9;15.8;1.141;1622.0;1058.0;1026.0;931.0;1.8;132.0;165.0
-200.0;931.0;4.6;21.8;52.3;1.3539;1540.0;913.0;743.0;884.0;0.7;66.0;65.0
-200.0;965.0;4.1;23.3;48.4;1.3677;1510.0;881.0;718.0;837.0;0.7;60.0;43.0
-200.0;776.0;10.7;28.8;32.8;1.2776;1684.0;1058.0;1004.0;947.0;1.8;98.0;92.0
-200.0;778.0;12.2;36.2;18.0;1.0636;1633.0;1076.0;1057.0;1076.0;2.2;140.0;189.0
-200.0;798.0;4.0;9.8;61.2;0.7413;1120.0;1024.0;709.0;884.0;1.1;109.0;142.0
-200.0;740.0;7.7;15.7;60.9;1.0774;1298.0;1071.0;885.0;1090.0;2.4;133.0;284.0
-200.0;749.0;5.3;10.9;55.9;0.7312;1158.0;1115.0;778.0;994.0;1.4;135.0;203.0
-200.0;728.0;5.6;11.8;53.4;0.7366;1173.0;1131.0;793.0;1054.0;1.5;142.0;228.0
-200.0;900.0;9.1;32.3;19.7;0.9345;1541.0;971.0;942.0;776.0;1.6;103.0;104.0
-200.0;835.0;6.1;23.7;54.3;1.5731;1669.0;1022.0;817.0;821.0;1.1;69.0;64.0
-200.0;760.0;5.3;12.5;47.8;0.6877;1137.0;1111.0;777.0;1024.0;1.3;143.0;228.0
-200.0;949.0;4.3;21.2;56.8;1.4094;1550.0;914.0;725.0;780.0;0.6;49.0;38.0
-200.0;822.0;9.0;27.4;33.4;1.2022;1658.0;1045.0;940.0;920.0;1.5;94.0;90.0
-200.0;909.0;8.0;36.9;17.5;1.0789;1524.0;970.0;900.0;664.0;1.2;93.0;79.0
-200.0;872.0;8.8;33.9;21.3;1.1067;1536.0;974.0;930.0;712.0;1.3;97.0;104.0
93.0;941.0;5.4;11.6;76.4;1.0415;1505.0;1075.0;782.0;988.0;1.2;77.0;97.0
-200.0;781.0;9.9;29.9;31.1;1.2883;1669.0;1079.0;976.0;999.0;1.7;113.0;139.0
-200.0;800.0;5.3;14.5;63.0;1.0319;1248.0;1043.0;776.0;826.0;1.6;98.0;198.0
-200.0;968.0;4.6;23.4;40.6;1.1571;1461.0;897.0;745.0;807.0;0.7;77.0;50.0
-200.0;854.0;7.4;24.2;37.3;1.1118;1528.0;953.0;874.0;899.0;1.1;84.0;72.0
-200.0;817.0;10.7;27.4;27.1;0.9736;1588.0;1008.0;1004.0;1125.0;1.9;124.0;133.0
-200.0;736.0;10.0;25.9;46.1;1.5174;1733.0;1065.0;977.0;1103.0;1.7;90.0;83.0
-200.0;801.0;10.4;38.5;22.4;1.5018;1675.0;1089.0;993.0;825.0;1.9;143.0;131.0
-200.0;797.0;7.4;26.4;53.1;1.7987;1738.0;1009.0;875.0;1060.0;0.9;61.0;81.0
-200.0;980.0;3.9;27.3;41.6;1.4906;1534.0;891.0;705.0;806.0;0.4;46.0;27.0
-200.0;780.0;9.7;27.8;40.0;1.4691;1748.0;1050.0;966.0;1090.0;1.5;80.0;86.0
-200.0;952.0;5.0;26.7;40.0;1.3754;1508.0;923.0;765.0;786.0;1.0;63.0;47.0
-200.0;799.0;10.3;34.3;26.0;1.3865;1685.0;1102.0;990.0;849.0;1.7;103.0;90.0
-200.0;967.0;6.9;42.2;14.2;1.1609;1488.0;990.0;852.0;669.0;1.2;90.0;70.0
-200.0;827.0;9.5;27.7;40.6;1.4828;1747.0;1085.0;959.0;963.0;1.7;88.0;75.0
-200.0;900.0;7.0;28.4;39.1;1.4881;1645.0;1036.0;859.0;860.0;1.4;83.0;73.0
-200.0;917.0;6.7;32.3;30.4;1.445;1599.0;1030.0;844.0;747.0;1.5;78.0;90.0
-200.0;912.0;9.0;34.5;18.9;1.0168;1508.0;961.0;939.0;846.0;1.6;101.0;118.0
-200.0;960.0;5.5;18.6;45.8;0.9723;1466.0;891.0;790.0;816.0;0.9;70.0;74.0
-200.0;817.0;13.3;35.4;15.3;0.8613;1659.0;983.0;1094.0;854.0;2.4;115.0;149.0
-200.0;802.0;11.7;36.2;18.6;1.0945;1690.0;1033.0;1038.0;826.0;2.1;111.0;127.0
-200.0;808.0;10.0;34.0;25.6;1.3363;1688.0;1070.0;976.0;819.0;2.1;108.0;130.0
-200.0;879.0;6.6;29.1;37.4;1.4833;1656.0;1045.0;840.0;807.0;1.6;92.0;118.0
-200.0;813.0;10.5;24.0;39.6;1.1662;1726.0;1004.0;997.0;1018.0;1.7;96.0;104.0
-200.0;757.0;6.6;8.7;77.6;0.8753;1202.0;1090.0;841.0;989.0;-200.0;79.0;209.0
-200.0;778.0;6.5;11.8;65.0;0.8966;1216.0;1089.0;835.0;1004.0;2.2;110.0;307.0
-200.0;729.0;8.2;12.6;63.2;0.9209;1274.0;1136.0;906.0;1140.0;2.3;120.0;346.0
-200.0;715.0;8.1;9.8;81.4;0.9855;1289.0;1130.0;902.0;1117.0;2.3;86.0;280.0
-200.0;856.0;4.9;8.8;83.7;0.9529;1162.0;987.0;759.0;940.0;1.3;67.0;166.0
-200.0;775.0;10.8;18.4;49.9;1.0453;1391.0;1166.0;1007.0;1227.0;1.9;117.0;289.0
-200.0;760.0;11.4;17.9;51.4;1.0488;1416.0;1200.0;1027.0;1199.0;2.3;121.0;316.0
-200.0;781.0;7.3;17.3;57.0;1.1137;1320.0;1117.0;871.0;986.0;1.8;94.0;182.0
-200.0;857.0;7.3;16.8;58.7;1.1109;1310.0;1114.0;872.0;991.0;1.9;98.0;197.0
-200.0;897.0;8.8;14.6;65.9;1.088;1301.0;1120.0;932.0;1039.0;2.0;105.0;238.0
-200.0;943.0;9.7;14.9;58.4;0.9839;1321.0;1085.0;967.0;976.0;2.2;108.0;241.0
-200.0;984.0;10.1;15.3;54.3;0.9357;1311.0;1113.0;980.0;995.0;2.2;109.0;278.0
-200.0;740.0;7.4;11.5;81.7;1.1033;1305.0;1034.0;876.0;968.0;1.7;66.0;291.0
-200.0;878.0;8.2;25.8;40.9;1.3389;1675.0;976.0;909.0;830.0;1.7;97.0;103.0
-200.0;866.0;9.8;31.3;28.7;1.2885;1682.0;1007.0;971.0;802.0;1.7;106.0;120.0
-200.0;841.0;9.8;27.4;37.0;1.3319;1728.0;1037.0;969.0;865.0;1.9;105.0;127.0
-200.0;837.0;10.0;28.0;36.6;1.3603;1705.0;1041.0;979.0;1053.0;1.9;125.0;169.0
-200.0;882.0;6.8;20.6;57.4;1.3753;1640.0;936.0;849.0;886.0;1.0;61.0;70.0
-200.0;796.0;6.5;12.4;80.1;1.1462;1263.0;1015.0;835.0;911.0;1.5;94.0;260.0
-200.0;758.0;7.1;12.3;87.0;1.2422;1316.0;1116.0;860.0;937.0;2.5;107.0;413.0
-200.0;704.0;7.6;4.0;80.4;0.663;1173.0;1127.0;884.0;983.0;0.1;136.0;248.0
-200.0;766.0;6.9;14.0;75.9;1.2064;1307.0;1088.0;851.0;959.0;2.0;109.0;349.0
-200.0;795.0;6.3;13.0;79.2;1.182;1285.0;1096.0;826.0;911.0;2.4;103.0;378.0
-200.0;901.0;4.4;13.0;67.6;1.009;1191.0;969.0;733.0;803.0;1.3;72.0;176.0
-200.0;828.0;5.5;11.4;83.7;1.1278;1267.0;1019.0;788.0;812.0;1.7;85.0;226.0
-200.0;950.0;5.6;19.8;46.0;1.0524;1489.0;890.0;791.0;886.0;0.7;61.0;62.0
-200.0;957.0;6.6;23.5;32.7;0.9349;1453.0;924.0;839.0;849.0;0.9;68.0;57.0
-200.0;894.0;8.9;23.5;32.2;0.922;1543.0;988.0;937.0;1008.0;1.3;91.0;98.0
-200.0;990.0;7.3;24.9;27.2;0.8429;1430.0;936.0;871.0;921.0;1.3;97.0;108.0
-200.0;877.0;12.3;36.4;15.1;0.9005;1668.0;1015.0;1062.0;847.0;1.9;120.0;127.0
-200.0;806.0;7.3;16.6;58.5;1.0963;1264.0;1001.0;871.0;1071.0;1.7;87.0;245.0
-200.0;901.0;5.5;13.0;69.4;1.0364;1220.0;987.0;786.0;936.0;1.4;75.0;273.0
-200.0;887.0;8.7;20.0;56.6;1.3095;1711.0;949.0;929.0;973.0;1.2;78.0;101.0
-200.0;1001.0;5.4;19.5;59.4;1.3328;1607.0;872.0;782.0;874.0;0.9;76.0;75.0
-200.0;917.0;8.7;25.4;40.1;1.2822;1654.0;984.0;929.0;817.0;1.5;84.0;83.0
-200.0;896.0;11.1;40.3;14.2;1.0494;1610.0;1052.0;1019.0;836.0;2.0;125.0;140.0
-200.0;894.0;10.9;40.3;16.1;1.1896;1665.0;1076.0;1012.0;816.0;1.8;116.0;113.0
-200.0;720.0;7.7;14.6;60.6;1.0033;1262.0;1111.0;887.0;1132.0;1.8;92.0;244.0
-200.0;746.0;7.0;14.7;60.3;1.0031;1254.0;1111.0;856.0;1036.0;1.9;81.0;176.0
-200.0;1075.0;7.9;11.6;72.5;0.9916;1262.0;1080.0;896.0;1033.0;1.7;75.0;212.0
-200.0;763.0;6.9;17.3;53.3;1.0407;1279.0;1102.0;855.0;1039.0;2.3;98.0;258.0
-200.0;756.0;8.9;16.5;55.3;1.0267;1301.0;1166.0;935.0;1135.0;2.4;114.0;357.0
-200.0;766.0;7.6;8.9;54.4;0.62;1139.0;1021.0;883.0;846.0;1.8;130.0;234.0
-200.0;989.0;6.0;14.9;53.4;0.8998;1189.0;969.0;812.0;842.0;1.6;100.0;259.0
-200.0;771.0;6.7;10.0;55.0;0.6753;1132.0;1009.0;845.0;856.0;0.6;128.0;263.0
-200.0;760.0;7.6;7.0;64.9;0.6512;1203.0;1098.0;881.0;974.0;0.7;128.0;265.0
-200.0;954.0;8.2;23.4;44.4;1.2646;1681.0;989.0;906.0;826.0;1.8;102.0;118.0
95.0;892.0;7.5;13.9;60.7;0.9597;1539.0;1030.0;880.0;996.0;1.1;69.0;76.0
-200.0;820.0;4.9;9.8;81.9;0.9923;1241.0;1125.0;758.0;867.0;0.2;104.0;167.0
-200.0;842.0;5.2;10.4;77.3;0.9709;1189.0;988.0;774.0;841.0;1.0;89.0;206.0
-200.0;977.0;7.5;19.3;68.8;1.519;1694.0;1035.0;878.0;825.0;0.8;69.0;78.0
-200.0;904.0;10.7;21.7;46.9;1.2044;1716.0;1020.0;1003.0;916.0;1.1;96.0;97.0
-200.0;1031.0;6.5;16.6;52.1;0.9785;1527.0;909.0;834.0;763.0;0.5;60.0;82.0
-200.0;1044.0;8.4;22.3;33.6;0.8913;1515.0;976.0;916.0;880.0;1.2;117.0;117.0
-200.0;703.0;9.7;3.5;80.3;0.6366;1201.0;1074.0;967.0;1065.0;1.9;127.0;337.0
84.0;923.0;5.2;16.8;59.5;1.1269;1495.0;1042.0;772.0;968.0;1.0;61.0;51.0
105.0;971.0;9.0;25.4;25.0;0.7966;1491.0;1042.0;941.0;871.0;1.5;91.0;110.0
-200.0;993.0;9.8;23.6;30.1;0.8663;1573.0;997.0;971.0;930.0;1.5;128.0;127.0
-200.0;1056.0;8.5;19.5;36.9;0.8258;1511.0;955.0;918.0;762.0;1.3;93.0;102.0
-200.0;1091.0;6.8;18.5;48.7;1.0286;1509.0;940.0;849.0;764.0;1.1;103.0;93.0
-200.0;982.0;12.3;29.6;18.9;0.7692;1564.0;1026.0;1061.0;814.0;1.7;115.0;133.0
-200.0;792.0;7.0;8.2;78.4;0.8561;1211.0;1098.0;859.0;1006.0;2.8;118.0;362.0
-200.0;877.0;3.8;11.8;77.5;1.0741;1187.0;985.0;701.0;835.0;1.0;106.0;159.0
-200.0;874.0;15.8;31.6;9.2;0.419;1459.0;1091.0;1172.0;1105.0;2.2;127.0;162.0
-200.0;820.0;15.3;19.2;20.0;0.439;1459.0;1058.0;1158.0;1187.0;2.1;91.0;149.0
-200.0;854.0;8.8;19.4;54.6;1.2184;1693.0;1131.0;932.0;1048.0;1.8;86.0;104.0
-200.0;909.0;9.2;24.6;36.7;1.1202;1657.0;1117.0;946.0;915.0;1.9;86.0;105.0
-200.0;637.0;10.0;12.5;63.2;0.9113;1374.0;1171.0;978.0;1092.0;2.3;138.0;344.0
-200.0;684.0;8.6;12.9;63.2;0.9335;1324.0;1131.0;926.0;1036.0;1.9;127.0;288.0
-200.0;989.0;5.5;16.4;62.2;1.1507;1536.0;938.0;789.0;864.0;0.9;55.0;38.0
-200.0;748.0;6.4;13.5;59.9;0.9261;1230.0;1074.0;832.0;934.0;1.6;119.0;244.0
-200.0;920.0;6.9;17.7;56.4;1.1342;1595.0;1046.0;851.0;908.0;1.4;77.0;94.0
-200.0;735.0;6.9;13.3;68.2;1.0356;1276.0;1138.0;854.0;911.0;2.2;117.0;262.0
-200.0;948.0;7.0;23.9;34.3;1.002;1538.0;1047.0;859.0;677.0;1.5;84.0;92.0
-200.0;925.0;12.0;21.2;18.9;0.471;1416.0;1006.0;1048.0;966.0;2.1;114.0;147.0
-200.0;721.0;7.8;13.4;66.6;1.0187;1295.0;1138.0;891.0;918.0;2.0;110.0;212.0
-200.0;706.0;7.5;12.4;64.7;0.9266;1264.0;1117.0;876.0;1057.0;2.1;123.0;300.0
-200.0;972.0;5.8;25.3;36.3;1.1513;1528.0;1085.0;805.0;718.0;1.1;65.0;69.0
-200.0;884.0;4.1;11.0;68.7;0.9001;1145.0;987.0;715.0;797.0;1.2;101.0;165.0
-200.0;1034.0;4.3;20.0;48.6;1.1199;1490.0;1008.0;729.0;795.0;0.8;65.0;68.0
-200.0;676.0;7.3;9.2;78.5;0.9143;1241.0;1095.0;868.0;1078.0;1.4;98.0;357.0
-200.0;898.0;7.9;20.3;54.8;1.2867;1657.0;1035.0;895.0;863.0;1.3;65.0;84.0
-200.0;930.0;6.4;21.2;48.3;1.2034;1565.0;1123.0;832.0;792.0;1.2;68.0;65.0
-200.0;795.0;9.2;17.2;52.9;1.0276;1643.0;1153.0;947.0;1076.0;1.2;80.0;107.0
-200.0;1024.0;3.6;15.8;53.8;0.9615;1374.0;941.0;687.0;777.0;0.5;59.0;50.0
-200.0;994.0;4.0;16.9;49.8;0.9544;1385.0;951.0;713.0;821.0;-200.0;58.0;42.0
-200.0;770.0;9.7;17.6;47.6;0.9465;1594.0;1123.0;966.0;1183.0;1.5;93.0;91.0
-200.0;791.0;12.3;31.1;22.3;0.9888;1649.0;1196.0;1061.0;899.0;1.9;120.0;116.0
-200.0;859.0;7.7;19.3;43.0;0.9535;1542.0;1069.0;887.0;1041.0;1.2;84.0;70.0
-200.0;910.0;8.7;21.1;36.5;0.9019;1518.0;1081.0;929.0;937.0;1.2;75.0;65.0
-200.0;824.0;11.2;17.5;59.2;1.1725;1740.0;1070.0;1022.0;933.0;2.4;88.0;126.0
-200.0;1014.0;7.1;20.9;28.8;0.7014;1398.0;964.0;861.0;735.0;1.2;73.0;69.0
-200.0;975.0;7.0;22.9;37.0;1.0197;1495.0;1093.0;858.0;816.0;1.6;95.0;96.0
-200.0;1013.0;7.9;28.2;19.0;0.7164;1400.0;1017.0;897.0;780.0;1.6;92.0;96.0
-200.0;1001.0;5.2;16.3;45.1;0.8286;1393.0;975.0;774.0;878.0;0.9;69.0;73.0
-200.0;789.0;12.5;20.2;37.7;0.8833;1692.0;1043.0;1066.0;1014.0;2.5;114.0;161.0
-200.0;879.0;9.9;20.2;34.3;0.8017;1552.0;1101.0;972.0;1001.0;1.6;97.0;95.0
-200.0;1037.0;8.5;26.0;22.7;0.7532;1455.0;1026.0;920.0;746.0;1.7;97.0;104.0
-200.0;890.0;9.1;16.0;47.4;0.8564;1576.0;1065.0;942.0;1067.0;1.4;68.0;106.0
-200.0;824.0;11.0;15.0;61.4;1.0385;1722.0;1075.0;1015.0;949.0;2.1;97.0;107.0
-200.0;869.0;12.5;27.1;21.6;0.7618;1573.0;1048.0;1068.0;993.0;2.1;110.0;147.0
-200.0;815.0;11.1;22.8;32.4;0.887;1618.0;1095.0;1019.0;1181.0;2.5;113.0;186.0
-200.0;908.0;6.1;15.5;59.9;1.0498;1512.0;988.0;814.0;921.0;-200.0;87.0;74.0
-200.0;883.0;6.9;16.3;57.0;1.0484;1538.0;1014.0;853.0;975.0;1.3;91.0;75.0
-200.0;783.0;5.6;12.5;63.7;0.9196;1187.0;1056.0;795.0;896.0;1.6;115.0;203.0
-200.0;857.0;10.5;13.9;62.7;0.9905;1642.0;1016.0;995.0;854.0;2.2;96.0;117.0
-200.0;922.0;8.0;13.4;65.2;0.9996;1595.0;1041.0;898.0;891.0;2.0;97.0;130.0
-200.0;734.0;5.8;14.3;59.2;0.9608;1220.0;1115.0;804.0;1136.0;1.5;131.0;223.0
-200.0;781.0;5.4;12.5;63.8;0.9244;1188.0;1059.0;783.0;877.0;1.6;112.0;198.0
-200.0;733.0;5.8;13.4;61.0;0.9348;1225.0;1122.0;803.0;960.0;1.5;115.0;211.0
-200.0;733.0;6.2;16.5;50.8;0.9442;1238.0;1096.0;819.0;904.0;1.7;127.0;243.0
-200.0;846.0;9.4;16.7;47.2;0.892;1570.0;1074.0;954.0;956.0;2.2;112.0;136.0
-200.0;666.0;7.9;16.2;53.0;0.9687;1312.0;1185.0;893.0;1011.0;2.0;122.0;237.0
-200.0;685.0;7.7;15.6;54.8;0.966;1288.0;1173.0;885.0;1038.0;1.9;134.0;274.0
-200.0;736.0;5.9;10.5;72.0;0.912;1207.0;1145.0;806.0;1120.0;1.7;112.0;199.0
-200.0;719.0;7.6;6.0;78.5;0.7377;1218.0;1102.0;884.0;940.0;1.7;99.0;284.0
-200.0;674.0;13.4;30.8;32.0;1.4014;1631.0;1152.0;1099.0;1093.0;2.5;130.0;243.0
-200.0;728.0;9.2;25.2;51.0;1.6131;1763.0;1069.0;947.0;1039.0;1.5;86.0;89.0
-200.0;914.0;2.9;6.4;70.7;0.6848;1046.0;961.0;643.0;825.0;1.2;124.0;163.0
-200.0;951.0;6.5;13.9;61.1;0.9656;1501.0;997.0;835.0;888.0;-200.0;-200.0;-200.0
-200.0;952.0;1.5;9.8;68.9;0.8329;1039.0;979.0;547.0;470.0;-200.0;55.0;73.0
-200.0;859.0;2.7;12.4;66.2;0.95;1120.0;977.0;631.0;659.0;0.7;78.0;113.0
-200.0;1093.0;2.8;20.4;63.0;1.4946;1367.0;868.0;639.0;610.0;0.5;55.0;109.0
-200.0;589.0;8.5;13.5;63.8;0.9797;1336.0;1217.0;921.0;1261.0;1.9;154.0;257.0
-200.0;638.0;10.0;6.7;77.1;0.7597;1273.0;1192.0;978.0;1210.0;2.3;113.0;415.0
-200.0;696.0;5.8;20.5;38.4;0.9161;1191.0;1177.0;800.0;748.0;1.7;139.0;222.0
-200.0;1133.0;2.4;23.0;54.0;1.501;1302.0;812.0;613.0;626.0;0.6;47.0;54.0
67.0;1071.0;7.4;9.1;63.9;0.7423;1463.0;1196.0;873.0;1144.0;1.9;97.0;139.0
-200.0;659.0;9.3;7.7;73.8;0.7769;1253.0;1132.0;950.0;1106.0;2.4;123.0;432.0
-200.0;1135.0;3.6;12.0;68.0;0.9547;1405.0;866.0;686.0;741.0;0.6;48.0;55.0
-200.0;707.0;12.1;22.2;47.9;1.2626;1563.0;1191.0;1055.0;1221.0;2.5;116.0;304.0
-200.0;867.0;3.6;9.8;70.7;0.8571;1109.0;1032.0;687.0;878.0;1.4;89.0;142.0
-200.0;640.0;6.8;11.8;68.3;0.9432;1245.0;1206.0;849.0;1127.0;2.2;163.0;307.0
-200.0;1132.0;2.7;15.6;62.2;1.0961;1403.0;872.0;632.0;768.0;-200.0;47.0;37.0
-200.0;1017.0;5.0;27.6;29.2;1.0594;1268.0;885.0;765.0;619.0;1.1;78.0;162.0
-200.0;1024.0;5.2;26.6;30.7;1.0501;1274.0;895.0;776.0;640.0;1.2;82.0;178.0
-200.0;631.0;6.8;12.1;67.6;0.9539;1274.0;1236.0;849.0;1131.0;1.9;150.0;251.0
-200.0;625.0;9.6;14.4;58.2;0.9495;1348.0;1231.0;962.0;1192.0;2.5;151.0;412.0
-200.0;733.0;15.9;22.8;42.5;1.1608;1605.0;1082.0;1178.0;1077.0;3.1;129.0;341.0
-200.0;910.0;6.9;14.7;63.1;1.0488;1575.0;1084.0;852.0;959.0;-200.0;-200.0;-200.0
-200.0;884.0;7.7;13.6;66.1;1.0236;1588.0;1079.0;885.0;974.0;-200.0;-200.0;-200.0
-200.0;660.0;7.3;12.7;69.9;1.0223;1292.0;1177.0;871.0;1192.0;1.7;116.0;244.0
108.0;1049.0;9.2;18.4;33.6;0.7042;1532.0;1240.0;947.0;947.0;2.0;116.0;119.0
-200.0;791.0;5.5;13.5;41.3;0.6342;1071.0;1124.0;790.0;1206.0;1.6;137.0;258.0
-200.0;647.0;7.7;12.0;71.9;1.0071;1292.0;1205.0;888.0;1187.0;1.8;116.0;256.0
-200.0;741.0;15.0;16.0;50.9;0.9211;1824.0;1164.0;1148.0;1130.0;3.4;127.0;224.0
-200.0;1006.0;6.5;19.1;37.0;0.8104;1243.0;915.0;834.0;686.0;1.5;66.0;168.0
-200.0;989.0;5.4;12.2;63.2;0.8964;1224.0;835.0;785.0;780.0;1.0;56.0;148.0
-200.0;841.0;3.3;7.2;68.6;0.6978;1038.0;960.0;668.0;878.0;0.8;106.0;184.0
-200.0;741.0;12.7;12.3;78.3;1.1154;1816.0;1191.0;1074.0;1038.0;3.1;128.0;239.0
-200.0;1035.0;5.2;13.0;64.3;0.9586;1450.0;885.0;772.0;524.0;1.1;56.0;57.0
-200.0;903.0;2.3;9.0;64.3;0.7417;1020.0;953.0;604.0;838.0;0.6;84.0;114.0
-200.0;626.0;9.1;11.2;70.3;0.9323;1296.0;1174.0;942.0;1262.0;2.1;122.0;381.0
-200.0;1085.0;4.6;12.5;75.8;1.0938;1468.0;898.0;741.0;589.0;1.4;76.0;79.0
-200.0;832.0;8.2;34.0;33.6;1.7591;1516.0;1052.0;906.0;803.0;-200.0;-200.0;-200.0
-200.0;880.0;10.1;30.4;26.5;1.1347;1617.0;1248.0;982.0;746.0;1.9;107.0;95.0
57.0;1055.0;6.4;12.4;60.0;0.8627;1527.0;1235.0;828.0;1093.0;1.6;83.0;118.0
-200.0;775.0;14.4;17.6;35.0;0.6965;1675.0;1196.0;1131.0;1243.0;2.6;113.0;216.0
99.0;1081.0;8.2;21.9;29.0;0.7525;1511.0;1258.0;906.0;900.0;1.9;107.0;112.0
-200.0;817.0;3.3;12.6;53.7;0.7793;1056.0;1013.0;671.0;986.0;0.9;104.0;123.0
-200.0;735.0;14.9;35.2;25.2;1.4111;1676.0;1172.0;1145.0;1049.0;2.3;128.0;275.0
66.0;998.0;7.0;13.4;61.3;0.9361;1566.0;1224.0;855.0;1149.0;1.8;88.0;108.0
-200.0;1207.0;1.6;11.2;69.0;0.9159;1047.0;858.0;554.0;663.0;0.9;45.0;60.0
44.0;1150.0;4.0;12.3;65.4;0.9351;1468.0;1078.0;711.0;1013.0;-200.0;71.0;66.0
39.0;1156.0;3.9;11.9;67.4;0.9375;1464.0;1075.0;703.0;1010.0;1.0;74.0;88.0
51.0;1030.0;6.4;11.4;70.5;0.9475;1584.0;1157.0;830.0;1083.0;1.4;80.0;138.0
-200.0;585.0;10.9;26.1;20.8;0.6959;1249.0;1250.0;1012.0;1192.0;2.4;173.0;343.0
-200.0;747.0;15.5;30.4;24.7;1.0526;1774.0;1251.0;1165.0;975.0;2.5;135.0;144.0
-200.0;807.0;4.2;10.7;71.3;0.9161;1161.0;1002.0;722.0;998.0;-200.0;85.0;162.0
-200.0;694.0;5.7;11.8;56.9;0.7836;1144.0;1108.0;798.0;1199.0;1.4;134.0;221.0
-200.0;772.0;13.7;32.6;19.3;0.935;1701.0;1248.0;1108.0;969.0;2.2;138.0;145.0
-200.0;878.0;4.7;4.7;57.2;0.4932;968.0;973.0;748.0;991.0;1.2;97.0;190.0
-200.0;899.0;9.7;33.8;21.9;1.1331;1386.0;1121.0;965.0;932.0;-200.0;-200.0;-200.0
-200.0;858.0;4.3;21.3;61.0;1.529;1388.0;968.0;730.0;913.0;-200.0;-200.0;-200.0
-200.0;750.0;13.2;31.7;21.7;0.9966;1719.0;1286.0;1090.0;1023.0;2.0;98.0;100.0
-200.0;757.0;13.0;32.8;19.5;0.9515;1724.0;1308.0;1084.0;989.0;2.0;110.0;123.0
-200.0;783.0;13.5;32.5;18.6;0.8948;1680.0;1276.0;1099.0;925.0;2.3;114.0;136.0
-200.0;867.0;4.0;20.5;64.0;1.5247;1384.0;994.0;711.0;909.0;-200.0;-200.0;-200.0
-200.0;836.0;10.6;19.5;55.7;1.2512;1764.0;1077.0;1001.0;717.0;1.6;59.0;67.0
-200.0;772.0;12.3;21.4;47.7;1.2047;1784.0;1131.0;1059.0;978.0;2.3;100.0;132.0
-200.0;725.0;13.6;21.5;47.9;1.2178;1860.0;1152.0;1104.0;1023.0;2.6;99.0;145.0
-200.0;770.0;12.6;27.9;28.1;1.0394;1747.0;1246.0;1070.0;1064.0;2.0;84.0;104.0
-200.0;773.0;11.7;28.9;29.3;1.1503;1767.0;1315.0;1041.0;966.0;2.1;101.0;115.0
-200.0;753.0;12.4;21.2;49.3;1.2271;1825.0;1148.0;1062.0;1004.0;2.2;87.0;128.0
-200.0;620.0;10.9;23.6;23.2;0.6665;1262.0;1191.0;1011.0;903.0;1.9;146.0;305.0
-200.0;759.0;10.4;19.0;58.0;1.2581;1780.0;1192.0;994.0;1163.0;1.9;78.0;105.0
-200.0;931.0;3.2;7.0;77.3;0.7759;1058.0;891.0;666.0;798.0;0.9;77.0;161.0
67.0;1008.0;6.9;15.3;61.4;1.058;1547.0;1142.0;852.0;1164.0;1.4;101.0;89.0
-200.0;915.0;3.7;6.5;79.7;0.7751;1054.0;937.0;694.0;817.0;1.0;81.0;194.0
-200.0;1081.0;4.2;19.2;42.3;0.9339;1388.0;968.0;719.0;664.0;1.0;76.0;73.0
-200.0;762.0;15.5;21.4;45.8;1.1515;1606.0;1209.0;1163.0;1300.0;2.4;108.0;430.0
-200.0;760.0;3.8;10.1;64.3;0.7934;1102.0;1038.0;701.0;940.0;0.9;110.0;185.0
-200.0;789.0;10.7;19.9;54.9;1.2632;1753.0;1292.0;1003.0;1163.0;2.6;108.0;170.0
-200.0;1047.0;5.5;25.9;28.1;0.9258;1443.0;1018.0;790.0;580.0;1.1;67.0;69.0
-200.0;1049.0;1.8;6.7;75.0;0.7418;993.0;909.0;567.0;694.0;0.7;63.0;100.0
-200.0;1120.0;4.3;16.7;28.3;0.5316;1187.0;859.0;727.0;753.0;0.5;84.0;65.0
-200.0;1010.0;6.8;24.6;31.7;0.9647;1519.0;1026.0;847.0;617.0;1.2;73.0;70.0
-200.0;1134.0;3.6;22.4;43.5;1.1624;1250.0;895.0;689.0;709.0;0.5;55.0;91.0
-200.0;907.0;14.8;34.9;18.5;1.0189;1490.0;1156.0;1142.0;1188.0;2.2;143.0;387.0
-200.0;928.0;9.2;26.1;30.3;1.0101;1584.0;1050.0;948.0;652.0;1.8;82.0;80.0
-200.0;631.0;7.5;12.7;62.8;0.9198;1280.0;1166.0;880.0;1238.0;1.6;149.0;248.0
-200.0;828.0;5.5;19.8;66.9;1.5277;1432.0;995.0;789.0;874.0;-200.0;-200.0;-200.0
-200.0;809.0;4.5;7.1;73.5;0.7439;1064.0;1032.0;736.0;973.0;1.3;90.0;176.0
-200.0;866.0;4.2;5.1;81.3;0.7204;1059.0;981.0;721.0;836.0;1.1;59.0;103.0
-200.0;838.0;5.2;18.4;71.6;1.4997;1431.0;960.0;772.0;852.0;-200.0;-200.0;-200.0
-200.0;688.0;7.7;11.7;79.8;1.0964;1321.0;1271.0;886.0;1113.0;2.6;121.0;345.0
-200.0;881.0;4.5;20.3;64.6;1.518;1412.0;944.0;740.0;781.0;-200.0;-200.0;-200.0
-200.0;1200.0;12.0;31.8;13.5;0.6249;1366.0;1014.0;1049.0;893.0;1.6;109.0;120.0
-200.0;820.0;9.0;32.4;19.4;0.9279;1380.0;958.0;940.0;728.0;1.6;-200.0;-200.0
-200.0;831.0;8.5;10.3;32.6;0.4094;991.0;968.0;920.0;882.0;1.9;128.0;299.0
-200.0;752.0;10.7;31.7;20.5;0.9428;1439.0;986.0;1005.0;907.0;2.2;-200.0;-200.0
-200.0;597.0;10.8;20.2;32.2;0.7526;1308.0;1263.0;1008.0;1121.0;2.4;158.0;391.0
-200.0;878.0;5.1;25.9;32.9;1.0826;1315.0;965.0;769.0;667.0;1.3;-200.0;-200.0
-200.0;840.0;6.7;30.1;27.2;1.1406;1394.0;996.0;843.0;765.0;1.5;-200.0;-200.0
-200.0;827.0;6.6;29.2;29.1;1.1586;1390.0;977.0;840.0;736.0;1.4;-200.0;-200.0
-200.0;843.0;5.7;27.6;34.2;1.2464;1372.0;977.0;800.0;778.0;1.3;-200.0;-200.0
-200.0;749.0;8.0;26.3;38.3;1.2932;1470.0;1058.0;898.0;977.0;1.7;-200.0;-200.0
-200.0;832.0;6.7;26.3;29.5;0.9959;1349.0;1008.0;845.0;856.0;1.7;-200.0;-200.0
-200.0;758.0;10.8;8.0;41.0;0.4416;1103.0;980.0;1008.0;993.0;4.1;151.0;341.0
34.0;1169.0;4.1;14.1;55.6;0.891;1383.0;998.0;714.0;992.0;0.9;79.0;70.0
84.0;1038.0;7.5;9.9;65.2;0.7956;1556.0;1173.0;878.0;1052.0;1.6;84.0;160.0
-200.0;634.0;7.5;9.9;67.6;0.8239;1257.0;1176.0;880.0;1180.0;1.6;127.0;318.0
-200.0;687.0;6.9;4.3;82.9;0.6968;1101.0;1104.0;851.0;1085.0;1.6;98.0;367.0
-200.0;661.0;11.6;4.7;82.3;0.7105;1260.0;1217.0;1036.0;1171.0;3.3;146.0;459.0
-200.0;824.0;2.9;8.4;74.5;0.8241;1090.0;1016.0;647.0;937.0;0.8;85.0;117.0
48.0;1005.0;4.5;15.7;74.7;1.3194;1563.0;1005.0;738.0;917.0;0.8;66.0;68.0
-200.0;843.0;13.9;21.5;48.1;1.2148;1805.0;1176.0;1114.0;1102.0;2.2;114.0;141.0
-200.0;834.0;4.8;2.4;86.6;0.6369;1015.0;978.0;756.0;878.0;-200.0;115.0;266.0
-200.0;761.0;3.8;9.8;68.0;0.8227;1122.0;1077.0;701.0;1106.0;0.1;104.0;147.0
-200.0;624.0;11.0;28.9;44.3;1.7392;1650.0;1264.0;1016.0;1062.0;1.9;76.0;186.0
-200.0;621.0;11.9;23.9;59.2;1.7327;1664.0;1203.0;1046.0;1103.0;2.0;74.0;223.0
-200.0;1177.0;6.5;20.1;35.0;0.8149;1408.0;901.0;834.0;738.0;1.0;103.0;102.0
-200.0;765.0;7.8;30.7;30.7;1.3338;1408.0;1037.0;890.0;735.0;1.7;-200.0;-200.0
-200.0;897.0;13.7;19.0;38.2;0.8327;1707.0;1065.0;1106.0;929.0;2.7;112.0;142.0
-200.0;730.0;9.1;32.8;28.2;1.3842;1524.0;1100.0;944.0;882.0;1.8;-200.0;-200.0
-200.0;942.0;3.6;22.8;64.0;1.7507;1406.0;941.0;686.0;549.0;-200.0;38.0;50.0
-200.0;809.0;4.6;22.1;54.5;1.4337;1419.0;958.0;744.0;903.0;0.8;-200.0;-200.0
-200.0;1102.0;7.7;29.2;19.6;0.7817;1447.0;963.0;885.0;695.0;0.9;90.0;84.0
-200.0;902.0;4.3;3.5;80.8;0.6406;1004.0;973.0;728.0;854.0;1.3;83.0;148.0
-200.0;819.0;5.9;3.7;68.9;0.5549;1021.0;1003.0;807.0;1005.0;1.7;115.0;219.0
103.0;1013.0;10.4;26.8;18.7;0.65;1520.0;1207.0;994.0;1045.0;2.0;104.0;135.0
-200.0;799.0;8.8;16.1;28.5;0.5164;1046.0;956.0;931.0;1015.0;2.3;140.0;409.0
-200.0;835.0;5.4;3.9;67.1;0.5483;1013.0;1011.0;783.0;1026.0;1.4;118.0;255.0
-200.0;804.0;14.2;17.4;50.9;1.0017;1801.0;1108.0;1123.0;1111.0;1.6;83.0;167.0
-200.0;909.0;13.1;30.3;22.8;0.9695;1677.0;1018.0;1088.0;795.0;1.4;120.0;127.0
-200.0;921.0;12.1;30.7;23.4;1.015;1636.0;1006.0;1054.0;769.0;1.2;111.0;115.0
-200.0;898.0;4.8;5.7;54.5;0.5034;984.0;939.0;751.0;952.0;1.4;156.0;312.0
185.0;922.0;14.2;15.8;37.0;0.661;1740.0;1353.0;1122.0;1139.0;2.9;126.0;190.0
-200.0;986.0;6.5;17.8;80.3;1.6212;1676.0;1017.0;834.0;734.0;0.6;59.0;61.0
70.0;947.0;8.1;14.3;55.4;0.8975;1502.0;1161.0;904.0;1240.0;1.4;107.0;92.0
-200.0;613.0;8.3;13.7;52.1;0.8121;1245.0;1208.0;911.0;1244.0;0.9;166.0;318.0
-200.0;984.0;2.7;3.1;69.2;0.5337;943.0;923.0;634.0;875.0;1.1;75.0;123.0
-200.0;961.0;5.9;7.9;59.2;0.6331;1048.0;1021.0;808.0;1098.0;2.0;102.0;224.0
-200.0;888.0;7.2;8.7;55.2;0.6225;1064.0;1074.0;867.0;1221.0;2.1;112.0;285.0
-200.0;876.0;10.5;27.2;42.5;1.5135;1807.0;1094.0;996.0;864.0;-200.0;53.0;76.0
-200.0;813.0;14.0;15.5;50.1;0.8744;1751.0;1283.0;1117.0;1188.0;2.8;127.0;192.0
-200.0;642.0;7.1;16.4;43.5;0.8055;1234.0;1217.0;861.0;898.0;0.8;135.0;282.0
-200.0;751.0;8.9;12.6;39.9;0.5804;1085.0;1101.0;934.0;1208.0;2.4;116.0;333.0
-200.0;843.0;5.8;5.6;61.6;0.5656;1017.0;955.0;804.0;1007.0;1.7;95.0;199.0
-200.0;646.0;13.3;32.4;26.3;1.2594;1675.0;1051.0;1094.0;966.0;2.2;108.0;224.0
-200.0;762.0;10.9;14.2;26.8;0.4332;1075.0;1072.0;1011.0;1172.0;2.3;142.0;340.0
-200.0;1182.0;4.1;13.9;55.6;0.8765;1382.0;1017.0;718.0;650.0;1.3;81.0;74.0
-200.0;647.0;12.3;20.0;69.6;1.607;1623.0;1202.0;1058.0;1152.0;2.3;82.0;416.0
-200.0;835.0;10.6;15.7;58.6;1.0396;1714.0;1456.0;999.0;1202.0;2.8;107.0;175.0
-200.0;1095.0;4.5;19.6;54.8;1.236;1525.0;852.0;739.0;837.0;0.7;63.0;37.0
-200.0;1010.0;8.0;30.7;26.0;1.1287;1596.0;914.0;900.0;706.0;1.4;68.0;86.0
-200.0;838.0;10.2;26.6;47.6;1.6315;1897.0;1133.0;984.0;976.0;1.9;92.0;110.0
-200.0;917.0;9.0;30.4;31.3;1.3331;1744.0;1042.0;939.0;860.0;1.7;89.0;108.0
-200.0;666.0;10.1;32.7;33.0;1.5987;1676.0;1093.0;981.0;733.0;2.0;82.0;166.0
-200.0;891.0;6.6;17.5;79.1;1.5709;1727.0;968.0;840.0;788.0;1.1;58.0;47.0
-200.0;815.0;8.8;18.3;19.5;0.4044;1011.0;986.0;931.0;976.0;2.3;120.0;362.0
-200.0;849.0;8.1;18.1;21.3;0.4396;1011.0;920.0;903.0;853.0;1.8;114.0;306.0
-200.0;736.0;7.1;24.6;50.9;1.5508;1539.0;988.0;862.0;893.0;-200.0;-200.0;-200.0
-200.0;1037.0;5.2;18.3;66.5;1.381;1623.0;881.0;776.0;677.0;1.0;62.0;63.0
-200.0;945.0;5.3;15.2;50.1;0.858;1142.0;946.0;780.0;801.0;1.4;99.0;249.0
-200.0;1036.0;6.7;19.5;42.3;0.9493;1539.0;1283.0;844.0;766.0;1.6;76.0;79.0
-200.0;1113.0;7.4;14.5;56.5;0.9306;1235.0;1019.0;874.0;905.0;2.0;114.0;287.0
-200.0;982.0;3.9;16.9;66.7;1.2772;1312.0;857.0;705.0;733.0;0.8;44.0;105.0
-200.0;1084.0;6.6;23.7;36.8;1.0609;1547.0;906.0;838.0;694.0;1.3;88.0;117.0
-200.0;1061.0;7.0;19.3;47.9;1.059;1557.0;870.0;858.0;811.0;1.4;95.0;102.0
145.0;938.0;7.9;19.6;35.9;0.81;1487.0;1075.0;896.0;936.0;1.9;94.0;128.0
-200.0;785.0;9.0;18.2;55.9;1.1547;1442.0;998.0;941.0;914.0;-200.0;-200.0;-200.0
188.0;844.0;9.9;15.8;48.0;0.8569;1570.0;1186.0;976.0;1200.0;2.0;113.0;127.0
-200.0;871.0;15.2;34.3;19.4;1.0279;1840.0;1022.0;1155.0;979.0;2.3;113.0;172.0
-200.0;825.0;13.4;27.0;36.7;1.2898;1827.0;1029.0;1097.0;980.0;2.5;125.0;155.0
-200.0;988.0;3.2;11.8;71.8;0.9909;1121.0;923.0;664.0;822.0;0.9;67.0;177.0
33.0;1191.0;2.5;16.3;52.8;0.9722;1345.0;856.0;619.0;677.0;0.5;39.0;29.0
-200.0;770.0;7.0;8.6;53.6;0.5992;1109.0;998.0;858.0;857.0;2.2;135.0;256.0
-200.0;847.0;4.5;6.7;57.4;0.5654;992.0;1003.0;740.0;1048.0;1.4;94.0;135.0
-200.0;658.0;10.3;10.2;78.4;0.9757;1350.0;1203.0;988.0;1315.0;3.0;113.0;412.0
-200.0;610.0;13.4;13.2;72.8;1.0984;1451.0;1316.0;1099.0;1268.0;3.1;137.0;412.0
-200.0;1113.0;3.3;20.8;54.4;1.3229;1501.0;817.0;672.0;751.0;0.5;51.0;31.0
-200.0;776.0;8.6;13.4;27.2;0.4157;1016.0;987.0;925.0;1066.0;0.1;148.0;310.0
-200.0;886.0;5.8;33.4;22.5;1.1398;1361.0;903.0;805.0;581.0;1.1;64.0;49.0
143.0;1018.0;6.9;20.2;30.7;0.7176;1436.0;994.0;851.0;640.0;1.6;75.0;95.0
-200.0;937.0;17.3;9.6;53.7;0.6409;1391.0;1288.0;1220.0;1594.0;3.2;165.0;576.0
-200.0;1136.0;4.0;14.9;60.6;1.0196;1461.0;1062.0;711.0;700.0;1.1;66.0;55.0
155.0;982.0;7.5;14.4;43.6;0.7113;1464.0;1053.0;880.0;786.0;1.9;91.0;116.0
-200.0;761.0;12.6;11.7;68.9;0.9439;1431.0;1230.0;1070.0;1197.0;2.8;98.0;450.0
-200.0;985.0;4.3;12.9;64.2;0.9506;1146.0;964.0;730.0;891.0;1.0;71.0;243.0
-200.0;1228.0;1.1;3.7;55.8;0.4489;836.0;837.0;512.0;720.0;0.7;79.0;95.0
-200.0;1015.0;2.5;20.0;59.3;1.3681;1322.0;792.0;621.0;714.0;0.6;56.0;40.0
-200.0;1092.0;3.5;24.8;37.8;1.1639;1435.0;807.0;681.0;765.0;0.6;65.0;41.0
-200.0;883.0;6.1;9.8;34.0;0.4112;942.0;932.0;817.0;854.0;-200.0;-200.0;-200.0
-200.0;621.0;13.8;20.3;47.5;1.1187;1481.0;1145.0;1112.0;1331.0;2.5;109.0;323.0
-200.0;758.0;10.2;15.3;56.3;0.9684;1465.0;1079.0;985.0;1009.0;-200.0;-200.0;-200.0
-200.0;1037.0;2.7;15.7;59.5;1.0534;1133.0;875.0;635.0;612.0;1.0;75.0;117.0
-200.0;909.0;1.9;10.1;61.9;0.7631;1016.0;959.0;578.0;822.0;-200.0;81.0;100.0
165.0;860.0;9.9;27.5;31.6;1.1417;1634.0;1257.0;973.0;839.0;1.8;93.0;90.0
-200.0;691.0;9.2;12.7;56.7;0.8304;1234.0;1092.0;946.0;1043.0;-200.0;-200.0;-200.0
-200.0;1012.0;3.3;13.1;64.3;0.9628;1111.0;892.0;672.0;706.0;1.0;73.0;146.0
-200.0;1047.0;4.1;20.8;40.2;0.9725;1414.0;853.0;716.0;707.0;0.5;58.0;45.0
238.0;879.0;8.7;26.9;32.1;1.1217;1623.0;1200.0;929.0;972.0;1.9;74.0;84.0
-200.0;674.0;8.7;5.4;78.2;0.7074;1220.0;1174.0;926.0;1020.0;-200.0;157.0;245.0
-200.0;798.0;5.4;6.2;72.3;0.6887;1101.0;1110.0;782.0;954.0;-200.0;134.0;210.0
-200.0;1033.0;2.8;12.3;67.5;0.9624;1100.0;862.0;639.0;727.0;1.0;81.0;148.0
119.0;931.0;5.7;14.0;59.7;0.9499;1483.0;1021.0;800.0;1019.0;0.9;64.0;75.0
191.0;831.0;15.5;16.1;41.0;0.7451;1779.0;1473.0;1163.0;1395.0;3.2;148.0;227.0
-200.0;682.0;9.7;6.9;52.8;0.5293;1147.0;1094.0;967.0;1136.0;2.0;203.0;355.0
-200.0;1026.0;5.5;23.9;42.1;1.2335;1538.0;906.0;786.0;633.0;1.2;73.0;95.0
-200.0;1029.0;5.3;25.5;38.3;1.2328;1544.0;915.0;776.0;616.0;1.2;72.0;86.0
-200.0;1012.0;5.5;25.4;39.2;1.2534;1585.0;928.0;787.0;606.0;1.3;68.0;85.0
-200.0;788.0;8.0;21.9;39.4;1.0234;1369.0;1013.0;901.0;975.0;-200.0;-200.0;-200.0
-200.0;972.0;6.7;22.3;44.9;1.1973;1583.0;914.0;845.0;703.0;1.5;82.0;93.0
-200.0;1023.0;5.7;21.7;46.5;1.1917;1531.0;888.0;799.0;637.0;1.4;74.0;76.0
-200.0;685.0;9.6;11.9;88.7;1.2352;1408.0;1187.0;961.0;1017.0;2.6;115.0;497.0
-200.0;726.0;9.7;22.2;41.4;1.097;1446.0;1052.0;966.0;982.0;-200.0;-200.0;-200.0
-200.0;785.0;15.8;34.0;20.8;1.0898;1808.0;1053.0;1173.0;981.0;2.6;140.0;189.0
-200.0;808.0;6.9;14.6;79.0;1.3082;1389.0;971.0;851.0;876.0;-200.0;-200.0;-200.0
-200.0;829.0;5.8;10.7;37.2;0.4788;997.0;981.0;804.0;783.0;0.7;127.0;191.0
-200.0;958.0;6.6;16.3;49.7;0.916;1467.0;1000.0;839.0;1024.0;-200.0;-200.0;-200.0
-200.0;765.0;12.2;27.1;38.8;1.3705;1879.0;1126.0;1058.0;1061.0;2.4;115.0;168.0
-200.0;862.0;9.0;30.1;30.9;1.2958;1703.0;1032.0;940.0;733.0;1.7;85.0;102.0
-200.0;755.0;13.7;32.7;25.8;1.2547;1839.0;1087.0;1106.0;906.0;2.4;110.0;129.0
-200.0;797.0;12.2;33.0;26.0;1.2877;1772.0;1101.0;1057.0;863.0;2.3;113.0;122.0
-200.0;646.0;6.7;14.2;51.5;0.8313;1206.0;1180.0;846.0;791.0;0.7;137.0;246.0
-200.0;982.0;8.2;19.3;38.8;0.8559;1466.0;1009.0;907.0;872.0;-200.0;-200.0;-200.0
-200.0;759.0;8.0;10.7;33.1;0.4256;1034.0;1023.0;898.0;899.0;1.1;148.0;256.0
-200.0;853.0;6.3;27.0;30.0;1.0542;1346.0;872.0;824.0;590.0;1.3;77.0;66.0
-200.0;808.0;6.0;36.3;28.3;1.6851;1520.0;1004.0;814.0;602.0;1.3;61.0;57.0
-200.0;787.0;7.1;10.6;34.2;0.4375;993.0;1009.0;860.0;922.0;1.3;172.0;287.0
-200.0;747.0;14.8;37.2;21.6;1.3514;1840.0;1104.0;1143.0;896.0;2.4;147.0;133.0
-200.0;808.0;6.3;35.3;28.5;1.6034;1544.0;985.0;826.0;621.0;1.3;71.0;66.0
-200.0;680.0;9.6;12.2;83.9;1.189;1395.0;1148.0;963.0;1017.0;2.5;102.0;451.0
-200.0;715.0;10.4;7.8;39.7;0.4206;1092.0;1054.0;992.0;1051.0;1.5;180.0;302.0
-200.0;653.0;6.2;15.0;48.6;0.8253;1184.0;1136.0;822.0;744.0;0.6;130.0;218.0
-200.0;795.0;7.3;6.9;42.5;0.4257;971.0;976.0;870.0;861.0;1.2;152.0;221.0
-200.0;921.0;4.5;7.3;35.0;0.3584;881.0;921.0;736.0;673.0;1.3;125.0;198.0
-200.0;813.0;5.8;4.3;56.7;0.476;1012.0;984.0;803.0;772.0;1.0;142.0;211.0
-200.0;1027.0;3.6;11.8;80.7;1.1181;1192.0;999.0;690.0;707.0;1.1;86.0;193.0
-200.0;715.0;5.7;21.5;35.7;0.905;1184.0;1153.0;798.0;678.0;1.4;109.0;187.0
-200.0;933.0;7.1;18.8;45.8;0.9855;1492.0;1020.0;863.0;1074.0;-200.0;-200.0;-200.0
-200.0;756.0;9.6;21.3;42.9;1.0727;1413.0;1028.0;961.0;928.0;-200.0;-200.0;-200.0
-200.0;601.0;10.4;18.2;28.1;0.5817;1211.0;1161.0;992.0;906.0;1.3;168.0;324.0
-200.0;585.0;10.2;18.8;31.5;0.6752;1252.0;1201.0;985.0;996.0;1.1;156.0;289.0
118.0;944.0;8.7;12.0;61.1;0.8537;1570.0;1132.0;927.0;781.0;2.0;100.0;128.0
74.0;1105.0;5.4;11.0;61.4;0.8057;1425.0;1041.0;782.0;911.0;1.3;86.0;78.0
-200.0;705.0;9.2;19.5;15.3;0.3431;1016.0;1008.0;946.0;942.0;2.2;148.0;334.0
-200.0;770.0;13.8;25.1;32.4;1.017;1753.0;1024.0;1111.0;1069.0;2.5;110.0;201.0
-200.0;587.0;15.4;6.9;73.7;0.7348;1412.0;1274.0;1160.0;1373.0;3.1;133.0;606.0
-200.0;880.0;7.5;36.8;16.2;0.9922;1363.0;922.0;878.0;615.0;1.5;70.0;60.0
-200.0;866.0;9.0;14.2;59.1;0.952;1589.0;1089.0;940.0;1001.0;-200.0;-200.0;-200.0
-200.0;826.0;6.1;25.7;38.5;1.2548;1454.0;922.0;818.0;848.0;-200.0;-200.0;-200.0
-200.0;831.0;7.8;24.6;38.0;1.158;1474.0;931.0;890.0;841.0;-200.0;-200.0;-200.0
-200.0;808.0;8.9;25.4;36.2;1.1562;1535.0;965.0;936.0;866.0;-200.0;-200.0;-200.0
-200.0;729.0;13.6;23.8;39.6;1.1558;1807.0;1050.0;1105.0;1122.0;2.4;104.0;144.0
-200.0;742.0;15.3;26.8;35.1;1.2201;1884.0;1083.0;1157.0;1072.0;2.9;127.0;160.0
-200.0;698.0;9.7;9.1;65.7;0.7607;1245.0;1141.0;967.0;1214.0;2.3;117.0;417.0
-200.0;593.0;12.3;10.4;37.3;0.4708;1203.0;1275.0;1061.0;1494.0;2.7;211.0;427.0
-200.0;929.0;5.3;23.3;59.4;1.6753;1645.0;962.0;778.0;726.0;1.0;44.0;35.0
-200.0;1062.0;2.8;23.7;53.5;1.546;1528.0;871.0;639.0;684.0;0.6;35.0;21.0
-200.0;788.0;7.2;16.2;69.1;1.259;1371.0;984.0;864.0;960.0;-200.0;-200.0;-200.0
-200.0;976.0;5.0;31.9;30.3;1.4125;1561.0;959.0;763.0;549.0;1.2;58.0;56.0
-200.0;889.0;7.8;35.3;20.8;1.1664;1602.0;989.0;889.0;664.0;1.6;89.0;85.0
-200.0;710.0;9.4;4.0;85.7;0.7041;1154.0;1053.0;955.0;1050.0;2.2;94.0;486.0
-200.0;711.0;14.1;23.7;46.0;1.3346;1838.0;1072.0;1120.0;1045.0;2.6;100.0;124.0
-200.0;634.0;12.2;27.0;47.6;1.67;1626.0;1197.0;1058.0;1237.0;2.0;91.0;273.0
-200.0;735.0;7.0;15.0;28.5;0.4821;1028.0;1056.0;857.0;1117.0;1.5;169.0;309.0
-200.0;920.0;7.5;35.9;18.8;1.0912;1539.0;951.0;880.0;637.0;1.6;84.0;89.0
-200.0;801.0;4.1;6.1;72.1;0.6847;1067.0;1034.0;715.0;1051.0;1.1;98.0;131.0
-200.0;687.0;9.4;9.1;37.8;0.4372;1085.0;1096.0;954.0;1139.0;2.2;197.0;345.0
-200.0;1036.0;4.5;21.2;37.6;0.9355;1382.0;835.0;739.0;694.0;0.9;61.0;47.0
-200.0;843.0;5.3;6.0;46.1;0.4351;946.0;1017.0;776.0;971.0;1.3;157.0;239.0
-200.0;858.0;5.6;37.7;27.7;1.778;1549.0;980.0;793.0;654.0;1.1;43.0;32.0
-200.0;1013.0;5.9;38.3;15.8;1.0465;1446.0;927.0;806.0;559.0;1.0;69.0;51.0
95.0;1081.0;5.9;13.6;53.0;0.8209;1442.0;1027.0;809.0;733.0;1.3;88.0;106.0
143.0;968.0;9.4;17.1;37.4;0.7225;1527.0;1102.0;957.0;820.0;2.0;88.0;120.0
-200.0;847.0;5.4;24.4;42.5;1.2854;1428.0;935.0;782.0;867.0;-200.0;-200.0;-200.0
-200.0;807.0;7.5;30.4;29.8;1.2712;1489.0;1029.0;877.0;776.0;-200.0;-200.0;-200.0
-200.0;1088.0;2.8;23.5;51.2;1.4634;1496.0;833.0;641.0;717.0;0.6;44.0;30.0
104.0;1083.0;5.7;10.6;56.1;0.714;1376.0;1014.0;798.0;909.0;1.5;106.0;99.0
64.0;1130.0;4.0;8.0;71.8;0.7711;1363.0;1005.0;713.0;924.0;0.9;78.0;103.0
-200.0;930.0;6.9;38.8;15.8;1.0706;1420.0;903.0;853.0;606.0;1.3;69.0;72.0
-200.0;953.0;7.3;37.4;14.7;0.9295;1363.0;892.0;869.0;632.0;1.4;77.0;71.0
-200.0;772.0;11.6;39.9;20.1;1.4495;1720.0;1148.0;1037.0;835.0;1.8;130.0;110.0
-200.0;956.0;4.0;27.8;35.2;1.2968;1367.0;841.0;711.0;685.0;0.7;42.0;25.0
-200.0;607.0;12.2;21.0;69.3;1.7058;1668.0;1229.0;1055.0;1219.0;2.3;96.0;255.0
-200.0;776.0;6.1;7.9;81.8;0.8759;1165.0;1084.0;816.0;1126.0;-200.0;94.0;226.0
-200.0;696.0;8.4;19.3;71.1;1.5746;1512.0;1050.0;916.0;997.0;1.5;-200.0;-200.0
199.0;1015.0;8.4;16.3;30.8;0.5683;1391.0;1009.0;916.0;738.0;1.9;85.0;103.0
-200.0;861.0;6.8;4.5;54.8;0.466;1030.0;988.0;850.0;1133.0;0.4;149.0;333.0
-200.0;989.0;3.0;25.7;52.5;1.7077;1479.0;848.0;650.0;610.0;0.5;34.0;24.0
-200.0;858.0;4.9;26.7;49.5;1.7048;1544.0;939.0;758.0;664.0;0.9;47.0;40.0
77.0;1144.0;5.2;9.4;53.4;0.63;1307.0;1021.0;776.0;753.0;1.5;87.0;94.0
-200.0;755.0;6.6;6.9;41.3;0.4145;978.0;1022.0;837.0;881.0;1.9;168.0;322.0
-200.0;747.0;7.3;21.2;63.4;1.5748;1439.0;1015.0;869.0;1375.0;1.3;72.0;147.0
-200.0;912.0;4.7;26.9;47.5;1.6595;1528.0;932.0;746.0;534.0;1.0;71.0;51.0
-200.0;901.0;5.9;29.4;34.4;1.3899;1511.0;926.0;805.0;524.0;1.2;78.0;60.0
-200.0;767.0;10.5;34.2;31.8;1.6837;1805.0;1141.0;996.0;994.0;2.0;125.0;179.0
-200.0;767.0;10.9;37.8;22.7;1.4653;1730.0;1078.0;1009.0;787.0;1.8;127.0;120.0
-200.0;868.0;5.8;35.7;29.0;1.6716;1573.0;953.0;801.0;657.0;1.2;109.0;83.0
128.0;922.0;8.5;11.1;50.5;0.6654;1530.0;1163.0;919.0;1076.0;1.8;84.0;128.0
-200.0;688.0;10.1;27.0;57.5;2.0183;1818.0;1086.0;981.0;1007.0;1.6;86.0;100.0
134.0;887.0;6.4;12.7;81.2;1.1849;1565.0;1100.0;829.0;972.0;1.9;83.0;103.0
156.0;992.0;9.4;17.8;29.2;0.592;1451.0;1121.0;955.0;834.0;2.1;99.0;130.0
-200.0;1043.0;3.3;25.3;47.2;1.5025;1513.0;874.0;668.0;737.0;-200.0;54.0;37.0
-200.0;836.0;5.6;27.2;59.3;2.1059;1688.0;968.0;794.0;654.0;1.1;48.0;39.0
-200.0;720.0;11.7;35.6;27.2;1.5557;1810.0;1160.0;1040.0;961.0;1.8;108.0;122.0
-200.0;757.0;13.8;33.6;20.7;1.059;1691.0;1065.0;1110.0;871.0;2.4;163.0;161.0
111.0;869.0;7.1;12.5;81.8;1.1838;1599.0;1134.0;863.0;1009.0;2.2;88.0;120.0
-200.0;682.0;12.6;37.3;22.9;1.4373;1735.0;1205.0;1070.0;1268.0;2.1;127.0;159.0
592.0;682.0;19.3;11.2;57.0;0.7544;1928.0;1408.0;1278.0;1481.0;3.8;114.0;275.0
-200.0;797.0;7.9;30.3;45.1;1.9129;1697.0;1006.0;896.0;736.0;1.5;79.0;67.0
-200.0;794.0;8.1;35.2;31.2;1.7485;1653.0;1012.0;904.0;695.0;1.5;79.0;65.0
-200.0;722.0;11.1;21.4;48.0;1.2086;1743.0;1096.0;1017.0;1204.0;1.8;101.0;162.0
-200.0;877.0;5.7;38.1;26.3;1.7252;1567.0;942.0;800.0;581.0;1.1;69.0;52.0
-200.0;740.0;7.5;8.7;33.9;0.3832;989.0;1067.0;879.0;996.0;1.9;194.0;291.0
-200.0;720.0;7.7;7.2;39.4;0.4032;1017.0;1081.0;885.0;1058.0;2.0;174.0;243.0
-200.0;992.0;6.1;37.4;15.8;0.9998;1426.0;896.0;817.0;554.0;0.8;70.0;57.0
-200.0;906.0;7.9;9.1;67.4;0.7814;1510.0;1105.0;897.0;1050.0;-200.0;-200.0;-200.0
176.0;994.0;9.0;17.6;30.1;0.6013;1449.0;1071.0;940.0;756.0;1.9;93.0;111.0
-200.0;846.0;6.1;22.2;52.7;1.3891;1613.0;957.0;816.0;903.0;0.8;-200.0;-200.0
-200.0;753.0;6.9;12.7;27.4;0.4011;959.0;1047.0;854.0;904.0;1.5;158.0;238.0
-200.0;968.0;4.2;23.0;54.6;1.5177;1573.0;942.0;723.0;698.0;0.6;42.0;36.0
-200.0;877.0;9.7;21.0;30.6;0.7538;1519.0;1094.0;966.0;919.0;-200.0;-200.0;-200.0
195.0;882.0;8.9;21.1;30.2;0.745;1518.0;1109.0;935.0;1026.0;2.1;95.0;147.0
140.0;972.0;7.2;15.1;42.7;0.7294;1429.0;1020.0;866.0;791.0;1.6;84.0;116.0
-200.0;1073.0;2.6;19.7;51.4;1.1688;1422.0;816.0;624.0;729.0;-200.0;56.0;41.0
-200.0;956.0;3.8;9.2;55.8;0.6479;999.0;888.0;700.0;721.0;2.4;106.0;225.0
163.0;960.0;6.9;10.0;68.7;0.8456;1531.0;1124.0;853.0;873.0;1.6;99.0;149.0
-200.0;864.0;5.1;8.8;63.8;0.7236;1068.0;999.0;771.0;995.0;2.2;127.0;235.0
-200.0;926.0;4.5;38.8;25.4;1.7282;1526.0;967.0;740.0;557.0;1.0;50.0;50.0
-200.0;895.0;2.9;6.9;70.0;0.6997;1053.0;995.0;646.0;818.0;0.7;81.0;121.0
-200.0;738.0;11.3;27.3;36.8;1.3207;1757.0;1081.0;1025.0;1059.0;1.9;103.0;104.0
-200.0;882.0;5.1;36.6;30.8;1.8617;1576.0;995.0;769.0;615.0;1.0;46.0;48.0
-200.0;824.0;5.8;38.0;30.7;2.0022;1620.0;1056.0;802.0;670.0;1.3;47.0;52.0
-200.0;715.0;8.3;35.1;38.1;2.1144;1782.0;1144.0;913.0;972.0;1.7;68.0;89.0
-200.0;644.0;16.1;20.9;73.3;1.787;1962.0;1298.0;1181.0;1256.0;-200.0;-200.0;-200.0
-200.0;641.0;9.5;7.4;44.5;0.4582;1110.0;1143.0;960.0;1136.0;2.2;153.0;313.0
-200.0;762.0;15.3;39.6;13.2;0.9332;1674.0;1055.0;1157.0;985.0;2.4;168.0;216.0
-200.0;987.0;4.5;12.4;44.1;0.6324;1046.0;836.0;740.0;672.0;1.3;117.0;255.0
-200.0;895.0;3.5;25.9;63.6;2.102;1632.0;941.0;685.0;834.0;0.7;32.0;50.0
-200.0;737.0;14.9;30.4;23.2;0.9889;1717.0;1086.0;1145.0;1426.0;2.5;125.0;154.0
-200.0;697.0;8.8;28.2;55.0;2.0697;1748.0;1118.0;930.0;1027.0;1.5;60.0;65.0
-200.0;740.0;9.9;23.9;39.3;1.1522;1673.0;1072.0;976.0;1340.0;1.3;88.0;144.0
-200.0;911.0;6.4;13.4;37.1;0.5683;1074.0;881.0;831.0;793.0;1.7;116.0;330.0
-200.0;871.0;8.7;10.7;37.9;0.487;1130.0;964.0;928.0;936.0;2.0;167.0;480.0
-200.0;761.0;11.9;38.3;17.0;1.1216;1623.0;1117.0;1045.0;1260.0;2.0;154.0;207.0
-200.0;807.0;4.8;8.9;46.1;0.5256;980.0;1021.0;755.0;763.0;1.3;143.0;207.0
126.0;1014.0;7.3;20.2;29.2;0.683;1412.0;1087.0;870.0;851.0;1.8;90.0;107.0
-200.0;639.0;12.1;21.5;43.1;1.0919;1476.0;1234.0;1053.0;1114.0;3.3;133.0;364.0
-200.0;678.0;9.7;14.9;64.1;1.0773;1365.0;1157.0;967.0;1087.0;2.1;124.0;421.0
-200.0;706.0;10.6;34.7;35.9;1.9528;1766.0;1118.0;999.0;878.0;1.7;79.0;69.0
161.0;930.0;8.9;10.9;55.9;0.7277;1464.0;1293.0;937.0;1200.0;2.3;102.0;121.0
40.0;1309.0;2.9;9.9;50.7;0.6167;1232.0;946.0;643.0;760.0;0.9;75.0;76.0
-200.0;927.0;3.7;15.8;59.9;1.0693;1173.0;907.0;691.0;702.0;1.0;71.0;111.0
101.0;939.0;8.3;10.3;58.1;0.7278;1451.0;1274.0;912.0;1188.0;2.3;97.0;111.0
95.0;1013.0;6.3;9.3;62.2;0.7294;1395.0;1135.0;827.0;1070.0;1.7;79.0;87.0
-200.0;674.0;9.1;27.5;54.4;1.9705;1765.0;1088.0;945.0;1060.0;1.4;66.0;58.0
166.0;973.0;7.8;20.6;30.0;0.7213;1457.0;1032.0;892.0;756.0;1.8;87.0;101.0
-200.0;842.0;4.6;7.0;60.0;0.6055;998.0;1011.0;742.0;929.0;1.8;160.0;278.0
157.0;869.0;8.8;15.0;53.1;0.8993;1588.0;1112.0;931.0;1011.0;2.0;84.0;124.0
-200.0;835.0;6.7;33.9;32.3;1.6809;1567.0;982.0;844.0;638.0;1.2;71.0;52.0
-200.0;751.0;7.3;13.0;29.7;0.442;1015.0;1018.0;868.0;804.0;1.8;162.0;255.0
-200.0;699.0;16.6;28.3;24.9;0.9412;1738.0;1097.0;1199.0;1006.0;2.8;158.0;190.0
-200.0;724.0;8.3;13.4;29.0;0.4436;1035.0;1025.0;913.0;814.0;2.2;162.0;272.0
-200.0;976.0;4.3;21.1;53.2;1.3181;1471.0;872.0;725.0;668.0;0.5;56.0;53.0
-200.0;807.0;6.2;12.2;21.4;0.3033;876.0;981.0;820.0;784.0;1.6;168.0;265.0
-200.0;982.0;6.0;32.4;20.5;0.9806;1416.0;855.0;812.0;508.0;0.8;71.0;53.0
-200.0;997.0;6.0;33.3;19.2;0.9634;1409.0;861.0;811.0;509.0;0.8;78.0;61.0
-200.0;771.0;6.7;11.3;31.7;0.4249;987.0;1016.0;845.0;818.0;1.7;134.0;270.0
-200.0;664.0;10.3;11.1;32.2;0.4243;1096.0;1109.0;989.0;1133.0;2.4;141.0;375.0
-200.0;994.0;4.1;22.0;45.8;1.1965;1423.0;853.0;716.0;647.0;0.5;51.0;37.0
-200.0;888.0;4.4;24.9;63.5;1.9647;1605.0;901.0;733.0;755.0;0.8;39.0;27.0
-200.0;660.0;10.4;27.1;54.7;1.9284;1791.0;1124.0;992.0;1013.0;1.9;93.0;87.0
-200.0;813.0;4.6;25.4;68.0;2.1806;1695.0;1032.0;744.0;778.0;1.4;79.0;87.0
-200.0;681.0;10.9;26.3;51.3;1.7251;1768.0;1033.0;1011.0;875.0;1.9;93.0;89.0
-200.0;783.0;8.4;34.9;33.4;1.8384;1643.0;1008.0;915.0;672.0;1.6;95.0;71.0
-200.0;676.0;10.9;30.6;41.9;1.8104;1782.0;1058.0;1012.0;1063.0;1.9;96.0;109.0
-200.0;797.0;5.3;13.5;29.1;0.4486;969.0;1059.0;777.0;774.0;1.4;140.0;191.0
-200.0;842.0;6.1;5.0;54.5;0.4788;1034.0;1017.0;818.0;933.0;1.3;156.0;254.0
209.0;888.0;10.7;21.0;25.4;0.6264;1454.0;1085.0;1004.0;816.0;1.9;95.0;106.0
-200.0;693.0;14.0;24.0;36.3;1.0708;1762.0;1073.0;1117.0;1052.0;3.1;119.0;220.0
-200.0;682.0;15.4;23.6;35.7;1.0282;1797.0;1091.0;1161.0;1153.0;3.4;128.0;210.0
-200.0;971.0;3.3;22.6;63.4;1.7136;1538.0;815.0;670.0;774.0;0.6;44.0;44.0
-200.0;936.0;4.0;22.9;46.5;1.2861;1310.0;882.0;711.0;741.0;0.7;-200.0;-200.0
-200.0;773.0;14.5;33.7;15.4;0.7913;1619.0;986.0;1133.0;1174.0;2.7;141.0;253.0
-200.0;976.0;3.4;24.4;58.6;1.7714;1530.0;810.0;674.0;793.0;0.7;45.0;32.0
-200.0;810.0;4.3;3.1;68.6;0.5302;989.0;993.0;727.0;1001.0;1.1;128.0;194.0
-200.0;685.0;16.3;12.3;32.0;0.4553;1291.0;1038.0;1190.0;1167.0;4.0;180.0;501.0
-200.0;752.0;9.8;11.4;59.1;0.7963;1283.0;1023.0;971.0;993.0;2.1;98.0;448.0
-200.0;766.0;5.5;4.2;80.9;0.6742;1129.0;1054.0;786.0;699.0;1.2;123.0;183.0
95.0;1016.0;5.7;9.0;76.7;0.8825;1455.0;1051.0;798.0;876.0;1.5;89.0;84.0
88.0;1074.0;4.8;9.3;75.0;0.8799;1398.0;1020.0;752.0;839.0;1.4;97.0;95.0
-200.0;667.0;13.7;28.2;48.1;1.8144;1985.0;1194.0;1106.0;1194.0;2.2;97.0;100.0
-200.0;739.0;18.4;36.0;13.3;0.7773;1729.0;1052.0;1252.0;1107.0;3.2;153.0;237.0
163.0;957.0;8.2;14.5;35.4;0.5839;1404.0;1127.0;907.0;796.0;2.1;106.0;108.0
196.0;911.0;7.4;16.1;53.1;0.9675;1554.0;1087.0;876.0;737.0;1.6;96.0;112.0
-200.0;736.0;10.8;10.5;62.2;0.7923;1301.0;1055.0;1007.0;1019.0;2.7;145.0;457.0
-200.0;609.0;10.9;5.1;75.0;0.6646;1282.0;1214.0;1010.0;1006.0;2.2;164.0;256.0
-200.0;722.0;7.7;21.9;74.9;1.9396;1760.0;1065.0;889.0;1081.0;1.2;56.0;94.0
-200.0;848.0;4.0;5.8;59.6;0.5523;989.0;1000.0;712.0;971.0;1.7;157.0;270.0
-200.0;1021.0;3.9;23.7;37.3;1.076;1360.0;821.0;706.0;674.0;0.7;58.0;36.0
-200.0;820.0;5.0;6.9;60.0;0.5977;1049.0;1029.0;762.0;1065.0;1.6;153.0;221.0
-200.0;684.0;7.0;6.2;77.4;0.7383;1196.0;1156.0;859.0;1069.0;2.0;210.0;387.0
-200.0;765.0;4.7;3.9;80.9;0.6613;1108.0;1089.0;750.0;1117.0;1.7;138.0;241.0
-200.0;678.0;10.2;21.5;78.4;1.9818;1826.0;1124.0;984.0;902.0;-200.0;97.0;115.0
-200.0;863.0;6.7;21.2;45.8;1.1353;1489.0;912.0;842.0;1015.0;1.2;-200.0;-200.0
-200.0;714.0;12.9;30.9;26.9;1.1835;1675.0;1107.0;1080.0;1348.0;2.2;138.0;167.0
-200.0;594.0;17.7;27.1;34.9;1.231;1924.0;1282.0;1230.0;1696.0;2.5;145.0;263.0
152.0;996.0;5.9;15.8;48.6;0.8653;1458.0;1027.0;808.0;647.0;1.3;81.0;76.0
-200.0;618.0;10.0;7.3;70.0;0.7195;1290.0;1192.0;976.0;1110.0;2.2;194.0;335.0
-200.0;850.0;6.6;34.2;30.8;1.6299;1541.0;985.0;838.0;653.0;-200.0;84.0;60.0
120.0;880.0;8.5;14.4;58.9;0.9594;1641.0;1236.0;920.0;1012.0;1.7;94.0;164.0
86.0;1080.0;5.3;11.3;40.3;0.5376;1266.0;1054.0;779.0;1013.0;1.1;98.0;111.0
-200.0;727.0;10.2;36.8;27.2;1.6623;1708.0;1108.0;985.0;1001.0;-200.0;108.0;98.0
-200.0;1023.0;2.9;23.3;39.5;1.1176;1338.0;882.0;648.0;666.0;-200.0;55.0;34.0
-200.0;977.0;5.6;41.4;11.8;0.9282;1356.0;973.0;792.0;620.0;0.4;70.0;53.0
-200.0;1003.0;4.8;40.1;13.6;0.9953;1325.0;950.0;754.0;551.0;0.3;53.0;38.0
-200.0;974.0;5.3;37.6;16.4;1.0458;1374.0;982.0;780.0;532.0;0.4;54.0;39.0
159.0;803.0;9.6;13.1;80.1;1.2016;1680.0;1235.0;963.0;1095.0;2.7;103.0;166.0
-200.0;728.0;11.0;27.9;30.4;1.1249;1628.0;1132.0;1014.0;1279.0;1.2;101.0;106.0
-200.0;690.0;6.7;3.4;84.5;0.6677;1180.0;1124.0;842.0;981.0;1.5;178.0;313.0
-200.0;850.0;7.4;10.7;50.4;0.6467;1179.0;950.0;875.0;828.0;1.7;131.0;359.0
-200.0;647.0;13.4;19.9;65.3;1.5066;1649.0;1118.0;1096.0;1130.0;2.1;102.0;257.0
-200.0;611.0;10.0;8.3;64.4;0.7072;1282.0;1174.0;979.0;1142.0;2.1;212.0;316.0
-200.0;738.0;12.2;14.1;43.0;0.6883;1242.0;1064.0;1055.0;1063.0;3.1;138.0;412.0
-200.0;645.0;9.1;6.5;63.1;0.6132;1149.0;1195.0;943.0;1462.0;2.1;203.0;378.0
-200.0;670.0;7.5;6.3;75.7;0.7252;1252.0;1216.0;879.0;1111.0;1.9;165.0;363.0
-200.0;545.0;11.9;13.0;70.0;1.042;1430.0;1312.0;1047.0;1399.0;2.6;126.0;374.0
-200.0;615.0;13.3;19.5;57.4;1.2874;1526.0;1252.0;1094.0;1188.0;3.1;90.0;395.0
-200.0;733.0;10.0;28.3;36.8;1.3906;1683.0;1128.0;978.0;1193.0;-200.0;89.0;92.0
-200.0;702.0;7.9;6.4;70.6;0.6834;1177.0;1068.0;896.0;848.0;2.2;222.0;339.0
-200.0;601.0;13.2;5.6;71.6;0.6556;1335.0;1204.0;1089.0;1059.0;3.6;251.0;397.0
-200.0;697.0;10.6;34.7;32.1;1.741;1788.0;1147.0;999.0;915.0;-200.0;158.0;176.0
-200.0;751.0;7.3;23.1;49.7;1.3863;1634.0;1079.0;869.0;1223.0;-200.0;76.0;84.0
-200.0;913.0;3.7;14.9;72.3;1.2186;1198.0;889.0;694.0;743.0;0.6;45.0;114.0
-200.0;740.0;6.2;4.3;79.8;0.6706;1114.0;1033.0;820.0;870.0;1.9;198.0;360.0
-200.0;865.0;7.5;40.1;15.2;1.1065;1421.0;1018.0;880.0;613.0;-200.0;86.0;67.0
-200.0;1012.0;2.8;17.0;64.5;1.2374;1172.0;852.0;641.0;710.0;0.5;44.0;83.0
-200.0;639.0;12.2;20.4;58.1;1.3762;1532.0;1116.0;1057.0;1236.0;2.4;112.0;425.0
-200.0;583.0;16.3;16.2;70.1;1.2837;1575.0;1210.0;1188.0;1129.0;2.0;75.0;305.0
-200.0;973.0;3.4;16.1;69.3;1.2591;1192.0;862.0;677.0;725.0;0.5;43.0;96.0
-200.0;720.0;8.1;26.4;52.2;1.7708;1692.0;1075.0;904.0;777.0;0.1;74.0;44.0
-200.0;654.0;15.0;17.3;57.8;1.1298;1873.0;1246.0;1150.0;1354.0;2.5;107.0;152.0
-200.0;708.0;9.4;27.1;49.4;1.7398;1724.0;1097.0;956.0;818.0;0.1;93.0;58.0
-200.0;693.0;14.3;44.3;13.0;1.183;1654.0;1158.0;1126.0;1150.0;2.1;143.0;153.0
-200.0;654.0;19.1;33.6;22.9;1.1747;1906.0;1200.0;1270.0;1264.0;3.5;176.0;239.0
-200.0;669.0;10.7;28.0;46.2;1.721;1746.0;1092.0;1005.0;836.0;0.3;98.0;64.0
-200.0;705.0;12.9;36.9;22.7;1.3887;1731.0;1050.0;1082.0;816.0;1.9;157.0;121.0
-200.0;779.0;9.5;38.0;22.2;1.4483;1636.0;996.0;959.0;684.0;1.4;117.0;80.0
-200.0;900.0;3.7;3.9;79.5;0.6482;1020.0;992.0;694.0;756.0;1.2;169.0;266.0
-200.0;629.0;10.1;5.7;72.5;0.6686;1244.0;1151.0;983.0;1121.0;2.5;232.0;375.0
-200.0;682.0;14.7;41.1;16.5;1.2701;1746.0;1115.0;1140.0;1020.0;2.1;129.0;133.0
-200.0;763.0;9.4;37.9;23.8;1.5392;1654.0;1007.0;956.0;666.0;1.4;105.0;73.0
-200.0;695.0;9.9;26.4;44.5;1.5119;1748.0;1075.0;973.0;1231.0;1.4;74.0;79.0
-200.0;672.0;9.9;28.0;46.9;1.748;1800.0;1152.0;976.0;1179.0;1.9;90.0;111.0
-200.0;799.0;6.7;37.8;26.3;1.6951;1628.0;1043.0;843.0;689.0;1.3;68.0;64.0
-200.0;702.0;11.0;34.0;32.7;1.7146;1781.0;1113.0;1013.0;903.0;1.9;119.0;125.0
-200.0;949.0;3.6;24.7;56.9;1.739;1530.0;941.0;687.0;642.0;0.7;52.0;44.0
-200.0;600.0;16.9;26.2;48.7;1.6256;1785.0;1247.0;1206.0;1233.0;3.3;148.0;313.0
-200.0;632.0;10.3;4.9;78.2;0.6826;1254.0;1160.0;990.0;1090.0;2.5;238.0;403.0
-200.0;625.0;13.1;20.6;57.3;1.3792;1580.0;1139.0;1088.0;1180.0;2.3;101.0;349.0
-200.0;1033.0;2.7;16.8;71.9;1.3628;1253.0;823.0;630.0;748.0;0.5;35.0;69.0
-200.0;1054.0;3.0;17.9;69.3;1.4099;1294.0;804.0;652.0;710.0;0.5;37.0;73.0
-200.0;605.0;11.7;4.8;78.6;0.6826;1317.0;1194.0;1038.0;1181.0;2.7;223.0;388.0
-200.0;825.0;4.6;4.2;77.9;0.6479;1053.0;1016.0;744.0;1020.0;1.5;167.0;231.0
-200.0;755.0;5.5;3.8;83.8;0.6771;1146.0;1071.0;787.0;947.0;1.5;170.0;290.0
-200.0;710.0;8.4;12.3;38.4;0.5488;1124.0;1089.0;916.0;903.0;2.3;152.0;293.0
-200.0;612.0;13.0;19.3;75.8;1.6762;1674.0;1184.0;1084.0;1151.0;2.7;71.0;357.0
-200.0;756.0;11.8;30.5;29.9;1.2875;1697.0;1029.0;1042.0;1062.0;-200.0;130.0;122.0
-200.0;906.0;6.4;36.6;24.6;1.4872;1482.0;986.0;830.0;536.0;1.2;100.0;73.0
-200.0;949.0;4.1;25.8;40.9;1.3377;1466.0;838.0;719.0;707.0;-200.0;49.0;27.0
-200.0;1010.0;2.7;18.2;76.6;1.5907;1308.0;894.0;636.0;687.0;-200.0;56.0;84.0
-200.0;933.0;4.3;37.4;28.2;1.7808;1495.0;944.0;730.0;560.0;0.6;34.0;30.0
-200.0;724.0;9.2;24.7;46.8;1.4337;1724.0;1086.0;947.0;1134.0;-200.0;115.0;181.0
-200.0;942.0;6.2;32.6;22.5;1.0901;1413.0;883.0;820.0;594.0;-200.0;82.0;93.0
88.0;986.0;5.6;13.3;58.8;0.8922;1442.0;1072.0;795.0;1048.0;1.3;93.0;84.0
-200.0;883.0;4.0;23.5;63.6;1.8223;1584.0;936.0;713.0;723.0;0.6;26.0;21.0
-200.0;719.0;16.2;31.4;18.6;0.8398;1662.0;1026.0;1186.0;1138.0;-200.0;148.0;235.0
296.0;826.0;13.4;16.8;35.3;0.6729;1664.0;1207.0;1098.0;1195.0;2.7;121.0;180.0
-200.0;711.0;8.7;19.1;75.6;1.6519;1564.0;1067.0;928.0;1309.0;1.5;51.0;213.0
-200.0;679.0;9.6;19.2;74.7;1.6398;1554.0;1061.0;962.0;1395.0;1.8;45.0;200.0
24.0;1579.0;2.3;10.7;59.7;0.7648;1276.0;1094.0;609.0;620.0;0.9;60.0;45.0
-200.0;800.0;9.5;36.4;16.8;1.0033;1484.0;998.0;958.0;677.0;-200.0;106.0;96.0
-200.0;887.0;7.1;34.8;19.5;1.0667;1417.0;960.0;860.0;559.0;-200.0;95.0;83.0
-200.0;756.0;11.7;38.5;16.5;1.1037;1558.0;1050.0;1039.0;734.0;-200.0;129.0;108.0
-200.0;713.0;12.8;37.4;18.1;1.1467;1600.0;1096.0;1078.0;801.0;-200.0;135.0;115.0
-200.0;713.0;8.1;7.2;56.7;0.579;1106.0;1087.0;903.0;1026.0;3.5;161.0;272.0
-200.0;620.0;14.8;28.1;40.3;1.5086;1827.0;1149.0;1143.0;1143.0;-200.0;111.0;112.0
179.0;937.0;8.6;21.8;33.9;0.8771;1542.0;1125.0;924.0;790.0;1.7;73.0;102.0
-200.0;894.0;4.1;23.0;52.2;1.4516;1494.0;882.0;716.0;790.0;-200.0;52.0;52.0
124.0;970.0;6.8;19.7;38.4;0.8743;1489.0;1094.0;850.0;871.0;1.6;88.0;130.0
-200.0;681.0;11.2;26.6;47.5;1.6265;1771.0;1104.0;1020.0;1086.0;2.0;82.0;106.0
-200.0;886.0;6.2;39.1;20.7;1.427;1452.0;958.0;820.0;530.0;1.0;68.0;40.0
-200.0;686.0;12.1;34.8;26.0;1.4241;1722.0;1115.0;1053.0;1086.0;-200.0;141.0;158.0
-200.0;752.0;10.5;36.9;21.8;1.3384;1580.0;1031.0;995.0;694.0;-200.0;118.0;93.0
-200.0;749.0;10.8;39.1;18.7;1.2884;1564.0;1033.0;1006.0;725.0;-200.0;121.0;96.0
-200.0;777.0;9.6;39.3;18.9;1.318;1554.0;1043.0;962.0;686.0;-200.0;124.0;98.0
-200.0;654.0;14.6;38.5;23.8;1.5944;1797.0;1171.0;1135.0;1073.0;2.9;146.0;161.0
-200.0;548.0;18.0;28.0;39.6;1.4738;1805.0;1361.0;1238.0;1368.0;3.2;98.0;344.0
-200.0;630.0;14.1;9.5;25.2;0.2996;1132.0;1125.0;1121.0;1405.0;2.8;185.0;357.0
-200.0;622.0;13.6;16.8;79.8;1.5115;1662.0;1149.0;1103.0;1090.0;2.4;94.0;413.0
-200.0;889.0;8.4;14.9;55.0;0.9228;1570.0;1068.0;917.0;832.0;-200.0;-200.0;-200.0
-200.0;828.0;5.3;5.5;49.0;0.4471;947.0;1041.0;778.0;1011.0;1.6;166.0;266.0
-200.0;723.0;7.8;29.8;49.1;2.0248;1702.0;1080.0;890.0;869.0;-200.0;-200.0;-200.0
-200.0;-200.0;-200.0;-200.0;-200.0;-200.0;-200.0;-200.0;-200.0;-200.0;1.4;76.0;89.0
107.0;1060.0;6.0;20.7;31.6;0.7602;1395.0;981.0;810.0;605.0;1.4;77.0;86.0
64.0;1136.0;8.0;10.8;57.4;0.7408;1517.0;1333.0;900.0;1102.0;2.0;112.0;174.0
-200.0;596.0;14.3;18.0;76.6;1.5706;1656.0;1224.0;1126.0;1231.0;2.7;108.0;482.0
95.0;1103.0;8.3;9.7;71.2;0.8569;1591.0;1292.0;912.0;957.0;2.2;131.0;193.0
-200.0;559.0;16.5;22.3;57.1;1.5219;1715.0;1331.0;1194.0;1477.0;2.8;92.0;326.0
-200.0;684.0;13.0;23.3;40.4;1.1421;1548.0;1067.0;1085.0;985.0;-200.0;-200.0;-200.0
-200.0;949.0;2.9;9.3;64.7;0.7575;1036.0;904.0;644.0;697.0;-200.0;-200.0;-200.0
-200.0;888.0;3.9;12.6;30.6;0.446;884.0;955.0;706.0;616.0;1.4;120.0;168.0
-200.0;749.0;17.8;23.4;32.0;0.91;1824.0;1137.0;1234.0;990.0;2.5;104.0;132.0
-200.0;991.0;5.3;38.5;19.8;1.326;1379.0;912.0;776.0;461.0;0.9;84.0;61.0
-200.0;675.0;16.5;30.9;30.4;1.338;1888.0;1193.0;1196.0;1152.0;3.4;149.0;195.0
-200.0;1025.0;3.6;27.6;43.7;1.5877;1491.0;928.0;687.0;528.0;0.9;66.0;48.0
-200.0;697.0;8.4;26.0;47.6;1.5806;1617.0;1059.0;914.0;895.0;-200.0;-200.0;-200.0
-200.0;726.0;7.6;21.5;64.0;1.6256;1609.0;1017.0;885.0;884.0;-200.0;-200.0;-200.0
-200.0;999.0;5.3;34.6;20.0;1.0817;1347.0;879.0;779.0;535.0;-200.0;-200.0;-200.0
-200.0;965.0;5.6;14.7;65.0;1.0766;1521.0;1124.0;793.0;791.0;-200.0;-200.0;-200.0
-200.0;1336.0;2.2;19.8;56.7;1.2941;1278.0;800.0;598.0;529.0;0.5;41.0;84.0
-200.0;774.0;17.4;28.4;29.7;1.1345;1943.0;1075.0;1222.0;1213.0;2.9;122.0;238.0
-200.0;1264.0;1.2;15.2;63.2;1.0821;1061.0;832.0;518.0;539.0;0.5;-200.0;-200.0
-200.0;699.0;5.5;17.6;35.5;0.7065;1115.0;1096.0;788.0;583.0;0.4;114.0;191.0
-200.0;945.0;6.2;12.9;65.3;0.9688;1541.0;1126.0;822.0;927.0;-200.0;-200.0;-200.0
-200.0;692.0;6.9;3.6;75.9;0.6055;1155.0;1165.0;852.0;1197.0;2.0;177.0;438.0
-200.0;856.0;8.4;12.3;68.0;0.9722;1605.0;1025.0;914.0;1003.0;-200.0;-200.0;-200.0
-200.0;474.0;25.7;21.2;62.2;1.5473;2017.0;1478.0;1447.0;1664.0;-200.0;-200.0;-200.0
-200.0;921.0;11.1;26.2;33.6;1.1244;1720.0;980.0;1019.0;950.0;-200.0;-200.0;-200.0
-200.0;838.0;5.5;25.4;52.7;1.6867;1608.0;987.0;790.0;830.0;-200.0;-200.0;-200.0
-200.0;654.0;10.4;12.2;85.1;1.2079;1431.0;1182.0;994.0;1039.0;2.7;102.0;584.0
-200.0;877.0;3.6;6.7;75.0;0.739;1036.0;940.0;691.0;827.0;1.0;-200.0;-200.0
-200.0;893.0;11.1;28.3;23.9;0.906;1585.0;1121.0;1020.0;916.0;-200.0;-200.0;-200.0
-200.0;1222.0;3.0;21.6;33.4;0.8519;1104.0;819.0;655.0;507.0;0.9;47.0;103.0
-200.0;1160.0;3.3;13.7;69.4;1.0794;1427.0;855.0;669.0;671.0;0.9;56.0;46.0
-200.0;-200.0;-200.0;-200.0;-200.0;-200.0;-200.0;-200.0;-200.0;-200.0;1.1;118.0;262.0
-200.0;873.0;8.5;18.7;50.4;1.0772;1602.0;1268.0;918.0;1029.0;-200.0;-200.0;-200.0
-200.0;1039.0;4.6;39.7;13.5;0.965;1282.0;910.0;743.0;500.0;1.0;66.0;54.0
-200.0;733.0;17.1;24.8;47.4;1.4628;2041.0;1278.0;1213.0;1293.0;2.5;95.0;183.0
-200.0;922.0;2.0;7.7;67.1;0.7074;1002.0;912.0;587.0;826.0;0.7;99.0;140.0
-200.0;815.0;7.5;1.8;35.4;0.2497;887.0;967.0;880.0;892.0;2.1;148.0;313.0
-200.0;855.0;3.3;19.9;36.6;0.8406;1109.0;1078.0;668.0;509.0;0.1;82.0;130.0
-200.0;614.0;9.6;3.8;84.3;0.6811;1260.0;1197.0;964.0;1122.0;2.9;254.0;491.0
-200.0;580.0;16.8;20.7;58.6;1.4142;1739.0;1214.0;1203.0;1308.0;3.2;129.0;445.0
-200.0;756.0;6.6;22.3;62.9;1.6754;1555.0;976.0;840.0;885.0;-200.0;-200.0;-200.0
-200.0;916.0;3.6;4.5;63.6;0.5414;963.0;992.0;685.0;1035.0;1.3;96.0;167.0
166.0;996.0;7.9;17.0;28.9;0.5558;1358.0;1058.0;896.0;603.0;1.9;95.0;98.0
-200.0;853.0;3.4;8.0;57.7;0.6222;1006.0;1033.0;675.0;702.0;1.3;127.0;173.0
-200.0;717.0;11.5;4.7;38.3;0.3306;1049.0;1086.0;1032.0;1136.0;3.0;202.0;343.0
-200.0;821.0;4.6;4.9;52.2;0.4567;927.0;1031.0;741.0;1144.0;1.3;133.0;191.0
-200.0;1305.0;2.6;19.6;45.3;1.0244;1351.0;814.0;627.0;446.0;0.8;57.0;46.0
-200.0;738.0;7.5;5.9;50.0;0.4689;1002.0;1173.0;878.0;1355.0;2.5;129.0;300.0
-200.0;737.0;13.0;16.3;68.6;1.2657;1876.0;1172.0;1085.0;1102.0;2.9;123.0;214.0
-200.0;960.0;4.7;35.1;25.2;1.402;1390.0;836.0;750.0;484.0;1.0;54.0;43.0
-200.0;805.0;5.4;6.7;47.6;0.4688;969.0;1055.0;783.0;1167.0;2.6;137.0;221.0
-200.0;951.0;10.0;22.4;41.0;1.1006;1652.0;1016.0;977.0;948.0;2.0;-200.0;-200.0
284.0;754.0;19.2;15.7;44.1;0.7786;1915.0;1611.0;1274.0;1697.0;4.2;161.0;279.0
-200.0;1115.0;3.1;16.8;77.4;1.4739;1552.0;827.0;659.0;616.0;0.7;46.0;33.0
-200.0;1029.0;5.0;32.0;19.8;0.9273;1359.0;881.0;765.0;489.0;0.9;86.0;66.0
-200.0;988.0;4.1;35.0;31.1;1.7173;1479.0;908.0;715.0;495.0;0.9;46.0;38.0
-200.0;730.0;14.6;12.7;74.2;1.0863;1869.0;1272.0;1136.0;1077.0;3.6;139.0;209.0
-200.0;1144.0;2.3;27.4;42.2;1.5177;1432.0;876.0;605.0;456.0;0.4;40.0;29.0
-200.0;883.0;9.8;34.2;22.6;1.197;1418.0;1145.0;971.0;759.0;-200.0;-200.0;-200.0
38.0;1143.0;3.3;15.5;47.3;0.8282;1339.0;930.0;670.0;746.0;0.7;68.0;58.0
-200.0;544.0;12.3;19.3;29.9;0.6604;1319.0;1260.0;1059.0;1161.0;1.7;180.0;417.0
-200.0;630.0;11.9;11.8;86.5;1.1981;1476.0;1224.0;1046.0;1213.0;3.1;124.0;580.0
132.0;1084.0;6.8;22.1;21.3;0.5605;1296.0;943.0;850.0;544.0;1.5;91.0;92.0
-200.0;1109.0;3.5;14.6;77.1;1.2727;1526.0;927.0;682.0;580.0;0.8;54.0;56.0
-200.0;778.0;5.3;2.9;72.2;0.5523;1031.0;1039.0;777.0;1082.0;0.9;-200.0;-200.0
-200.0;1107.0;1.7;3.2;46.9;0.3658;787.0;863.0;560.0;430.0;1.0;82.0;101.0
-200.0;810.0;7.6;21.8;48.6;1.2556;1486.0;893.0;881.0;792.0;-200.0;-200.0;-200.0
-200.0;797.0;6.2;8.6;38.1;0.4282;942.0;1055.0;821.0;949.0;2.5;194.0;321.0
-200.0;573.0;14.4;10.8;40.3;0.5201;1255.0;1268.0;1128.0;1533.0;3.5;173.0;539.0
-200.0;715.0;7.9;5.7;42.1;0.3885;1024.0;1102.0;897.0;1196.0;2.3;173.0;326.0
-200.0;799.0;5.3;4.1;41.7;0.3456;907.0;1047.0;778.0;1326.0;1.4;140.0;207.0
-200.0;825.0;8.7;22.0;35.7;0.9329;1320.0;995.0;927.0;718.0;-200.0;-200.0;-200.0
-200.0;1134.0;3.8;25.6;37.0;1.2006;1449.0;855.0;698.0;526.0;1.0;62.0;66.0
-200.0;1665.0;0.4;10.8;50.9;0.657;903.0;698.0;424.0;339.0;0.2;18.0;20.0
-200.0;635.0;11.6;11.5;39.6;0.5372;1043.0;1096.0;1036.0;1127.0;1.7;168.0;254.0
-200.0;466.0;25.4;12.2;53.9;0.7617;1650.0;1604.0;1438.0;2018.0;6.3;188.0;968.0
-200.0;1141.0;3.3;14.8;65.8;1.1028;1460.0;854.0;670.0;684.0;-200.0;35.0;26.0
-200.0;943.0;3.2;19.8;65.1;1.49;1310.0;889.0;665.0;805.0;-200.0;-200.0;-200.0
-200.0;729.0;6.9;10.5;33.4;0.4246;996.0;1088.0;853.0;1122.0;1.6;180.0;277.0
-200.0;771.0;6.9;10.5;27.8;0.3525;941.0;1022.0;854.0;926.0;1.7;187.0;285.0
-200.0;1010.0;3.4;26.6;43.0;1.4773;1501.0;873.0;679.0;713.0;0.8;-200.0;-200.0
-200.0;733.0;16.4;17.1;51.3;0.9914;1885.0;1625.0;1191.0;1442.0;3.9;139.0;229.0
-200.0;868.0;6.4;22.8;49.4;1.3568;1492.0;907.0;832.0;808.0;-200.0;-200.0;-200.0
-200.0;666.0;10.0;19.5;69.7;1.5596;1520.0;1103.0;979.0;1156.0;-200.0;-200.0;-200.0
-200.0;809.0;8.0;22.8;49.8;1.367;1549.0;944.0;900.0;830.0;-200.0;-200.0;-200.0
-200.0;952.0;6.3;7.9;36.4;0.3889;910.0;882.0;826.0;799.0;1.5;125.0;280.0
-200.0;666.0;10.1;8.0;41.3;0.4448;1097.0;1153.0;981.0;1273.0;2.8;202.0;424.0
-200.0;948.0;6.6;5.8;42.5;0.3937;937.0;952.0;838.0;976.0;1.5;133.0;268.0
-200.0;971.0;4.2;36.3;27.4;1.6264;1490.0;892.0;724.0;511.0;0.8;71.0;55.0
-200.0;861.0;4.2;1.3;63.1;0.4322;938.0;996.0;724.0;1067.0;0.6;134.0;216.0
-200.0;599.0;17.2;24.1;65.5;1.9371;1975.0;1289.0;1217.0;1374.0;-200.0;-200.0;-200.0
-200.0;767.0;13.8;13.9;57.2;0.9029;1729.0;1234.0;1109.0;1194.0;-200.0;-200.0;-200.0
-200.0;712.0;12.7;18.2;46.0;0.9538;1457.0;1105.0;1074.0;1050.0;-200.0;-200.0;-200.0
-200.0;912.0;4.2;27.1;33.3;1.1762;1264.0;898.0;721.0;594.0;0.9;-200.0;-200.0
-200.0;889.0;8.2;14.9;21.7;0.3646;981.0;1018.0;907.0;1150.0;0.9;127.0;292.0
-200.0;911.0;5.0;3.3;58.0;0.4551;942.0;919.0;761.0;1044.0;0.4;122.0;212.0
-200.0;891.0;4.3;4.1;42.9;0.3551;908.0;984.0;727.0;913.0;1.3;137.0;197.0
-200.0;887.0;3.3;4.7;64.6;0.5568;954.0;973.0;672.0;1031.0;0.7;111.0;141.0
-200.0;1042.0;2.5;27.0;34.3;1.2089;1231.0;867.0;618.0;488.0;0.7;-200.0;-200.0
-200.0;705.0;10.8;14.1;17.0;0.2729;988.0;1006.0;1006.0;964.0;2.1;165.0;308.0
-200.0;898.0;6.0;15.4;57.7;1.0008;1274.0;890.0;813.0;772.0;-200.0;-200.0;-200.0
-200.0;930.0;5.5;27.8;24.4;0.9002;1245.0;942.0;786.0;705.0;1.5;-200.0;-200.0
-200.0;1054.0;2.6;9.0;39.5;0.4554;846.0;841.0;625.0;687.0;1.0;112.0;172.0
-200.0;642.0;10.9;20.6;64.0;1.5346;1595.0;1232.0;1012.0;1211.0;-200.0;-200.0;-200.0
-200.0;579.0;14.7;20.4;71.6;1.7004;1733.0;1264.0;1138.0;1245.0;3.2;86.0;412.0
-200.0;1032.0;10.3;20.5;35.3;0.8435;1553.0;1026.0;990.0;972.0;-200.0;-200.0;-200.0
-200.0;1016.0;7.8;22.1;43.9;1.1521;1593.0;944.0;891.0;844.0;-200.0;-200.0;-200.0
-200.0;876.0;8.5;17.5;54.2;1.0722;1623.0;1154.0;919.0;861.0;-200.0;-200.0;-200.0
-200.0;682.0;11.9;40.7;17.0;1.2793;1564.0;1144.0;1046.0;879.0;2.3;-200.0;-200.0
-200.0;666.0;11.3;6.0;83.0;0.78;1262.0;1091.0;1025.0;1130.0;3.0;93.0;533.0
-200.0;1127.0;2.6;24.0;50.3;1.4811;1490.0;809.0;628.0;682.0;0.5;42.0;27.0
-200.0;728.0;8.2;28.0;36.1;1.3425;1545.0;1039.0;906.0;1091.0;-200.0;-200.0;-200.0
-200.0;815.0;4.4;1.0;67.7;0.4523;936.0;989.0;731.0;1018.0;1.3;149.0;226.0
-200.0;993.0;2.7;4.6;60.5;0.5173;897.0;904.0;633.0;717.0;0.9;103.0;137.0
-200.0;840.0;6.5;29.6;35.4;1.4426;1498.0;982.0;836.0;696.0;-200.0;-200.0;-200.0
-200.0;1204.0;6.0;21.8;34.9;0.9004;1421.0;894.0;810.0;585.0;0.9;74.0;82.0
-200.0;872.0;8.8;11.1;75.6;0.9974;1602.0;1084.0;933.0;801.0;-200.0;-200.0;-200.0
-200.0;816.0;5.1;4.9;52.0;0.4548;952.0;1034.0;769.0;1049.0;1.5;167.0;261.0
-200.0;631.0;9.1;8.9;70.4;0.8074;1267.0;1259.0;944.0;1622.0;2.2;111.0;268.0
-200.0;1077.0;3.1;23.5;44.0;1.2596;1402.0;850.0;659.0;557.0;0.3;38.0;32.0
-200.0;841.0;7.5;9.3;37.6;0.4391;969.0;962.0;877.0;949.0;1.8;120.0;413.0
-200.0;673.0;7.9;6.9;48.8;0.4903;1115.0;1183.0;896.0;1140.0;2.1;205.0;456.0
-200.0;1036.0;3.8;21.0;68.6;1.6873;1452.0;900.0;699.0;799.0;-200.0;-200.0;-200.0
-200.0;643.0;11.8;29.9;39.6;1.6397;1747.0;1143.0;1043.0;1079.0;-200.0;-200.0;-200.0
49.0;1271.0;2.6;10.3;58.0;0.7239;1234.0;913.0;626.0;474.0;0.8;68.0;61.0
-200.0;1200.0;1.8;19.9;51.3;1.1803;1331.0;780.0;568.0;501.0;-200.0;34.0;24.0
-200.0;854.0;5.5;4.2;50.8;0.4234;938.0;969.0;788.0;1006.0;-200.0;139.0;224.0
-200.0;1064.0;13.1;22.8;28.4;0.7804;1536.0;1069.0;1086.0;1119.0;-200.0;-200.0;-200.0
350.0;738.0;14.6;27.2;32.4;1.1493;1840.0;1391.0;1136.0;1296.0;2.6;105.0;134.0
-200.0;419.0;35.9;25.4;47.9;1.5346;2365.0;1728.0;1683.0;1861.0;6.5;188.0;623.0
-200.0;929.0;6.8;16.2;62.4;1.1423;1604.0;1139.0;847.0;701.0;-200.0;-200.0;-200.0
-200.0;517.0;20.6;22.6;61.5;1.6636;1866.0;1392.0;1313.0;1478.0;3.6;119.0;524.0
-200.0;1074.0;2.7;3.3;31.5;0.2464;701.0;822.0;632.0;442.0;0.9;107.0;187.0
-200.0;1109.0;3.2;22.6;34.8;0.9441;1349.0;826.0;666.0;641.0;0.5;-200.0;-200.0
-200.0;877.0;3.9;22.0;62.3;1.6266;1463.0;902.0;706.0;708.0;-200.0;-200.0;-200.0
334.0;811.0;12.5;17.8;37.5;0.7568;1616.0;1163.0;1068.0;977.0;3.0;111.0;135.0
-200.0;981.0;3.1;3.1;48.1;0.3707;844.0;907.0;657.0;569.0;1.3;134.0;190.0
-200.0;571.0;14.8;19.2;71.3;1.5723;1671.0;1244.0;1141.0;1337.0;-200.0;-200.0;-200.0
-200.0;1213.0;2.6;14.0;63.8;1.0167;1385.0;867.0;625.0;652.0;-200.0;-200.0;-200.0
-200.0;825.0;6.3;9.4;27.3;0.3216;888.0;973.0;827.0;846.0;1.7;176.0;351.0
-200.0;505.0;17.7;14.7;52.3;0.8687;1518.0;1337.0;1231.0;1611.0;3.8;185.0;647.0
-200.0;603.0;21.8;28.5;33.3;1.2775;2118.0;1313.0;1345.0;1507.0;4.8;163.0;300.0
-200.0;727.0;7.1;27.9;43.1;1.6004;1539.0;1029.0;862.0;733.0;-200.0;-200.0;-200.0
205.0;845.0;10.7;27.0;31.8;1.1176;1691.0;1278.0;1003.0;909.0;1.9;95.0;99.0
-200.0;1077.0;3.8;38.4;16.4;1.0957;1267.0;825.0;702.0;458.0;0.8;57.0;53.0
-200.0;832.0;8.4;9.5;35.9;0.4273;1018.0;1025.0;916.0;1262.0;1.2;149.0;294.0
-200.0;670.0;14.7;16.7;54.1;1.0212;1577.0;1066.0;1140.0;1032.0;-200.0;-200.0;-200.0
-200.0;502.0;16.6;11.6;59.8;0.8152;1426.0;1439.0;1198.0;1877.0;1.5;246.0;628.0
-200.0;1972.0;2.0;12.3;48.7;0.6931;946.0;792.0;583.0;517.0;0.8;66.0;105.0
-200.0;1204.0;2.0;21.2;46.2;1.1482;1323.0;779.0;581.0;505.0;0.2;22.0;13.0
-200.0;-200.0;-200.0;-200.0;-200.0;-200.0;-200.0;-200.0;-200.0;-200.0;3.5;176.0;809.0
-200.0;432.0;25.5;21.6;60.9;1.5551;2034.0;1512.0;1441.0;1744.0;4.2;119.0;605.0
