2.6;1360.0;150.0;11.9;1046.0;166.0;1056.0;113.0;1692.0;1268.0;13.6;48.9;0.7578
2.0;1292.0;112.0;9.4;955.0;103.0;1174.0;92.0;1559.0;972.0;13.3;47.7;0.7255
2.7;1263.0;166.0;11.6;1037.0;216.0;969.0;143.0;1598.0;1167.0;14.3;38.4;0.6243
2.1;1206.0;114.0;10.2;986.0;143.0;1035.0;113.0;1537.0;959.0;15.0;36.5;0.6195
5.0;1557.0;386.0;27.0;1478.0;299.0;793.0;158.0;1981.0;1569.0;25.9;16.0;0.5237
7.6;1973.0;577.0;38.4;1737.0;411.0;617.0;194.0;2414.0;2306.0;23.1;26.5;0.7403
2.8;1473.0;-200.0;14.3;1127.0;224.0;831.0;152.0;1752.0;1568.0;20.8;34.4;0.8365
2.2;1379.0;-200.0;12.5;1068.0;171.0;899.0;139.0;1663.0;1374.0;23.8;28.2;0.8219
2.2;1385.0;-200.0;12.2;1056.0;149.0;891.0;133.0;1648.0;1268.0;24.2;28.7;0.8515
2.3;1379.0;-200.0;13.1;1087.0;137.0;901.0;126.0;1660.0;1144.0;25.2;24.9;0.7829
2.2;1322.0;-200.0;14.4;1129.0;149.0;934.0;128.0;1639.0;1109.0;27.0;17.8;0.6275
2.8;1496.0;-200.0;16.8;1205.0;172.0;822.0;169.0;1767.0;1347.0;27.1;23.1;0.818
2.7;1409.0;-200.0;14.5;1131.0;166.0;873.0;149.0;1689.0;1206.0;25.8;23.9;0.7832
3.7;1513.0;-200.0;21.5;1338.0;214.0;764.0;156.0;1957.0;1397.0;23.0;26.8;0.7446
5.1;1667.0;-200.0;26.4;1464.0;280.0;683.0;168.0;2118.0;1588.0;20.7;31.1;0.7523
5.1;1667.0;-200.0;26.0;1453.0;276.0;684.0;176.0;2051.0;1569.0;18.6;36.2;0.7676
3.2;1430.0;-200.0;14.1;1121.0;178.0;814.0;135.0;1732.0;1322.0;16.0;48.4;0.8768
1.6;1134.0;-200.0;6.6;840.0;103.0;1021.0;96.0;1501.0;917.0;11.9;71.1;0.9915
0.9;999.0;-200.0;3.6;688.0;48.0;1229.0;63.0;1380.0;594.0;12.5;69.3;1.0029
0.7;961.0;-200.0;2.5;622.0;-200.0;1382.0;-200.0;1301.0;430.0;12.5;67.5;0.9768
-200.0;934.0;-200.0;1.8;569.0;20.0;1440.0;32.0;1280.0;397.0;12.3;67.7;0.9665
0.5;913.0;-200.0;1.3;525.0;18.0;1620.0;28.0;1260.0;370.0;12.5;66.8;0.962
0.7;969.0;-200.0;2.3;607.0;56.0;1373.0;61.0;1324.0;438.0;12.3;66.3;0.9487
1.5;1182.0;-200.0;6.7;845.0;115.0;1054.0;99.0;1539.0;704.0;12.4;64.9;0.9332
4.8;1740.0;-200.0;22.8;1372.0;320.0;671.0;157.0;2144.0;1476.0;13.0;61.6;0.9209
1.7;1127.0;-200.0;5.8;802.0;104.0;1064.0;92.0;1447.0;837.0;13.8;57.9;0.9085
1.6;1090.0;-200.0;5.2;773.0;86.0;1105.0;83.0;1429.0;761.0;13.9;55.9;0.8842
1.3;997.0;-200.0;3.4;677.0;-200.0;1252.0;-200.0;1359.0;591.0;13.8;55.1;0.8666
1.1;1064.0;-200.0;4.3;728.0;115.0;1161.0;91.0;1461.0;842.0;13.5;58.4;0.896
2.1;1300.0;-200.0;8.9;935.0;170.0;902.0;113.0;1623.0;1145.0;13.8;58.0;0.9083
2.4;1348.0;-200.0;10.5;998.0;147.0;834.0;102.0;1689.0;1218.0;14.6;53.1;0.8765
2.6;1425.0;-200.0;12.5;1068.0;166.0;776.0;107.0;1764.0;1341.0;15.0;52.3;0.8881
2.8;1474.0;-200.0;12.3;1061.0;195.0;768.0;113.0;1768.0;1406.0;15.4;52.1;0.9046
2.6;1490.0;-200.0;11.7;1039.0;182.0;782.0;108.0;1757.0;1422.0;16.3;50.0;0.9158
0.7;941.0;47.0;2.5;621.0;51.0;1298.0;70.0;1330.0;714.0;13.0;56.8;0.8444
0.5;892.0;36.0;1.2;522.0;-200.0;1522.0;-200.0;1285.0;456.0;11.0;70.0;0.9215
1.3;1000.0;81.0;5.3;776.0;81.0;1141.0;96.0;1375.0;896.0;12.0;54.9;0.7664
0.7;925.0;40.0;2.2;602.0;45.0;1398.0;59.0;1263.0;562.0;8.0;69.4;0.7459
0.8;952.0;52.0;3.0;654.0;72.0;1210.0;73.0;1312.0;832.0;7.7;72.4;0.7655
0.9;1005.0;64.0;4.0;713.0;103.0;1130.0;78.0;1363.0;924.0;8.0;71.8;0.7711
3.8;1408.0;592.0;19.3;1278.0;275.0;682.0;114.0;1928.0;1481.0;11.2;57.0;0.7544
3.1;1304.0;357.0;14.8;1142.0;232.0;772.0;119.0;1747.0;1405.0;14.8;44.1;0.7407
2.7;1207.0;296.0;13.4;1098.0;180.0;826.0;121.0;1664.0;1195.0;16.8;35.3;0.6729
1.5;1012.0;128.0;5.8;801.0;94.0;1098.0;90.0;1289.0;525.0;18.0;27.1;0.5522
2.6;1343.0;294.0;13.4;1096.0;191.0;839.0;115.0;1587.0;1311.0;11.9;38.4;0.5341
2.1;1249.0;151.0;9.7;968.0;112.0;874.0;99.0;1527.0;926.0;17.3;34.7;0.6788
2.2;1236.0;272.0;9.6;962.0;117.0;853.0;101.0;1532.0;928.0;15.8;40.4;0.7228
2.7;1334.0;301.0;11.9;1047.0;129.0;815.0;106.0;1638.0;1038.0;15.9;42.0;0.7541
2.4;1264.0;237.0;8.7;928.0;132.0;884.0;102.0;1534.0;1035.0;15.9;43.5;0.779
1.3;1073.0;95.0;4.7;746.0;73.0;1072.0;84.0;1360.0;789.0;15.0;46.1;0.7833
1.2;1053.0;68.0;3.8;701.0;68.0;1147.0;81.0;1323.0;692.0;15.1;44.6;0.7574
1.5;1098.0;101.0;4.7;747.0;80.0;1094.0;91.0;1360.0;764.0;14.9;43.5;0.7302
1.3;1029.0;81.0;3.8;702.0;68.0;1180.0;82.0;1287.0;639.0;14.8;41.0;0.685
1.0;973.0;50.0;2.7;631.0;44.0;1287.0;64.0;1240.0;541.0;14.8;40.8;0.6814
2.6;1349.0;295.0;11.2;1023.0;171.0;804.0;114.0;1748.0;1054.0;13.6;69.2;1.0746
3.1;1390.0;386.0;13.5;1100.0;195.0;755.0;119.0;1799.0;1192.0;14.9;59.3;0.9974
2.6;1207.0;324.0;11.7;1041.0;189.0;813.0;113.0;1620.0;1319.0;16.5;42.6;0.7912
2.4;1223.0;308.0;12.7;1075.0;164.0;818.0;112.0;1678.0;1198.0;19.3;34.2;0.7566
0.9;-200.0;79.0;-200.0;-200.0;145.0;-200.0;84.0;-200.0;-200.0;-200.0;-200.0;-200.0
1.5;-200.0;150.0;-200.0;-200.0;169.0;-200.0;86.0;-200.0;-200.0;-200.0;-200.0;-200.0
2.6;-200.0;196.0;-200.0;-200.0;250.0;-200.0;111.0;-200.0;-200.0;-200.0;-200.0;-200.0
2.9;-200.0;299.0;-200.0;-200.0;215.0;-200.0;117.0;-200.0;-200.0;-200.0;-200.0;-200.0
1.4;1073.0;134.0;6.0;812.0;112.0;988.0;65.0;1500.0;950.0;10.8;70.5;0.9142
1.7;1081.0;157.0;8.2;906.0;150.0;895.0;72.0;1591.0;1024.0;11.0;71.0;0.9279
2.0;1159.0;167.0;9.9;976.0;138.0;837.0;76.0;1663.0;1098.0;12.4;64.0;0.9206
2.0;1112.0;157.0;8.8;931.0;124.0;869.0;84.0;1588.0;1011.0;15.0;53.1;0.8993
1.8;1032.0;166.0;7.8;892.0;101.0;973.0;87.0;1457.0;756.0;20.6;30.0;0.7213
1.5;936.0;94.0;6.4;829.0;90.0;1054.0;88.0;1336.0;607.0;19.9;26.7;0.6137
1.3;883.0;108.0;5.1;766.0;90.0;1152.0;81.0;1238.0;498.0;19.8;23.1;0.5283
1.4;942.0;98.0;6.9;852.0;89.0;1055.0;89.0;1318.0;540.0;21.4;22.7;0.5722
3.5;1266.0;446.0;14.6;1138.0;205.0;726.0;129.0;1747.0;1370.0;14.1;49.6;0.7931
-200.0;1188.0;-200.0;12.9;1082.0;-200.0;790.0;-200.0;1653.0;1077.0;21.3;27.3;0.6856
-200.0;1098.0;-200.0;8.9;934.0;-200.0;895.0;-200.0;1497.0;883.0;20.4;30.4;0.7193
-200.0;1491.0;-200.0;21.4;1335.0;-200.0;625.0;-200.0;2001.0;1522.0;10.2;62.9;0.7831
-200.0;1508.0;-200.0;22.1;1355.0;-200.0;609.0;-200.0;2034.0;1623.0;11.6;58.7;0.7999
3.9;1489.0;536.0;19.1;1270.0;309.0;633.0;114.0;1889.0;1638.0;13.5;53.4;0.8196
4.7;1498.0;536.0;17.7;1230.0;250.0;649.0;140.0;1963.0;1308.0;14.6;74.9;1.2391
-200.0;1430.0;-200.0;20.7;1316.0;-200.0;638.0;-200.0;2069.0;1382.0;11.0;77.4;1.0135
-200.0;1565.0;-200.0;29.9;1549.0;-200.0;540.0;-200.0;2396.0;1645.0;12.3;69.2;0.9906
-200.0;1365.0;-200.0;20.1;1299.0;-200.0;637.0;-200.0;1999.0;1514.0;14.5;60.4;0.9936
3.2;1356.0;483.0;20.6;1312.0;174.0;729.0;147.0;1865.0;1342.0;29.6;20.1;0.8181
4.4;1460.0;682.0;25.3;1438.0;260.0;680.0;196.0;1953.0;1489.0;30.0;19.4;0.81
4.6;1497.0;698.0;25.8;1449.0;281.0;679.0;186.0;1985.0;1532.0;29.5;20.1;0.8136
5.6;1747.0;899.0;32.5;1608.0;281.0;557.0;161.0;2335.0;1983.0;23.1;36.7;1.0244
4.6;1482.0;692.0;20.8;1319.0;230.0;660.0;146.0;1975.0;1703.0;21.5;40.8;1.0333
1.8;1211.0;145.0;10.9;1010.0;98.0;816.0;98.0;1619.0;1246.0;20.5;41.5;0.9864
-200.0;948.0;55.0;3.8;700.0;45.0;1045.0;60.0;1430.0;939.0;16.9;49.8;0.9514
-200.0;882.0;-200.0;3.5;685.0;35.0;1134.0;42.0;1492.0;673.0;16.2;69.9;1.2756
0.6;858.0;-200.0;2.6;624.0;24.0;1205.0;32.0;1434.0;543.0;16.7;67.1;1.2619
0.7;875.0;-200.0;3.1;659.0;30.0;1180.0;35.0;1452.0;561.0;16.7;66.9;1.2631
1.2;1012.0;-200.0;6.5;833.0;75.0;916.0;67.0;1632.0;862.0;16.9;66.5;1.2688
1.5;1049.0;-200.0;6.5;836.0;79.0;926.0;73.0;1615.0;901.0;17.7;62.0;1.2458
2.5;1222.0;-200.0;12.9;1080.0;201.0;742.0;111.0;1755.0;1366.0;21.4;45.0;1.1291
2.0;1060.0;-200.0;10.9;1010.0;135.0;858.0;102.0;1623.0;1074.0;23.9;30.7;0.9002
1.9;1048.0;-200.0;11.0;1013.0;127.0;886.0;96.0;1584.0;940.0;26.8;25.2;0.8721
-200.0;977.0;-200.0;4.5;737.0;-200.0;1025.0;-200.0;1450.0;686.0;17.8;49.5;0.9986
-200.0;1025.0;-200.0;4.9;761.0;-200.0;1008.0;-200.0;1476.0;700.0;18.8;46.4;0.9968
-200.0;1040.0;-200.0;5.8;804.0;-200.0;940.0;-200.0;1502.0;780.0;19.3;44.0;0.9783
1.1;941.0;-200.0;5.6;792.0;-200.0;975.0;-200.0;1397.0;889.0;14.8;50.6;0.8489
-200.0;867.0;-200.0;4.4;734.0;48.0;1043.0;58.0;1324.0;808.0;14.6;51.4;0.8489
0.5;839.0;-200.0;2.8;638.0;33.0;1171.0;44.0;1271.0;643.0;15.7;46.9;0.8329
0.6;873.0;-200.0;3.9;704.0;41.0;1091.0;49.0;1322.0;756.0;15.3;49.7;0.8552
1.0;914.0;-200.0;5.2;774.0;53.0;1091.0;65.0;1323.0;706.0;20.0;31.5;0.7262
2.9;1251.0;-200.0;13.4;1097.0;181.0;771.0;143.0;1680.0;1280.0;22.2;34.4;0.9072
0.1;783.0;-200.0;2.8;637.0;41.0;1498.0;46.0;1215.0;439.0;29.8;18.4;0.7595
0.2;815.0;-200.0;4.2;723.0;41.0;1378.0;46.0;1256.0;471.0;32.0;15.0;0.7028
0.6;912.0;-200.0;6.2;819.0;65.0;1224.0;77.0;1368.0;589.0;30.3;17.0;0.7232
0.9;963.0;-200.0;7.7;885.0;84.0;1102.0;90.0;1447.0;695.0;29.2;19.6;0.7817
1.1;990.0;-200.0;8.8;930.0;89.0;1045.0;95.0;1506.0;739.0;27.4;23.8;0.858
2.3;1199.0;-200.0;15.2;1156.0;227.0;758.0;103.0;1958.0;1272.0;18.5;70.3;1.4826
1.8;989.0;-200.0;8.2;906.0;118.0;954.0;102.0;1681.0;826.0;23.4;44.4;1.2646
0.7;784.0;-200.0;2.8;638.0;51.0;1314.0;54.0;1412.0;529.0;21.6;45.3;1.1533
0.9;806.0;-200.0;3.4;675.0;61.0;1270.0;61.0;1414.0;528.0;23.1;39.4;1.0983
1.9;922.0;-200.0;11.8;1042.0;152.0;887.0;132.0;1744.0;832.0;31.3;24.1;1.0816
2.5;1023.0;-200.0;14.9;1147.0;185.0;829.0;115.0;1842.0;983.0;34.4;20.4;1.0857
2.5;1039.0;-200.0;16.0;1180.0;184.0;833.0;127.0;1815.0;1047.0;33.7;21.3;1.0988
2.8;1054.0;-200.0;16.5;1195.0;205.0;815.0;126.0;1848.0;1078.0;35.9;18.9;1.0999
2.3;1022.0;-200.0;15.2;1155.0;172.0;871.0;113.0;1840.0;979.0;34.3;19.4;1.0279
2.9;1160.0;-200.0;16.9;1208.0;220.0;728.0;149.0;1925.0;1330.0;31.4;28.6;1.298
2.5;1146.0;-200.0;15.7;1171.0;168.0;761.0;124.0;1902.0;1138.0;33.7;25.5;1.3095
6.4;1496.0;-200.0;36.9;1705.0;357.0;507.0;151.0;2691.0;2147.0;23.4;46.1;1.3091
2.9;1201.0;-200.0;17.5;1224.0;265.0;701.0;146.0;1987.0;1532.0;25.1;43.0;1.3488
3.4;1267.0;-200.0;19.3;1276.0;247.0;676.0;165.0;2059.0;1570.0;30.1;32.8;1.3795
1.5;984.0;-200.0;8.7;929.0;83.0;917.0;84.0;1654.0;817.0;25.4;40.1;1.2822
1.0;938.0;-200.0;7.6;881.0;48.0;956.0;61.0;1607.0;662.0;24.1;43.3;1.2839
0.7;878.0;-200.0;5.2;774.0;27.0;1065.0;42.0;1527.0;552.0;23.9;45.6;1.3328
1.0;919.0;-200.0;5.9;807.0;48.0;967.0;66.0;1598.0;775.0;22.0;52.8;1.3752
0.6;836.0;-200.0;4.0;709.0;-200.0;1085.0;-200.0;1498.0;646.0;20.7;56.1;1.3565
-200.0;814.0;-200.0;3.3;673.0;33.0;1138.0;50.0;1488.0;647.0;20.1;57.3;1.3352
0.9;872.0;-200.0;5.4;782.0;75.0;1001.0;76.0;1607.0;874.0;19.5;59.4;1.3328
1.2;949.0;-200.0;8.7;929.0;101.0;887.0;78.0;1711.0;973.0;20.0;56.6;1.3095
2.9;1227.0;-200.0;19.9;1292.0;214.0;661.0;104.0;2087.0;1327.0;21.7;53.9;1.3848
4.8;1360.0;-200.0;30.4;1561.0;290.0;545.0;139.0;2525.0;1626.0;23.7;49.0;1.4152
0.6;807.0;-200.0;3.5;681.0;41.0;1092.0;65.0;1435.0;765.0;24.8;37.8;1.1639
0.5;787.0;-200.0;2.5;620.0;-200.0;1176.0;-200.0;1403.0;618.0;22.7;43.8;1.1952
0.4;789.0;-200.0;2.6;623.0;36.0;1146.0;53.0;1407.0;663.0;22.0;44.3;1.1553
0.6;825.0;-200.0;4.0;709.0;68.0;1050.0;74.0;1491.0;813.0;19.3;51.4;1.1364
1.0;912.0;-200.0;7.0;858.0;92.0;923.0;69.0;1608.0;894.0;19.8;50.4;1.1525
0.8;852.0;-200.0;3.0;651.0;57.0;1246.0;59.0;1387.0;470.0;21.7;42.7;1.0949
1.0;865.0;-200.0;3.6;687.0;75.0;1191.0;78.0;1388.0;521.0;20.3;44.1;1.0392
0.9;848.0;-200.0;3.6;689.0;65.0;1180.0;71.0;1403.0;520.0;20.1;45.2;1.0538
0.7;807.0;-200.0;2.3;606.0;45.0;1340.0;54.0;1337.0;440.0;19.8;45.7;1.0424
0.8;814.0;-200.0;2.6;627.0;46.0;1305.0;57.0;1351.0;446.0;19.6;45.3;1.0244
0.3;708.0;-200.0;0.5;437.0;-200.0;1941.0;-200.0;1227.0;334.0;19.0;49.0;1.063
1.0;851.0;-200.0;4.1;718.0;57.0;1134.0;67.0;1471.0;561.0;22.0;44.9;1.1699
1.1;870.0;-200.0;4.7;749.0;64.0;1096.0;74.0;1487.0;612.0;22.2;44.1;1.1654
1.2;883.0;-200.0;5.2;773.0;59.0;1062.0;72.0;1514.0;621.0;21.8;45.6;1.1763
1.2;886.0;-200.0;5.1;767.0;68.0;1055.0;79.0;1532.0;702.0;21.6;46.0;1.1742
0.7;792.0;-200.0;2.8;637.0;31.0;1249.0;43.0;1400.0;559.0;21.6;45.8;1.1715
0.5;754.0;-200.0;1.4;535.0;21.0;1490.0;33.0;1335.0;435.0;20.7;48.3;1.168
1.1;-200.0;-200.0;-200.0;-200.0;44.0;-200.0;56.0;-200.0;-200.0;-200.0;-200.0;-200.0
1.6;-200.0;-200.0;-200.0;-200.0;72.0;-200.0;77.0;-200.0;-200.0;-200.0;-200.0;-200.0
1.7;-200.0;-200.0;-200.0;-200.0;88.0;-200.0;91.0;-200.0;-200.0;-200.0;-200.0;-200.0
1.4;-200.0;-200.0;-200.0;-200.0;56.0;-200.0;70.0;-200.0;-200.0;-200.0;-200.0;-200.0
1.7;-200.0;-200.0;-200.0;-200.0;82.0;-200.0;95.0;-200.0;-200.0;-200.0;-200.0;-200.0
2.4;-200.0;-200.0;-200.0;-200.0;125.0;-200.0;113.0;-200.0;-200.0;-200.0;-200.0;-200.0
2.3;-200.0;-200.0;-200.0;-200.0;144.0;-200.0;109.0;-200.0;-200.0;-200.0;-200.0;-200.0
1.2;-200.0;-200.0;-200.0;-200.0;54.0;-200.0;65.0;-200.0;-200.0;-200.0;-200.0;-200.0
1.0;-200.0;-200.0;-200.0;-200.0;48.0;-200.0;60.0;-200.0;-200.0;-200.0;-200.0;-200.0
0.4;758.0;-200.0;1.9;580.0;22.0;1215.0;36.0;1374.0;531.0;22.1;44.3;1.1665
0.2;735.0;-200.0;1.4;533.0;-200.0;1338.0;-200.0;1350.0;493.0;21.0;47.5;1.1666
3.5;1277.0;-200.0;20.1;1300.0;331.0;608.0;136.0;2090.0;1598.0;24.0;43.1;1.2677
3.2;1149.0;-200.0;16.4;1192.0;304.0;672.0;152.0;1944.0;1449.0;28.5;31.7;1.2144
2.3;1091.0;-200.0;13.0;1082.0;210.0;746.0;119.0;1790.0;1221.0;32.2;25.1;1.189
2.2;1053.0;-200.0;13.1;1087.0;163.0;763.0;106.0;1762.0;1023.0;34.9;20.5;1.1279
2.1;1023.0;-200.0;11.8;1042.0;132.0;796.0;101.0;1711.0;910.0;35.4;19.9;1.1222
1.2;959.0;-200.0;5.0;763.0;56.0;976.0;58.0;1561.0;549.0;31.9;30.3;1.4125
1.1;975.0;-200.0;5.7;798.0;51.0;939.0;55.0;1576.0;570.0;32.8;28.9;1.412
1.2;988.0;-200.0;6.0;813.0;52.0;927.0;61.0;1596.0;596.0;33.4;27.8;1.4119
1.3;971.0;-200.0;6.1;818.0;59.0;942.0;65.0;1565.0;585.0;35.3;23.7;1.3331
1.4;999.0;-200.0;8.0;899.0;62.0;869.0;74.0;1629.0;637.0;35.8;22.4;1.2915
1.6;989.0;-200.0;7.8;889.0;85.0;889.0;89.0;1602.0;664.0;35.3;20.8;1.1664
2.1;1075.0;-200.0;11.1;1020.0;109.0;802.0;103.0;1732.0;797.0;33.3;23.9;1.2085
3.0;1190.0;-200.0;15.9;1177.0;168.0;695.0;128.0;1934.0;1046.0;30.3;30.8;1.3044
2.8;1172.0;-200.0;13.7;1108.0;166.0;706.0;122.0;1878.0;1058.0;28.3;34.5;1.3084
3.4;1083.0;-200.0;17.9;1237.0;210.0;737.0;129.0;1786.0;1077.0;29.9;19.8;0.8211
3.4;1062.0;-200.0;15.9;1176.0;230.0;763.0;140.0;1743.0;1121.0;28.1;22.4;0.8394
2.9;1276.0;-200.0;14.6;1138.0;246.0;628.0;134.0;2021.0;1430.0;28.2;47.1;1.7752
2.7;1246.0;-200.0;13.3;1093.0;261.0;667.0;149.0;1942.0;1357.0;31.6;39.4;1.7969
2.9;1320.0;-200.0;17.0;1210.0;263.0;595.0;147.0;2052.0;1477.0;29.3;40.0;1.6082
2.8;1226.0;-200.0;15.6;1168.0;265.0;650.0;158.0;1952.0;1311.0;33.6;28.7;1.4693
0.7;897.0;-200.0;4.6;745.0;50.0;968.0;77.0;1461.0;807.0;23.4;40.6;1.1571
0.7;900.0;-200.0;4.7;750.0;-200.0;932.0;-200.0;1494.0;817.0;21.8;46.6;1.1991
2.2;1217.0;-200.0;12.3;1060.0;126.0;660.0;101.0;1840.0;1227.0;24.0;51.9;1.5252
1.1;983.0;-200.0;6.4;831.0;68.0;847.0;71.0;1585.0;887.0;24.5;44.4;1.3476
1.1;1007.0;-200.0;7.2;864.0;65.0;816.0;71.0;1639.0;987.0;22.6;51.0;1.3805
0.8;957.0;-200.0;6.1;816.0;-200.0;846.0;-200.0;1613.0;903.0;22.2;52.7;1.3891
0.6;914.0;-200.0;4.3;725.0;38.0;949.0;49.0;1550.0;780.0;21.2;56.8;1.4094
0.6;886.0;-200.0;3.8;702.0;31.0;971.0;43.0;1528.0;767.0;20.3;59.6;1.3994
0.6;899.0;-200.0;4.0;708.0;40.0;972.0;44.0;1559.0;780.0;21.3;56.7;1.4178
0.6;942.0;-200.0;4.2;723.0;36.0;968.0;42.0;1573.0;698.0;23.0;54.6;1.5177
0.9;917.0;-200.0;4.9;761.0;55.0;931.0;75.0;1497.0;893.0;25.8;41.0;1.3461
0.7;881.0;-200.0;4.1;718.0;43.0;965.0;60.0;1510.0;837.0;23.3;48.4;1.3677
0.6;865.0;-200.0;3.3;671.0;-200.0;1012.0;-200.0;1477.0;807.0;23.5;47.8;1.3607
0.4;829.0;-200.0;2.2;602.0;23.0;1123.0;36.0;1410.0;596.0;23.5;46.7;1.3361
0.7;913.0;-200.0;4.6;743.0;65.0;931.0;66.0;1540.0;884.0;21.8;52.3;1.3539
1.6;1077.0;-200.0;10.2;985.0;165.0;742.0;97.0;1780.0;1170.0;21.8;52.5;1.3529
3.8;1337.0;-200.0;23.3;1386.0;274.0;565.0;115.0;2196.0;1596.0;22.9;49.1;1.3546
5.1;1467.0;-200.0;31.0;1575.0;369.0;472.0;145.0;2460.0;1873.0;24.9;43.3;1.3422
3.4;1257.0;-200.0;17.6;1227.0;308.0;611.0;162.0;1954.0;1608.0;26.7;39.4;1.3556
2.6;1227.0;-200.0;14.3;1125.0;227.0;675.0;147.0;1835.0;1470.0;30.5;32.9;1.4135
2.3;1118.0;-200.0;13.0;1082.0;161.0;694.0;127.0;1792.0;1080.0;22.7;47.7;1.2977
1.5;1016.0;-200.0;9.6;963.0;91.0;776.0;95.0;1661.0;811.0;22.2;49.5;1.3081
1.0;940.0;-200.0;6.7;845.0;57.0;845.0;70.0;1539.0;704.0;21.6;51.9;1.3254
1.5;942.0;-200.0;6.8;849.0;177.0;907.0;107.0;1496.0;894.0;23.4;39.4;1.1172
1.6;957.0;-200.0;7.4;875.0;172.0;891.0;102.0;1525.0;871.0;25.7;33.0;1.0763
2.1;1024.0;-200.0;12.1;1052.0;183.0;779.0;104.0;1690.0;952.0;28.5;27.3;1.0479
1.4;927.0;-200.0;8.8;930.0;108.0;840.0;89.0;1522.0;1026.0;23.6;33.8;0.9685
1.1;868.0;-200.0;6.7;846.0;72.0;925.0;69.0;1448.0;836.0;23.0;33.8;0.9406
0.9;863.0;-200.0;6.3;824.0;65.0;905.0;70.0;1469.0;925.0;22.2;38.4;1.0126
1.6;977.0;-200.0;9.4;956.0;93.0;765.0;93.0;1581.0;1114.0;23.6;39.2;1.1306
1.2;949.0;-200.0;8.3;910.0;71.0;816.0;77.0;1552.0;1015.0;22.2;43.0;1.1363
1.2;912.0;-200.0;6.7;842.0;-200.0;863.0;-200.0;1489.0;1015.0;21.2;45.8;1.1353
0.9;863.0;-200.0;4.6;746.0;56.0;919.0;76.0;1415.0;961.0;21.3;45.9;1.1471
1.9;1084.0;-200.0;10.3;990.0;148.0;734.0;116.0;1633.0;1284.0;25.0;38.3;1.198
0.6;990.0;-200.0;6.1;814.0;49.0;929.0;58.0;1399.0;578.0;33.9;20.3;1.0522
0.8;1017.0;-200.0;7.4;873.0;68.0;874.0;73.0;1464.0;721.0;31.6;22.9;1.0469
1.2;1067.0;-200.0;9.0;938.0;102.0;825.0;99.0;1520.0;912.0;29.7;24.8;1.016
1.6;1147.0;-200.0;11.7;1040.0;123.0;745.0;102.0;1635.0;1155.0;29.0;27.0;1.063
1.2;1132.0;-200.0;11.0;1014.0;106.0;728.0;101.0;1628.0;1279.0;27.9;30.4;1.1249
2.5;1282.0;-200.0;17.7;1230.0;263.0;594.0;145.0;1924.0;1696.0;27.1;34.9;1.231
2.4;1262.0;-200.0;16.2;1187.0;282.0;633.0;165.0;1842.0;1603.0;32.4;24.8;1.1886
2.1;1195.0;-200.0;15.1;1153.0;226.0;678.0;159.0;1732.0;1370.0;36.8;18.0;1.0945
-200.0;1173.0;-200.0;14.3;1127.0;176.0;709.0;159.0;1678.0;1194.0;39.1;16.0;1.11
-200.0;1102.0;-200.0;10.8;1007.0;120.0;777.0;131.0;1534.0;880.0;39.2;16.4;1.1439
-200.0;1076.0;-200.0;10.1;982.0;96.0;799.0;123.0;1523.0;748.0;40.5;14.9;1.111
-200.0;1078.0;-200.0;10.9;1012.0;115.0;777.0;129.0;1523.0;868.0;41.4;13.8;1.0786
-200.0;1245.0;-200.0;16.1;1181.0;184.0;645.0;164.0;1747.0;1350.0;38.1;18.5;1.2108
-200.0;1128.0;-200.0;10.0;978.0;92.0;733.0;89.0;1683.0;1193.0;28.3;36.8;1.3906
-200.0;1018.0;-200.0;7.5;880.0;67.0;865.0;86.0;1421.0;613.0;40.1;15.2;1.1065
-200.0;1109.0;-200.0;10.3;989.0;98.0;778.0;107.0;1537.0;819.0;42.0;14.2;1.1517
-200.0;1105.0;-200.0;10.2;984.0;97.0;767.0;106.0;1532.0;868.0;42.7;14.4;1.2092
-200.0;1128.0;-200.0;11.5;1032.0;87.0;733.0;99.0;1576.0;876.0;41.6;14.5;1.1483
4.1;1301.0;-200.0;17.0;1210.0;124.0;623.0;140.0;1813.0;1153.0;39.6;18.8;1.3413
3.8;1416.0;-200.0;21.5;1339.0;165.0;544.0;163.0;1998.0;1492.0;36.1;25.5;1.4949
3.4;1301.0;-200.0;18.6;1256.0;164.0;593.0;144.0;1914.0;1382.0;33.3;29.9;1.5079
2.9;1261.0;-200.0;15.3;1158.0;122.0;628.0;120.0;1837.0;1303.0;31.2;33.2;1.4831
3.1;1295.0;-200.0;17.0;1211.0;134.0;602.0;120.0;1917.0;1404.0;30.1;35.8;1.5034
3.5;1239.0;-200.0;14.4;1129.0;121.0;637.0;106.0;1839.0;1308.0;28.9;39.1;1.537
2.4;1229.0;-200.0;13.6;1103.0;112.0;627.0;95.0;1866.0;1320.0;27.8;43.3;1.5929
-200.0;1074.0;-200.0;15.5;1166.0;144.0;687.0;143.0;1713.0;1013.0;32.3;20.7;0.9875
-200.0;1086.0;-200.0;13.6;1105.0;144.0;710.0;131.0;1682.0;1109.0;29.6;26.1;1.0682
-200.0;960.0;-200.0;9.6;964.0;84.0;780.0;102.0;1532.0;913.0;28.6;27.2;1.048
-200.0;974.0;-200.0;9.5;958.0;74.0;783.0;94.0;1528.0;908.0;27.6;27.4;0.9926
-200.0;939.0;-200.0;8.5;918.0;80.0;805.0;96.0;1472.0;923.0;26.3;29.0;0.9807
-200.0;1125.0;-200.0;16.6;1199.0;171.0;601.0;97.0;1850.0;1304.0;21.6;40.9;1.0468
-200.0;1281.0;-200.0;26.6;1469.0;287.0;491.0;136.0;2179.0;1669.0;24.0;36.6;1.0763
-200.0;1145.0;-200.0;17.9;1238.0;230.0;600.0;140.0;1809.0;1507.0;26.8;29.5;1.0209
-200.0;1088.0;-200.0;17.9;1238.0;261.0;654.0;171.0;1709.0;1359.0;31.8;19.4;0.8936
1.7;1142.0;-200.0;9.1;945.0;73.0;682.0;83.0;1736.0;793.0;27.8;52.6;1.9398
1.7;1170.0;-200.0;9.5;959.0;86.0;666.0;88.0;1798.0;838.0;27.4;55.5;1.9998
1.9;1142.0;-200.0;9.1;945.0;65.0;672.0;68.0;1775.0;799.0;27.3;57.1;2.0426
1.2;986.0;-200.0;5.0;762.0;74.0;821.0;97.0;1573.0;553.0;26.7;60.1;2.067
0.7;942.0;-200.0;3.7;696.0;45.0;916.0;51.0;1542.0;465.0;26.2;61.6;2.0575
0.3;882.0;-200.0;2.2;595.0;-200.0;1097.0;-200.0;1463.0;406.0;25.5;62.8;2.0236
-200.0;1122.0;-200.0;9.5;959.0;102.0;685.0;92.0;1798.0;914.0;28.8;48.9;1.9105
-200.0;1121.0;-200.0;10.3;989.0;108.0;659.0;97.0;1821.0;955.0;28.8;48.8;1.9039
-200.0;1150.0;-200.0;11.2;1020.0;132.0;645.0;111.0;1835.0;1063.0;28.0;49.0;1.8237
-200.0;1074.0;-200.0;9.2;949.0;104.0;678.0;89.0;1751.0;982.0;27.5;51.5;1.8664
-200.0;1039.0;-200.0;8.0;899.0;92.0;714.0;87.0;1717.0;914.0;27.3;51.5;1.844
-200.0;963.0;-200.0;5.8;804.0;78.0;791.0;69.0;1658.0;861.0;26.7;53.3;1.8366
-200.0;1002.0;-200.0;5.4;783.0;79.0;805.0;92.0;1623.0;875.0;20.7;81.8;1.9717
-200.0;971.0;-200.0;5.5;789.0;61.0;816.0;70.0;1594.0;879.0;23.1;70.1;1.9582
1.4;974.0;-200.0;8.5;920.0;75.0;718.0;62.0;1755.0;1062.0;23.8;65.0;1.8897
1.9;1033.0;-200.0;10.9;1011.0;89.0;681.0;93.0;1768.0;875.0;26.3;51.3;1.7251
1.5;963.0;-200.0;7.4;872.0;65.0;767.0;69.0;1617.0;803.0;25.7;54.1;1.7546
1.0;921.0;-200.0;4.5;738.0;46.0;901.0;47.0;1585.0;779.0;25.1;56.6;1.7798
1.2;963.0;-200.0;5.2;774.0;62.0;839.0;64.0;1621.0;758.0;27.3;51.3;1.835
-200.0;864.0;-200.0;2.5;617.0;15.0;1027.0;25.0;1561.0;622.0;26.7;61.0;2.101
0.7;931.0;-200.0;4.2;721.0;47.0;888.0;37.0;1651.0;799.0;25.8;64.6;2.1195
0.7;921.0;-200.0;4.5;738.0;39.0;893.0;41.0;1623.0;818.0;26.5;60.6;2.063
1.7;1139.0;-200.0;11.0;1013.0;87.0;672.0;60.0;1932.0;1034.0;26.4;61.7;2.0929
1.1;968.0;-200.0;5.6;794.0;39.0;836.0;48.0;1688.0;654.0;27.2;59.3;2.1059
0.7;853.0;-200.0;2.6;626.0;22.0;1045.0;33.0;1557.0;516.0;26.7;61.0;2.1005
0.6;877.0;-200.0;3.1;658.0;25.0;964.0;37.0;1349.0;663.0;28.3;36.7;1.3878
0.5;867.0;-200.0;2.9;645.0;23.0;1001.0;36.0;1385.0;656.0;25.7;43.8;1.4233
0.5;836.0;-200.0;2.6;626.0;-200.0;1024.0;-200.0;1397.0;639.0;24.3;49.0;1.4666
0.4;820.0;-200.0;2.2;597.0;18.0;1069.0;29.0;1346.0;603.0;24.3;48.3;1.4449
0.4;828.0;-200.0;2.5;618.0;23.0;1039.0;25.0;1354.0;560.0;23.6;49.2;1.4153
1.0;929.0;-200.0;5.6;791.0;59.0;841.0;41.0;1493.0;789.0;22.2;53.9;1.4201
2.0;1094.0;-200.0;10.0;979.0;142.0;717.0;119.0;1633.0;1192.0;33.3;28.2;1.4189
-200.0;1022.0;-200.0;7.8;890.0;-200.0;803.0;-200.0;1499.0;862.0;35.3;23.1;1.2989
1.1;902.0;-200.0;5.7;797.0;32.0;845.0;49.0;1355.0;841.0;26.0;33.1;1.0955
1.1;904.0;-200.0;5.8;801.0;44.0;852.0;53.0;1400.0;862.0;24.1;37.9;1.1204
1.2;919.0;-200.0;5.7;799.0;29.0;844.0;50.0;1409.0;881.0;22.2;43.1;1.1396
0.7;812.0;-200.0;3.2;663.0;18.0;982.0;34.0;1265.0;709.0;22.8;41.3;1.1284
0.5;776.0;-200.0;2.1;590.0;-200.0;1099.0;-200.0;1245.0;602.0;21.2;43.8;1.088
0.4;762.0;-200.0;1.7;563.0;12.0;1181.0;21.0;1208.0;492.0;21.7;42.6;1.0907
1.9;-200.0;-200.0;-200.0;-200.0;121.0;-200.0;83.0;-200.0;-200.0;-200.0;-200.0;-200.0
2.6;-200.0;-200.0;-200.0;-200.0;143.0;-200.0;90.0;-200.0;-200.0;-200.0;-200.0;-200.0
1.7;-200.0;-200.0;-200.0;-200.0;104.0;-200.0;87.0;-200.0;-200.0;-200.0;-200.0;-200.0
1.7;-200.0;-200.0;-200.0;-200.0;111.0;-200.0;83.0;-200.0;-200.0;-200.0;-200.0;-200.0
1.4;-200.0;-200.0;-200.0;-200.0;83.0;-200.0;71.0;-200.0;-200.0;-200.0;-200.0;-200.0
1.6;-200.0;-200.0;-200.0;-200.0;90.0;-200.0;77.0;-200.0;-200.0;-200.0;-200.0;-200.0
1.3;-200.0;-200.0;-200.0;-200.0;82.0;-200.0;75.0;-200.0;-200.0;-200.0;-200.0;-200.0
0.9;-200.0;-200.0;-200.0;-200.0;48.0;-200.0;52.0;-200.0;-200.0;-200.0;-200.0;-200.0
1.4;-200.0;-200.0;-200.0;-200.0;89.0;-200.0;76.0;-200.0;-200.0;-200.0;-200.0;-200.0
1.0;-200.0;-200.0;-200.0;-200.0;58.0;-200.0;60.0;-200.0;-200.0;-200.0;-200.0;-200.0
2.2;-200.0;-200.0;-200.0;-200.0;129.0;-200.0;99.0;-200.0;-200.0;-200.0;-200.0;-200.0
1.9;-200.0;-200.0;-200.0;-200.0;103.0;-200.0;88.0;-200.0;-200.0;-200.0;-200.0;-200.0
2.1;-200.0;-200.0;-200.0;-200.0;115.0;-200.0;91.0;-200.0;-200.0;-200.0;-200.0;-200.0
1.7;-200.0;-200.0;-200.0;-200.0;108.0;-200.0;91.0;-200.0;-200.0;-200.0;-200.0;-200.0
1.1;-200.0;-200.0;-200.0;-200.0;68.0;-200.0;71.0;-200.0;-200.0;-200.0;-200.0;-200.0
0.7;-200.0;-200.0;-200.0;-200.0;36.0;-200.0;49.0;-200.0;-200.0;-200.0;-200.0;-200.0
0.7;-200.0;-200.0;-200.0;-200.0;41.0;-200.0;58.0;-200.0;-200.0;-200.0;-200.0;-200.0
0.6;-200.0;-200.0;-200.0;-200.0;36.0;-200.0;49.0;-200.0;-200.0;-200.0;-200.0;-200.0
0.6;835.0;-200.0;3.8;699.0;-200.0;912.0;-200.0;1361.0;796.0;19.8;59.3;1.3505
1.8;1011.0;-200.0;9.1;945.0;134.0;733.0;102.0;1570.0;1034.0;29.9;30.5;1.2616
1.5;975.0;-200.0;7.7;887.0;85.0;829.0;86.0;1478.0;737.0;32.3;27.2;1.2933
-200.0;1108.0;-200.0;12.0;1051.0;-200.0;640.0;-200.0;1616.0;1199.0;28.7;38.2;1.4794
-200.0;1071.0;-200.0;10.1;982.0;-200.0;649.0;-200.0;1557.0;1099.0;28.1;40.4;1.512
-200.0;1044.0;-200.0;9.7;967.0;-200.0;672.0;-200.0;1540.0;1133.0;27.4;41.4;1.4877
-200.0;1045.0;-200.0;9.6;964.0;-200.0;666.0;-200.0;1554.0;1140.0;26.4;44.0;1.4919
-200.0;1004.0;-200.0;8.5;921.0;-200.0;699.0;-200.0;1495.0;1092.0;24.9;47.9;1.4855
-200.0;944.0;-200.0;5.7;796.0;-200.0;784.0;-200.0;1407.0;1021.0;24.0;50.3;1.476
1.5;970.0;-200.0;7.3;870.0;-200.0;792.0;-200.0;1376.0;943.0;27.5;30.9;1.1155
0.9;864.0;-200.0;3.0;651.0;-200.0;1096.0;-200.0;1193.0;443.0;34.5;19.3;1.0369
0.7;822.0;-200.0;2.4;611.0;-200.0;1191.0;-200.0;1138.0;403.0;33.2;19.0;0.9533
0.6;810.0;-200.0;2.2;597.0;-200.0;1255.0;-200.0;1106.0;361.0;32.2;20.5;0.9699
1.7;1008.0;-200.0;6.7;845.0;-200.0;832.0;-200.0;1349.0;856.0;26.3;29.5;0.9959
1.3;965.0;-200.0;5.1;769.0;-200.0;878.0;-200.0;1315.0;667.0;25.9;32.9;1.0826
1.3;957.0;-200.0;4.1;717.0;-200.0;911.0;-200.0;1322.0;579.0;25.3;36.9;1.1764
1.0;921.0;-200.0;3.2;666.0;-200.0;954.0;-200.0;1288.0;480.0;24.8;40.1;1.2378
1.3;949.0;-200.0;5.8;804.0;-200.0;835.0;-200.0;1365.0;740.0;25.4;35.2;1.1255
1.2;932.0;-200.0;4.8;752.0;-200.0;889.0;-200.0;1310.0;687.0;25.0;37.3;1.1614
1.2;966.0;-200.0;5.2;774.0;-200.0;859.0;-200.0;1352.0;644.0;24.6;40.5;1.2362
0.8;888.0;-200.0;3.0;653.0;-200.0;973.0;-200.0;1272.0;497.0;24.2;43.8;1.3057
0.6;847.0;-200.0;2.7;634.0;-200.0;1012.0;-200.0;1258.0;525.0;24.0;43.7;1.2876
0.6;856.0;-200.0;3.6;687.0;-200.0;955.0;-200.0;1260.0;726.0;21.9;48.3;1.2522
0.6;881.0;-200.0;4.4;735.0;-200.0;876.0;-200.0;1308.0;783.0;22.4;47.2;1.2593
0.7;882.0;-200.0;4.0;711.0;-200.0;936.0;-200.0;1310.0;741.0;22.9;46.5;1.2861
2.5;1228.0;-200.0;13.9;1113.0;231.0;628.0;72.0;1719.0;1324.0;23.7;46.2;1.3376
3.4;1311.0;-200.0;22.0;1350.0;232.0;529.0;73.0;1957.0;1486.0;25.8;41.9;1.3688
2.1;1081.0;-200.0;10.2;983.0;145.0;703.0;64.0;1546.0;1079.0;27.3;38.3;1.3669
2.2;1104.0;-200.0;10.4;993.0;170.0;705.0;74.0;1539.0;1081.0;31.0;29.1;1.2885
1.7;991.0;-200.0;8.0;898.0;214.0;787.0;89.0;1412.0;806.0;31.6;25.5;1.1638
2.1;1008.0;-200.0;10.1;980.0;-200.0;755.0;-200.0;1465.0;825.0;32.5;21.2;1.0173
2.2;986.0;-200.0;10.7;1005.0;-200.0;752.0;-200.0;1439.0;907.0;31.7;20.5;0.9428
1.4;948.0;-200.0;7.9;893.0;-200.0;828.0;-200.0;1374.0;768.0;31.5;21.5;0.9768
-200.0;-200.0;-200.0;-200.0;-200.0;-200.0;-200.0;-200.0;-200.0;-200.0;-200.0;-200.0;-200.0
-200.0;-200.0;-200.0;-200.0;-200.0;-200.0;-200.0;-200.0;-200.0;-200.0;-200.0;-200.0;-200.0
-200.0;1297.0;-200.0;34.5;1654.0;-200.0;848.0;-200.0;1366.0;1611.0;22.7;33.0;0.8987
-200.0;-200.0;-200.0;-200.0;-200.0;-200.0;-200.0;-200.0;-200.0;-200.0;-200.0;-200.0;-200.0
-200.0;-200.0;-200.0;-200.0;-200.0;-200.0;-200.0;-200.0;-200.0;-200.0;-200.0;-200.0;-200.0
-200.0;-200.0;-200.0;-200.0;-200.0;-200.0;-200.0;-200.0;-200.0;-200.0;-200.0;-200.0;-200.0
-200.0;-200.0;-200.0;-200.0;-200.0;-200.0;-200.0;-200.0;-200.0;-200.0;-200.0;-200.0;-200.0
2.5;1135.0;-200.0;15.7;1170.0;429.0;867.0;144.0;1523.0;1189.0;32.8;18.9;0.9234
2.4;1112.0;-200.0;15.4;1161.0;345.0;866.0;151.0;1499.0;1088.0;34.3;17.7;0.9416
-200.0;1148.0;-200.0;8.7;929.0;-200.0;815.0;-200.0;1443.0;826.0;27.2;38.0;1.347
-200.0;1229.0;-200.0;10.9;1012.0;-200.0;743.0;-200.0;1562.0;1103.0;26.1;41.1;1.3705
-200.0;1287.0;-200.0;12.3;1060.0;-200.0;716.0;-200.0;1595.0;1221.0;25.3;44.6;1.4161
-200.0;1285.0;-200.0;12.4;1062.0;-200.0;715.0;-200.0;1583.0;1449.0;24.6;47.2;1.4424
-200.0;934.0;-200.0;4.6;744.0;-200.0;970.0;-200.0;1473.0;870.0;22.8;63.3;1.7355
-200.0;900.0;-200.0;3.8;699.0;-200.0;1036.0;-200.0;1452.0;799.0;21.0;68.6;1.6873
-200.0;870.0;-200.0;3.7;692.0;-200.0;1070.0;-200.0;1443.0;779.0;20.4;70.7;1.6734
-200.0;875.0;-200.0;4.0;713.0;-200.0;1027.0;-200.0;1436.0;809.0;19.4;73.4;1.6417
-200.0;940.0;-200.0;5.5;789.0;-200.0;917.0;-200.0;1473.0;914.0;19.5;72.0;1.6118
1.9;1021.0;-200.0;10.2;985.0;339.0;816.0;107.0;1524.0;977.0;23.3;46.2;1.301
2.3;1064.0;-200.0;12.0;1048.0;315.0;772.0;110.0;1574.0;1059.0;23.7;45.4;1.315
3.3;1167.0;-200.0;17.7;1231.0;365.0;659.0;124.0;1745.0;1199.0;23.8;46.1;1.3373
3.5;1167.0;-200.0;18.8;1263.0;338.0;640.0;113.0;1790.0;1212.0;23.0;49.3;1.3689
3.6;1164.0;-200.0;17.6;1227.0;318.0;658.0;104.0;1800.0;1193.0;21.9;53.1;1.3787
2.9;1092.0;-200.0;13.8;1110.0;302.0;725.0;117.0;1641.0;1105.0;21.3;54.8;1.3742
2.0;997.0;-200.0;9.4;955.0;214.0;845.0;94.0;1528.0;926.0;21.2;55.2;1.3699
1.9;966.0;-200.0;9.6;964.0;-200.0;858.0;-200.0;1560.0;1231.0;21.4;54.8;1.3813
4.4;1345.0;-200.0;20.4;1306.0;489.0;587.0;188.0;1806.0;1416.0;27.5;38.1;1.3756
3.8;1273.0;-200.0;15.3;1159.0;470.0;645.0;187.0;1704.0;1341.0;26.2;42.5;1.423
1.9;1096.0;-200.0;8.8;931.0;228.0;766.0;121.0;1506.0;1019.0;24.7;46.4;1.4206
1.7;1077.0;-200.0;8.5;920.0;169.0;778.0;99.0;1509.0;935.0;23.6;50.0;1.4383
2.9;1103.0;-200.0;10.5;997.0;293.0;736.0;109.0;1552.0;914.0;15.6;75.7;1.3345
2.0;985.0;-200.0;5.8;805.0;240.0;895.0;107.0;1390.0;785.0;15.4;76.6;1.3334
0.9;838.0;-200.0;3.5;685.0;119.0;1176.0;54.0;1121.0;465.0;23.4;27.1;0.7681
2.7;992.0;-200.0;10.3;987.0;234.0;823.0;95.0;1327.0;781.0;23.1;27.0;0.7538
0.5;748.0;-200.0;2.2;595.0;107.0;1208.0;61.0;1089.0;677.0;12.8;59.8;0.8801
-200.0;1289.0;-200.0;11.6;1037.0;-200.0;638.0;-200.0;1648.0;1033.0;25.4;48.9;1.565
-200.0;1376.0;-200.0;21.0;1324.0;-200.0;527.0;-200.0;1886.0;1571.0;22.9;52.6;1.4519
-200.0;1374.0;-200.0;21.8;1346.0;-200.0;519.0;-200.0;1910.0;1614.0;24.2;49.0;1.4586
-200.0;1364.0;-200.0;21.1;1328.0;-200.0;528.0;-200.0;1898.0;1395.0;28.9;36.3;1.4291
-200.0;1531.0;-200.0;30.3;1558.0;-200.0;451.0;-200.0;2181.0;1620.0;28.4;37.5;1.4251
-200.0;820.0;-200.0;2.5;620.0;-200.0;1081.0;-200.0;1270.0;703.0;20.8;58.8;1.4305
-200.0;826.0;-200.0;2.7;631.0;-200.0;1072.0;-200.0;1280.0;752.0;17.8;69.8;1.4058
-200.0;1778.0;-200.0;41.6;1805.0;-200.0;380.0;-200.0;2473.0;2094.0;25.6;47.5;1.539
-200.0;1539.0;-200.0;23.9;1402.0;-200.0;475.0;-200.0;2018.0;1780.0;23.9;57.2;1.6774
-200.0;1036.0;-200.0;6.8;850.0;-200.0;760.0;-200.0;1411.0;1001.0;21.7;60.2;1.5442
-200.0;984.0;-200.0;5.3;780.0;-200.0;810.0;-200.0;1377.0;910.0;21.2;61.4;1.5258
-200.0;950.0;-200.0;4.6;743.0;-200.0;841.0;-200.0;1377.0;895.0;19.3;68.4;1.513
-200.0;889.0;-200.0;3.2;665.0;-200.0;943.0;-200.0;1310.0;805.0;19.8;65.1;1.49
-200.0;865.0;-200.0;2.8;636.0;-200.0;992.0;-200.0;1285.0;761.0;20.0;62.9;1.4495
-200.0;917.0;-200.0;3.6;686.0;-200.0;933.0;-200.0;1304.0;805.0;18.3;68.5;1.4291
2.0;1203.0;-200.0;11.9;1046.0;223.0;621.0;74.0;1664.0;1103.0;23.9;59.2;1.7327
1.4;1096.0;-200.0;8.1;903.0;107.0;732.0;52.0;1560.0;857.0;23.8;60.2;1.7515
1.1;991.0;-200.0;4.9;759.0;-200.0;845.0;-200.0;1440.0;658.0;23.5;61.3;1.7538
-200.0;941.0;-200.0;3.6;686.0;50.0;942.0;38.0;1406.0;549.0;22.8;64.0;1.7507
0.7;952.0;-200.0;3.7;695.0;56.0;910.0;39.0;1429.0;627.0;22.2;65.6;1.7355
1.2;1082.0;-200.0;6.3;825.0;163.0;753.0;59.0;1526.0;930.0;21.3;69.1;1.7275
1.3;1095.0;-200.0;7.7;886.0;187.0;705.0;56.0;1574.0;1001.0;21.3;68.2;1.7127
1.1;1049.0;-200.0;6.3;826.0;150.0;765.0;51.0;1521.0;917.0;22.2;65.2;1.7256
1.0;1055.0;-200.0;5.6;795.0;103.0;807.0;51.0;1494.0;834.0;24.1;59.0;1.7449
1.2;1074.0;-200.0;5.1;767.0;143.0;814.0;58.0;1489.0;796.0;24.3;61.6;1.8468
1.9;1229.0;-200.0;9.0;941.0;220.0;680.0;68.0;1653.0;1040.0;24.8;59.6;1.8351
2.3;1228.0;-200.0;9.3;952.0;301.0;668.0;81.0;1622.0;1110.0;24.5;58.8;1.7838
-200.0;1063.0;-200.0;9.6;964.0;-200.0;729.0;-200.0;1454.0;1045.0;17.4;62.3;1.2282
-200.0;1267.0;-200.0;15.1;1151.0;-200.0;593.0;-200.0;1671.0;1528.0;21.7;57.6;1.4756
-200.0;1401.0;-200.0;21.1;1326.0;-200.0;530.0;-200.0;1887.0;1629.0;21.3;60.8;1.5205
-200.0;1428.0;-200.0;23.6;1393.0;-200.0;490.0;-200.0;1976.0;1608.0;21.2;61.7;1.5309
-200.0;1369.0;-200.0;20.3;1305.0;-200.0;513.0;-200.0;1851.0;1421.0;18.8;73.7;1.5785
-200.0;1244.0;-200.0;14.8;1141.0;-200.0;571.0;-200.0;1671.0;1337.0;19.2;71.3;1.5723
-200.0;1217.0;-200.0;12.8;1077.0;-200.0;603.0;-200.0;1628.0;1270.0;19.0;71.6;1.5549
-200.0;1103.0;-200.0;10.0;979.0;-200.0;666.0;-200.0;1520.0;1156.0;19.5;69.7;1.5596
-200.0;1118.0;-200.0;9.3;951.0;-200.0;675.0;-200.0;1509.0;1124.0;19.4;70.1;1.5626
1.0;975.0;-200.0;5.9;807.0;116.0;788.0;57.0;1423.0;904.0;20.3;70.6;1.6659
0.7;917.0;-200.0;4.1;714.0;-200.0;870.0;-200.0;1355.0;843.0;20.8;67.3;1.6353
-200.0;930.0;-200.0;4.6;741.0;125.0;849.0;48.0;1392.0;843.0;19.6;71.3;1.612
0.9;960.0;-200.0;5.8;804.0;198.0;802.0;49.0;1435.0;886.0;18.7;74.4;1.5861
1.0;982.0;-200.0;6.5;834.0;185.0;770.0;55.0;1435.0;911.0;19.8;69.2;1.5808
2.8;1359.0;-200.0;19.5;1282.0;425.0;541.0;78.0;1912.0;1319.0;19.8;69.4;1.5859
4.1;1500.0;-200.0;28.0;1503.0;465.0;437.0;91.0;2158.0;1927.0;20.4;66.7;1.5781
2.9;1315.0;-200.0;18.7;1261.0;341.0;535.0;88.0;1830.0;1554.0;22.3;60.6;1.6069
2.7;1307.0;-200.0;18.3;1248.0;316.0;525.0;83.0;1787.0;1565.0;22.6;59.9;1.6246
2.1;1235.0;-200.0;14.3;1125.0;241.0;574.0;81.0;1704.0;1462.0;24.5;54.5;1.6514
2.4;1310.0;-200.0;16.5;1194.0;266.0;538.0;83.0;1781.0;1487.0;24.4;55.4;1.6712
3.4;1414.0;-200.0;19.4;1279.0;414.0;504.0;118.0;1854.0;1583.0;25.0;52.4;1.6356
2.3;1211.0;-200.0;12.5;1067.0;230.0;609.0;101.0;1608.0;1270.0;26.1;47.1;1.5724
3.1;1324.0;-200.0;15.8;1173.0;365.0;564.0;119.0;1749.0;1354.0;27.0;44.2;1.549
2.1;1165.0;-200.0;11.8;1042.0;227.0;631.0;68.0;1621.0;1133.0;19.5;70.7;1.5851
7.9;1816.0;-200.0;46.3;1897.0;814.0;330.0;158.0;2641.0;2164.0;21.7;61.9;1.592
8.4;1824.0;-200.0;44.5;1862.0;860.0;340.0;149.0;2567.0;2106.0;21.0;64.9;1.5987
8.0;1744.0;-200.0;41.0;1793.0;820.0;352.0;136.0;2469.0;2007.0;20.0;68.6;1.5882
6.4;1588.0;-200.0;32.5;1610.0;742.0;400.0;112.0;2230.0;1791.0;19.3;71.4;1.5805
3.5;1319.0;-200.0;19.1;1273.0;492.0;511.0;87.0;1806.0;1444.0;18.5;73.4;1.5461
3.5;1313.0;-200.0;19.6;1285.0;464.0;505.0;82.0;1803.0;1373.0;17.7;75.6;1.5226
3.4;1313.0;-200.0;20.8;1318.0;593.0;511.0;120.0;1820.0;1491.0;18.3;67.6;1.4103
3.5;1350.0;-200.0;20.1;1299.0;602.0;518.0;132.0;1784.0;1560.0;20.1;62.0;1.4409
4.4;1477.0;-200.0;26.7;1471.0;624.0;455.0;146.0;2031.0;1750.0;22.6;54.5;1.4737
2.1;1076.0;-200.0;9.8;972.0;239.0;691.0;95.0;1506.0;1192.0;21.0;57.4;1.4098
1.4;1055.0;-200.0;7.9;895.0;175.0;758.0;79.0;1468.0;1043.0;19.8;63.7;1.4524
1.6;1075.0;-200.0;7.5;878.0;169.0;734.0;78.0;1495.0;948.0;17.7;78.8;1.5855
4.9;1465.0;-200.0;28.5;1515.0;555.0;454.0;119.0;2119.0;1516.0;18.0;74.8;1.5281
2.7;1189.0;-200.0;12.7;1075.0;429.0;614.0;108.0;1652.0;1222.0;18.2;74.0;1.5343
4.4;1401.0;-200.0;25.8;1449.0;736.0;477.0;102.0;1969.0;1528.0;16.0;76.4;1.3751
3.5;1291.0;-200.0;20.0;1296.0;667.0;529.0;97.0;1752.0;1432.0;16.7;73.8;1.3886
5.0;1521.0;-200.0;26.6;1470.0;677.0;446.0;139.0;1977.0;1720.0;21.3;61.9;1.5463
6.5;1633.0;-200.0;35.3;1671.0;761.0;398.0;149.0;2271.0;1852.0;20.8;64.0;1.5522
5.8;1570.0;-200.0;32.9;1617.0;844.0;426.0;151.0;2170.0;1944.0;22.1;56.6;1.4851
4.9;1426.0;-200.0;25.6;1445.0;667.0;477.0;151.0;1970.0;1782.0;24.0;50.0;1.4679
5.1;1535.0;-200.0;31.2;1578.0;583.0;440.0;150.0;2125.0;1921.0;25.7;45.6;1.487
7.5;1678.0;-200.0;37.9;1727.0;726.0;390.0;190.0;2318.0;2039.0;25.5;49.7;1.5985
5.8;1605.0;-200.0;32.3;1603.0;674.0;415.0;168.0;2199.0;1912.0;25.2;50.6;1.5989
2.2;1177.0;-200.0;15.5;1166.0;297.0;621.0;75.0;1667.0;1157.0;18.8;62.5;1.3401
3.2;1024.0;-200.0;14.3;1127.0;189.0;704.0;84.0;1346.0;943.0;14.8;37.5;0.6259
3.1;1009.0;-200.0;10.5;995.0;386.0;784.0;140.0;1201.0;1016.0;14.4;39.2;0.6407
3.1;1064.0;-200.0;12.2;1055.0;412.0;738.0;138.0;1242.0;1063.0;14.1;43.0;0.6883
2.1;1045.0;-200.0;13.1;1087.0;-200.0;712.0;-200.0;1270.0;1144.0;12.6;42.4;0.6159
1.5;909.0;-200.0;7.5;879.0;-200.0;874.0;-200.0;1083.0;847.0;13.8;40.7;0.6405
4.2;1129.0;-200.0;18.5;1255.0;648.0;634.0;206.0;1370.0;1365.0;14.8;29.6;0.4965
3.1;1101.0;-200.0;14.5;1134.0;427.0;683.0;168.0;1283.0;1281.0;13.6;34.0;0.5251
3.2;1182.0;-200.0;15.8;1175.0;461.0;637.0;171.0;1363.0;1463.0;13.4;40.4;0.6178
1.8;1108.0;-200.0;8.7;927.0;380.0;718.0;86.0;1315.0;1106.0;9.5;80.3;0.9532
3.8;1414.0;-200.0;18.7;1261.0;717.0;532.0;114.0;1644.0;1479.0;9.8;80.5;0.9724
4.2;1423.0;-200.0;21.0;1323.0;803.0;496.0;115.0;1727.0;1568.0;10.3;80.3;1.002
3.6;1352.0;-200.0;17.7;1231.0;726.0;538.0;110.0;1605.0;1530.0;11.1;77.2;1.0175
3.3;1303.0;-200.0;15.1;1153.0;558.0;575.0;116.0;1520.0;1582.0;13.3;68.8;1.0505
3.4;1374.0;-200.0;17.4;1222.0;602.0;516.0;160.0;1582.0;1671.0;13.7;66.8;1.0432
4.5;1464.0;-200.0;22.3;1358.0;732.0;477.0;169.0;1719.0;1711.0;12.3;72.5;1.0331
6.1;1562.0;-200.0;30.3;1557.0;865.0;427.0;167.0;1916.0;1852.0;10.8;77.2;1.0021
-200.0;1090.0;-200.0;6.6;841.0;209.0;757.0;79.0;1202.0;989.0;8.7;77.6;0.8753
1.7;1118.0;-200.0;8.4;915.0;393.0;731.0;95.0;1289.0;1059.0;9.3;76.9;0.9007
4.3;1508.0;-200.0;23.1;1379.0;864.0;496.0;137.0;1767.0;1567.0;10.0;75.0;0.9179
2.0;1189.0;-200.0;7.3;870.0;263.0;821.0;97.0;1272.0;1251.0;13.2;75.8;1.1459
1.7;1197.0;-200.0;7.6;881.0;320.0;820.0;99.0;1295.0;1173.0;12.3;81.9;1.1674
2.1;1273.0;-200.0;9.2;946.0;439.0;729.0;110.0;1349.0;1217.0;12.8;80.8;1.1898
2.5;1298.0;-200.0;11.1;1017.0;398.0;727.0;110.0;1418.0;1193.0;13.7;76.3;1.1932
3.8;1453.0;-200.0;16.3;1190.0;637.0;583.0;121.0;1644.0;1358.0;13.4;78.8;1.2104
5.3;1567.0;-200.0;23.5;1392.0;764.0;470.0;126.0;1821.0;1637.0;13.3;75.8;1.1506
4.6;1380.0;-200.0;15.5;1163.0;667.0;573.0;130.0;1547.0;1485.0;13.7;72.5;1.1326
2.4;1214.0;-200.0;9.9;972.0;355.0;663.0;98.0;1359.0;1280.0;12.8;73.8;1.0853
1.4;1022.0;-200.0;4.6;744.0;149.0;1224.0;87.0;1210.0;847.0;16.5;59.2;1.1021
1.2;996.0;-200.0;4.0;710.0;124.0;1699.0;78.0;1182.0;783.0;16.3;59.7;1.0941
1.0;1002.0;-200.0;3.9;704.0;105.0;1472.0;69.0;1202.0;752.0;16.0;61.6;1.1127
1.2;1032.0;-200.0;3.6;688.0;109.0;1514.0;67.0;1200.0;737.0;15.6;66.6;1.1763
1.4;1052.0;-200.0;5.1;766.0;169.0;1031.0;81.0;1302.0;796.0;13.8;80.4;1.2621
1.2;1014.0;-200.0;4.5;737.0;124.0;1509.0;75.0;1288.0;765.0;13.2;84.4;1.2779
0.8;897.0;-200.0;2.0;581.0;-200.0;1184.0;-200.0;1181.0;636.0;13.6;82.8;1.2845
4.0;1351.0;-200.0;19.3;1278.0;712.0;1249.0;163.0;1623.0;1582.0;13.6;65.6;1.0167
0.7;880.0;-200.0;2.4;610.0;101.0;2095.0;59.0;1150.0;711.0;12.0;78.0;1.094
0.9;919.0;-200.0;4.0;711.0;189.0;1667.0;74.0;1195.0;819.0;12.4;75.3;1.0813
2.8;1245.0;-200.0;14.8;1143.0;639.0;569.0;128.0;1531.0;1406.0;15.9;62.7;1.1273
3.4;1295.0;-200.0;16.8;1205.0;668.0;538.0;128.0;1579.0;1476.0;16.4;61.9;1.1465
4.7;1299.0;-200.0;18.5;1254.0;698.0;566.0;161.0;1662.0;1488.0;15.9;63.4;1.1349
3.2;1221.0;-200.0;13.2;1090.0;576.0;641.0;135.0;1489.0;1424.0;18.5;52.9;1.1174
2.5;1171.0;-200.0;12.0;1049.0;438.0;655.0;119.0;1418.0;1338.0;18.4;52.6;1.1064
3.8;1316.0;-200.0;19.9;1293.0;562.0;538.0;144.0;1682.0;1559.0;19.4;49.8;1.1095
3.3;1208.0;-200.0;16.4;1191.0;467.0;573.0;130.0;1589.0;1415.0;19.5;50.1;1.1225
2.6;1006.0;-200.0;10.3;987.0;285.0;1028.0;124.0;1247.0;964.0;14.5;45.4;0.7458
1.8;925.0;-200.0;7.2;866.0;328.0;2542.0;122.0;1013.0;916.0;14.4;30.2;0.4911
1.5;883.0;-200.0;6.2;821.0;304.0;886.0;111.0;967.0;844.0;16.2;26.2;0.4789
1.5;884.0;-200.0;6.2;822.0;300.0;909.0;110.0;968.0;807.0;17.1;23.5;0.453
1.8;920.0;-200.0;8.1;903.0;306.0;849.0;114.0;1011.0;853.0;18.1;21.3;0.4396
2.1;941.0;-200.0;9.0;941.0;342.0;837.0;114.0;1036.0;884.0;18.8;20.0;0.4278
1.7;934.0;-200.0;8.4;914.0;324.0;873.0;111.0;1016.0;834.0;18.1;20.8;0.4274
2.3;929.0;-200.0;8.7;928.0;327.0;842.0;116.0;1001.0;893.0;17.6;19.9;0.3952
1.0;792.0;-200.0;3.4;674.0;162.0;1122.0;99.0;810.0;670.0;12.6;23.4;0.3408
1.6;857.0;-200.0;4.8;753.0;261.0;1034.0;116.0;860.0;754.0;12.4;24.0;0.3443
1.6;856.0;-200.0;4.4;734.0;263.0;1041.0;121.0;853.0;781.0;12.5;24.0;0.3462
1.1;869.0;-200.0;3.8;702.0;159.0;1019.0;103.0;891.0;842.0;11.9;32.4;0.4489
1.1;890.0;-200.0;3.6;688.0;-200.0;1015.0;-200.0;897.0;840.0;11.7;33.8;0.4623
0.8;860.0;-200.0;2.4;616.0;104.0;1105.0;76.0;873.0;754.0;10.5;37.8;0.4799
1.0;909.0;-200.0;4.3;728.0;221.0;933.0;107.0;948.0;905.0;7.8;47.4;0.5046
1.2;955.0;-200.0;5.2;772.0;243.0;1030.0;106.0;957.0;960.0;9.3;43.1;0.5062
2.1;1136.0;-200.0;11.0;1015.0;416.0;702.0;125.0;1287.0;1063.0;9.4;67.7;0.8018
2.6;1093.0;-200.0;13.4;1098.0;613.0;782.0;167.0;1221.0;1173.0;5.1;40.8;0.3603
1.5;952.0;-200.0;6.6;838.0;268.0;948.0;133.0;937.0;976.0;5.8;42.5;0.3937
2.2;987.0;-200.0;7.6;883.0;343.0;913.0;144.0;949.0;1013.0;5.6;42.0;0.3856
1.3;902.0;-200.0;5.0;761.0;222.0;1048.0;126.0;872.0;868.0;5.3;42.3;0.3806
3.7;1184.0;-200.0;15.0;1148.0;496.0;651.0;174.0;1178.0;1389.0;2.2;58.1;0.4218
3.4;1135.0;-200.0;12.8;1076.0;491.0;685.0;171.0;1120.0;1396.0;4.3;49.4;0.4138
4.0;1211.0;-200.0;15.9;1177.0;667.0;620.0;179.0;1221.0;1585.0;6.6;42.5;0.416
4.1;1247.0;-200.0;16.3;1188.0;707.0;598.0;210.0;1237.0;1692.0;9.1;36.1;0.4172
4.9;1336.0;-200.0;18.6;1256.0;777.0;567.0;224.0;1320.0;1828.0;10.0;34.7;0.4259
3.3;1205.0;-200.0;12.8;1079.0;512.0;652.0;175.0;1168.0;1476.0;11.0;33.0;0.4331
4.3;1305.0;-200.0;17.9;1238.0;587.0;565.0;177.0;1325.0;1640.0;11.3;33.6;0.4504
6.6;1568.0;-200.0;29.0;1528.0;864.0;455.0;208.0;1661.0;2046.0;9.4;41.3;0.4888
8.5;1630.0;-200.0;33.1;1622.0;1089.0;421.0;247.0;1757.0;2238.0;8.0;45.9;0.4936
1.1;1041.0;-200.0;3.1;659.0;211.0;908.0;118.0;1188.0;792.0;10.6;82.1;1.0451
-200.0;969.0;-200.0;3.1;659.0;-200.0;945.0;-200.0;1082.0;691.0;11.1;65.3;0.8601
-200.0;939.0;-200.0;2.9;648.0;-200.0;949.0;-200.0;1084.0;680.0;10.2;66.9;0.8323
-200.0;961.0;-200.0;3.0;654.0;-200.0;925.0;-200.0;1084.0;755.0;9.5;70.1;0.8343
-200.0;916.0;-200.0;2.5;623.0;-200.0;962.0;-200.0;1064.0;725.0;9.8;69.4;0.8397
-200.0;835.0;-200.0;0.9;484.0;-200.0;1266.0;-200.0;961.0;432.0;10.7;62.5;0.802
1.4;-200.0;-200.0;-200.0;-200.0;264.0;-200.0;102.0;-200.0;-200.0;-200.0;-200.0;-200.0
3.3;-200.0;-200.0;-200.0;-200.0;608.0;-200.0;196.0;-200.0;-200.0;-200.0;-200.0;-200.0
0.7;909.0;-200.0;1.8;567.0;100.0;1049.0;63.0;993.0;694.0;6.7;75.0;0.7418
1.0;965.0;-200.0;3.1;659.0;126.0;973.0;69.0;1059.0;739.0;6.4;76.3;0.7389
1.7;1102.0;-200.0;7.6;884.0;284.0;719.0;99.0;1218.0;940.0;6.0;78.5;0.7377
3.0;1226.0;-200.0;15.3;1157.0;419.0;552.0;125.0;1464.0;1201.0;6.3;77.4;0.7452
2.4;1132.0;-200.0;9.3;950.0;432.0;659.0;123.0;1253.0;1106.0;7.7;73.8;0.7769
2.2;1183.0;-200.0;11.0;1013.0;310.0;632.0;128.0;1306.0;1186.0;10.2;61.5;0.7638
2.6;1211.0;-200.0;10.6;998.0;446.0;605.0;149.0;1298.0;1302.0;11.3;58.1;0.7743
3.4;1277.0;-200.0;13.0;1085.0;567.0;589.0;137.0;1329.0;1344.0;5.4;82.6;0.7495
2.4;1063.0;-200.0;6.7;843.0;357.0;762.0;114.0;1125.0;1089.0;6.4;76.3;0.7369
1.4;991.0;-200.0;4.6;744.0;187.0;863.0;95.0;1069.0;949.0;7.0;73.6;0.7417
1.4;989.0;-200.0;3.8;701.0;-200.0;871.0;-200.0;1049.0;933.0;7.2;72.3;0.7392
1.2;972.0;-200.0;3.4;674.0;169.0;926.0;88.0;1032.0;882.0;7.9;69.3;0.7413
0.9;998.0;-200.0;2.1;591.0;-200.0;937.0;-200.0;1147.0;820.0;12.8;71.2;1.0454
0.6;960.0;-200.0;1.3;532.0;66.0;1059.0;60.0;1122.0;724.0;12.9;70.4;1.0444
3.1;1243.0;-200.0;15.2;1155.0;431.0;546.0;156.0;1473.0;1398.0;15.1;49.6;0.8428
3.4;1304.0;-200.0;18.2;1244.0;491.0;507.0;173.0;1558.0;1497.0;15.7;48.8;0.8657
3.3;1284.0;-200.0;17.2;1216.0;476.0;522.0;166.0;1545.0;1415.0;15.8;48.9;0.8707
2.5;1181.0;-200.0;10.2;985.0;433.0;629.0;120.0;1312.0;1240.0;8.5;76.9;0.8557
5.0;1477.0;-200.0;24.3;1412.0;733.0;450.0;196.0;1704.0;1748.0;10.3;66.3;0.8286
5.7;1500.0;-200.0;26.1;1458.0;847.0;428.0;197.0;1750.0;1776.0;8.2;74.9;0.8187
5.8;1512.0;-200.0;26.4;1463.0;765.0;435.0;189.0;1720.0;1802.0;7.9;77.1;0.8223
5.8;1496.0;-200.0;25.7;1447.0;715.0;435.0;188.0;1710.0;1796.0;8.3;75.0;0.8253
5.0;1360.0;-200.0;18.2;1246.0;716.0;513.0;190.0;1504.0;1600.0;8.2;75.2;0.8185
1.7;1024.0;-200.0;6.2;819.0;235.0;782.0;126.0;1101.0;1083.0;8.3;69.7;0.7632
1.6;1094.0;-200.0;6.7;845.0;198.0;780.0;113.0;1127.0;1064.0;6.7;74.4;0.7344
2.3;1111.0;-200.0;7.5;877.0;293.0;735.0;129.0;1142.0;1104.0;6.4;74.9;0.7238
2.4;1097.0;-200.0;7.5;878.0;356.0;737.0;128.0;1140.0;1053.0;4.9;80.1;0.7011
2.0;1051.0;-200.0;6.2;820.0;285.0;778.0;122.0;1087.0;1009.0;4.8;79.4;0.6872
3.2;1194.0;-200.0;12.3;1061.0;459.0;622.0;182.0;1257.0;1473.0;12.3;46.3;0.6597
2.9;1188.0;-200.0;11.4;1029.0;409.0;635.0;168.0;1243.0;1433.0;12.2;47.0;0.6686
1.0;1174.0;-200.0;6.7;842.0;273.0;723.0;127.0;1286.0;975.0;9.9;81.0;0.9885
0.4;1106.0;-200.0;4.4;733.0;165.0;822.0;109.0;1208.0;902.0;9.9;79.8;0.9725
-200.0;873.0;-200.0;1.5;549.0;-200.0;1106.0;-200.0;1008.0;791.0;6.9;76.4;0.7661
3.0;1094.0;-200.0;14.3;1128.0;438.0;626.0;154.0;1191.0;1280.0;14.8;25.4;0.4259
0.3;876.0;-200.0;3.9;703.0;235.0;968.0;126.0;892.0;653.0;5.7;44.1;0.4063
0.3;872.0;-200.0;3.6;686.0;186.0;972.0;114.0;880.0;603.0;5.2;44.5;0.3968
0.4;893.0;-200.0;4.2;722.0;196.0;932.0;123.0;917.0;645.0;4.7;48.6;0.4194
0.2;879.0;-200.0;3.6;687.0;167.0;980.0;107.0;914.0;564.0;4.5;51.0;0.4327
0.4;896.0;-200.0;3.6;689.0;211.0;966.0;121.0;909.0;614.0;5.1;50.1;0.4432
0.4;909.0;-200.0;3.9;706.0;194.0;928.0;118.0;923.0;658.0;5.0;50.4;0.443
0.3;864.0;-200.0;3.4;678.0;198.0;987.0;132.0;866.0;579.0;5.6;42.4;0.3884
0.3;902.0;-200.0;4.2;721.0;203.0;924.0;133.0;900.0;666.0;5.7;43.1;0.3984
0.3;916.0;-200.0;4.2;720.0;188.0;912.0;126.0;922.0;707.0;4.8;49.7;0.4305
1.0;1004.0;-200.0;8.5;918.0;294.0;752.0;177.0;1033.0;990.0;5.1;43.0;0.3821
1.4;1024.0;-200.0;9.2;945.0;302.0;729.0;185.0;1073.0;1026.0;5.3;44.4;0.397
1.0;887.0;-200.0;3.0;649.0;166.0;1009.0;104.0;854.0;588.0;6.6;40.2;0.3944
1.2;922.0;-200.0;4.1;716.0;192.0;930.0;115.0;893.0;643.0;6.6;41.2;0.4046
1.5;928.0;-200.0;4.7;748.0;198.0;900.0;126.0;900.0;685.0;7.3;36.8;0.3779
1.0;866.0;-200.0;2.2;602.0;121.0;1071.0;88.0;809.0;465.0;3.7;45.8;0.3697
1.2;873.0;-200.0;2.6;629.0;122.0;1049.0;87.0;817.0;467.0;4.4;43.7;0.3688
4.1;1259.0;-200.0;17.0;1211.0;502.0;559.0;188.0;1243.0;1531.0;9.4;36.7;0.4324
4.0;1261.0;-200.0;14.8;1143.0;452.0;595.0;186.0;1208.0;1477.0;8.3;39.5;0.4318
3.3;1133.0;-200.0;9.8;971.0;357.0;683.0;172.0;1059.0;1332.0;7.8;41.3;0.4389
3.0;1054.0;-200.0;6.1;818.0;289.0;777.0;150.0;966.0;1210.0;7.3;43.8;0.4505
2.6;1055.0;-200.0;5.4;783.0;221.0;805.0;137.0;969.0;1167.0;6.7;47.6;0.4688
4.9;1429.0;-200.0;20.7;1317.0;947.0;495.0;322.0;1425.0;1916.0;5.1;50.8;0.4499
1.0;941.0;-200.0;4.2;723.0;165.0;922.0;121.0;880.0;643.0;9.3;33.8;0.3981
0.4;844.0;-200.0;0.6;453.0;-200.0;1378.0;-200.0;748.0;337.0;6.9;40.9;0.4091
0.5;878.0;-200.0;1.0;496.0;54.0;1182.0;54.0;782.0;451.0;6.0;42.9;0.404
0.6;910.0;-200.0;1.3;524.0;74.0;1102.0;69.0;802.0;600.0;6.4;42.7;0.4126
0.6;918.0;-200.0;1.6;551.0;114.0;1062.0;92.0;817.0;712.0;6.1;43.6;0.4129
1.0;991.0;-200.0;3.0;653.0;228.0;944.0;146.0;885.0;931.0;5.9;45.1;0.4211
2.1;1223.0;-200.0;10.0;979.0;455.0;658.0;224.0;1120.0;1332.0;6.0;46.4;0.4367
2.9;1277.0;-200.0;15.1;1153.0;493.0;543.0;253.0;1268.0;1520.0;6.6;43.7;0.4273
2.2;1114.0;-200.0;8.6;922.0;410.0;689.0;225.0;1022.0;1223.0;8.7;36.3;0.4074
2.2;-200.0;-200.0;-200.0;-200.0;190.0;-200.0;136.0;-200.0;-200.0;-200.0;-200.0;-200.0
2.0;-200.0;-200.0;-200.0;-200.0;149.0;-200.0;116.0;-200.0;-200.0;-200.0;-200.0;-200.0
1.7;-200.0;-200.0;-200.0;-200.0;183.0;-200.0;123.0;-200.0;-200.0;-200.0;-200.0;-200.0
1.8;-200.0;-200.0;-200.0;-200.0;224.0;-200.0;152.0;-200.0;-200.0;-200.0;-200.0;-200.0
1.5;1025.0;-200.0;5.6;795.0;259.0;783.0;155.0;967.0;881.0;8.9;37.9;0.4318
1.6;1083.0;-200.0;7.0;856.0;252.0;720.0;148.0;1010.0;975.0;8.2;41.8;0.4563
2.2;1143.0;-200.0;9.5;960.0;313.0;641.0;153.0;1110.0;1136.0;7.4;44.5;0.4582
3.4;1288.0;-200.0;15.9;1178.0;433.0;539.0;171.0;1300.0;1434.0;7.0;43.4;0.4366
5.6;1464.0;-200.0;24.7;1421.0;611.0;457.0;227.0;1542.0;1746.0;6.6;43.4;0.4241
5.2;1341.0;-200.0;16.8;1204.0;626.0;534.0;251.0;1294.0;1592.0;5.9;44.3;0.4137
2.8;1177.0;-200.0;10.7;1004.0;408.0;640.0;216.0;1111.0;1341.0;5.0;46.6;0.4099
2.4;1089.0;-200.0;8.3;913.0;357.0;712.0;200.0;1016.0;1208.0;5.8;40.3;0.374
2.5;1187.0;-200.0;9.8;970.0;477.0;625.0;199.0;1174.0;1203.0;8.4;44.6;0.4922
2.5;1151.0;-200.0;10.1;983.0;375.0;629.0;232.0;1244.0;1121.0;5.7;72.5;0.6686
1.1;937.0;-200.0;2.6;625.0;142.0;977.0;120.0;983.0;798.0;5.1;74.5;0.6626
0.9;949.0;-200.0;2.9;647.0;117.0;956.0;100.0;1023.0;762.0;4.0;80.8;0.6666
0.7;895.0;-200.0;1.5;545.0;-200.0;1080.0;-200.0;964.0;685.0;4.3;81.0;0.677
-200.0;884.0;-200.0;1.3;528.0;96.0;1148.0;86.0;960.0;619.0;2.9;85.3;0.6503
3.4;1162.0;-200.0;12.6;1070.0;399.0;625.0;189.0;1229.0;1237.0;8.6;48.2;0.5385
4.0;1197.0;-200.0;13.6;1102.0;454.0;609.0;195.0;1309.0;1253.0;7.8;50.8;0.5384
2.3;1059.0;-200.0;8.1;905.0;356.0;735.0;179.0;1098.0;1130.0;7.3;52.8;0.5404
2.7;1207.0;-200.0;11.2;1023.0;473.0;629.0;188.0;1233.0;1373.0;6.2;62.4;0.5958
0.9;904.0;-200.0;2.7;633.0;137.0;993.0;103.0;897.0;717.0;4.6;60.5;0.5173
1.0;855.0;-200.0;1.9;578.0;144.0;1121.0;108.0;855.0;599.0;5.7;54.3;0.5022
1.0;914.0;-200.0;3.9;705.0;182.0;966.0;124.0;926.0;687.0;6.2;51.3;0.488
1.5;933.0;-200.0;4.1;714.0;227.0;899.0;133.0;927.0;706.0;6.7;49.5;0.4892
1.5;942.0;-200.0;3.7;696.0;203.0;920.0;124.0;912.0;682.0;8.8;45.0;0.5114
1.4;943.0;-200.0;3.6;688.0;179.0;924.0;116.0;909.0;629.0;9.6;43.5;0.5202
2.4;959.0;-200.0;4.1;717.0;171.0;892.0;113.0;939.0;664.0;9.8;43.3;0.5238
2.8;971.0;-200.0;4.5;739.0;181.0;868.0;117.0;972.0;664.0;9.9;43.5;0.53
2.4;938.0;-200.0;8.1;903.0;309.0;790.0;141.0;885.0;798.0;1.6;37.9;0.2645
2.5;939.0;-200.0;7.4;872.0;297.0;814.0;142.0;870.0;793.0;1.4;38.0;0.2615
1.6;827.0;-200.0;3.6;687.0;225.0;1015.0;123.0;727.0;573.0;1.0;36.6;0.2456
0.9;776.0;-200.0;1.9;580.0;122.0;1183.0;90.0;655.0;402.0;1.1;35.4;0.2382
0.7;755.0;-200.0;1.4;538.0;100.0;1285.0;79.0;621.0;343.0;1.0;34.3;0.2292
0.6;766.0;-200.0;1.2;515.0;86.0;1327.0;69.0;642.0;322.0;1.0;37.4;0.2487
0.6;762.0;-200.0;0.9;487.0;71.0;1364.0;60.0;640.0;307.0;0.7;41.2;0.2693
0.4;736.0;-200.0;0.6;453.0;39.0;1498.0;37.0;602.0;268.0;0.2;40.6;0.2566
0.2;715.0;-200.0;0.2;387.0;-200.0;1791.0;-200.0;559.0;227.0;0.1;40.0;0.2499
0.2;716.0;-200.0;0.2;390.0;29.0;1804.0;27.0;551.0;221.0;-0.1;37.5;0.2326
0.2;731.0;-200.0;0.3;408.0;32.0;1727.0;30.0;561.0;225.0;-0.3;38.4;0.2347
0.2;735.0;-200.0;0.3;407.0;37.0;1677.0;33.0;579.0;232.0;-0.6;40.1;0.2404
0.5;779.0;-200.0;1.0;500.0;134.0;1361.0;84.0;652.0;313.0;-0.6;41.4;0.2478
1.9;968.0;-200.0;9.0;938.0;311.0;790.0;161.0;897.0;836.0;9.7;18.6;0.2244
1.3;909.0;-200.0;6.3;826.0;246.0;898.0;143.0;802.0;626.0;10.1;16.7;0.2062
1.2;1160.0;-200.0;5.1;770.0;212.0;702.0;121.0;1063.0;1447.0;2.8;74.1;0.5618
1.4;1217.0;-200.0;6.7;846.0;263.0;650.0;136.0;1120.0;1481.0;2.9;75.6;0.5742
3.2;1250.0;-200.0;13.3;1094.0;500.0;600.0;215.0;1198.0;1629.0;8.5;42.4;0.4716
2.4;1156.0;-200.0;8.4;916.0;463.0;687.0;206.0;1055.0;1490.0;7.5;44.0;0.4564
1.4;1064.0;-200.0;5.4;783.0;258.0;785.0;167.0;954.0;1319.0;6.6;46.0;0.4505
1.4;1066.0;-200.0;5.2;771.0;214.0;795.0;145.0;949.0;1247.0;5.5;49.6;0.4526
1.9;1238.0;-200.0;10.2;985.0;229.0;592.0;114.0;1271.0;1252.0;18.0;33.1;0.6779
3.8;1434.0;-200.0;17.8;1234.0;477.0;476.0;168.0;1520.0;1676.0;14.6;41.0;0.6792
5.3;1573.0;-200.0;25.3;1436.0;679.0;407.0;207.0;1747.0;2056.0;12.8;46.2;0.6794
5.9;1552.0;-200.0;24.4;1413.0;682.0;407.0;199.0;1724.0;2088.0;11.5;53.9;0.7312
5.5;1510.0;-200.0;20.0;1297.0;679.0;458.0;192.0;1606.0;1945.0;10.6;58.8;0.7512
2.0;1165.0;-200.0;7.3;870.0;298.0;671.0;148.0;1181.0;1482.0;9.7;60.0;0.7238
1.8;1177.0;-200.0;6.6;837.0;265.0;670.0;137.0;1161.0;1448.0;8.3;64.2;0.7071
1.6;1166.0;-200.0;7.5;880.0;248.0;631.0;149.0;1280.0;1238.0;12.7;62.8;0.9198
1.5;1095.0;-200.0;5.2;772.0;233.0;721.0;140.0;1175.0;1023.0;12.2;65.0;0.9193
0.7;958.0;-200.0;2.2;601.0;96.0;947.0;79.0;1054.0;659.0;13.0;61.2;0.9105
3.5;1315.0;-200.0;17.5;1225.0;518.0;509.0;193.0;1408.0;1365.0;24.1;20.6;0.6075
4.8;1494.0;-200.0;26.2;1460.0;641.0;420.0;227.0;1682.0;1827.0;21.0;28.0;0.6904
1.5;1144.0;-200.0;6.2;821.0;214.0;651.0;123.0;1262.0;988.0;15.4;54.0;0.9385
2.4;1209.0;-200.0;8.8;933.0;334.0;581.0;166.0;1329.0;1058.0;17.0;47.5;0.9146
