Accelerometer HIP accZ;InertialMeasurementUnit LLA accZ;InertialMeasurementUnit BACK magneticX;Accelerometer RUA_ accX;InertialMeasurementUnit BACK accZ;Accelerometer BACK accY;InertialMeasurementUnit RLA accY;InertialMeasurementUnit LUA accZ;Accelerometer LH accZ;Accelerometer BACK accZ;Accelerometer BACK accX
291.0;120.0;508.0;99.0;56.0;935.0;258.0;50.0;156.0;-382.0;104.0
20.0;149.0;632.0;316.0;-54.0;978.0;435.0;-47.0;87.0;-310.0;96.0
21.0;638.0;630.0;93.0;-71.0;947.0;298.0;165.0;-320.0;-316.0;87.0
10.0;337.0;618.0;493.0;88.0;983.0;617.0;36.0;-550.0;-257.0;65.0
-6.0;326.0;626.0;420.0;130.0;968.0;677.0;65.0;-567.0;-188.0;116.0
41.0;335.0;597.0;292.0;149.0;979.0;597.0;100.0;-550.0;-271.0;117.0
35.0;343.0;595.0;272.0;137.0;978.0;605.0;97.0;-550.0;-281.0;98.0
21.0;345.0;593.0;280.0;139.0;989.0;623.0;107.0;-548.0;-280.0;86.0
-12.0;369.0;584.0;325.0;132.0;959.0;680.0;109.0;-574.0;-311.0;114.0
61.0;555.0;566.0;437.0;110.0;962.0;542.0;147.0;-588.0;-291.0;129.0
40.0;162.0;597.0;180.0;67.0;999.0;272.0;184.0;-576.0;-216.0;64.0
29.0;387.0;607.0;115.0;90.0;984.0;166.0;81.0;-260.0;-262.0;86.0
41.0;392.0;608.0;98.0;84.0;985.0;150.0;75.0;-336.0;-269.0;82.0
3.0;509.0;703.0;-114.0;-198.0;1014.0;-25.0;139.0;-162.0;-50.0;49.0
25.0;350.0;614.0;-6.0;85.0;975.0;126.0;64.0;-291.0;-260.0;79.0
30.0;336.0;608.0;9.0;85.0;982.0;294.0;110.0;-208.0;-245.0;86.0
48.0;-409.0;708.0;377.0;152.0;972.0;718.0;182.0;560.0;-356.0;-15.0
20.0;322.0;599.0;281.0;92.0;952.0;495.0;141.0;-110.0;-263.0;105.0
101.0;119.0;627.0;419.0;-38.0;979.0;840.0;77.0;-193.0;-171.0;68.0
4.0;227.0;604.0;291.0;104.0;975.0;487.0;150.0;-128.0;-280.0;109.0
101.0;171.0;625.0;482.0;-16.0;994.0;866.0;109.0;-5.0;-157.0;67.0
146.0;311.0;629.0;219.0;-2.0;962.0;348.0;65.0;241.0;-223.0;107.0
142.0;437.0;633.0;15.0;-54.0;983.0;218.0;85.0;-272.0;-220.0;137.0
118.0;449.0;633.0;87.0;-24.0;979.0;289.0;124.0;-367.0;-218.0;106.0
101.0;166.0;629.0;133.0;39.0;979.0;275.0;87.0;-32.0;-324.0;161.0
228.0;14.0;635.0;28.0;241.0;838.0;221.0;134.0;58.0;-580.0;87.0
226.0;36.0;639.0;29.0;241.0;817.0;224.0;132.0;89.0;-563.0;117.0
205.0;34.0;635.0;20.0;154.0;875.0;152.0;71.0;103.0;-480.0;107.0
76.0;-6.0;666.0;134.0;177.0;869.0;237.0;198.0;-68.0;-473.0;202.0
155.0;62.0;647.0;96.0;125.0;910.0;273.0;105.0;5.0;-459.0;128.0
162.0;5.0;634.0;1.0;205.0;867.0;215.0;92.0;111.0;-561.0;30.0
171.0;30.0;632.0;15.0;223.0;768.0;224.0;99.0;118.0;-539.0;17.0
63.0;63.0;651.0;40.0;102.0;917.0;211.0;97.0;88.0;-471.0;143.0
171.0;46.0;650.0;68.0;112.0;911.0;232.0;84.0;101.0;-433.0;105.0
182.0;44.0;645.0;19.0;93.0;916.0;201.0;58.0;74.0;-449.0;118.0
110.0;105.0;664.0;115.0;0.0;939.0;292.0;104.0;69.0;-354.0;171.0
-279.0;80.0;671.0;73.0;310.0;809.0;105.0;94.0;3.0;-459.0;281.0
103.0;16.0;674.0;146.0;150.0;827.0;189.0;9.0;-42.0;-446.0;118.0
92.0;-20.0;674.0;48.0;109.0;848.0;208.0;56.0;-151.0;-460.0;109.0
48.0;167.0;674.0;116.0;66.0;887.0;264.0;97.0;56.0;-430.0;165.0
87.0;128.0;669.0;164.0;16.0;925.0;307.0;90.0;86.0;-373.0;175.0
56.0;143.0;665.0;193.0;-1.0;952.0;339.0;77.0;9.0;-381.0;155.0
61.0;133.0;668.0;151.0;-27.0;953.0;333.0;62.0;27.0;-333.0;151.0
56.0;150.0;660.0;189.0;-1.0;970.0;354.0;105.0;-1.0;-261.0;154.0
70.0;153.0;660.0;181.0;-52.0;967.0;345.0;61.0;-19.0;-336.0;164.0
-15.0;152.0;658.0;234.0;-66.0;960.0;390.0;77.0;82.0;-262.0;144.0
13.0;182.0;653.0;240.0;-122.0;951.0;381.0;23.0;48.0;-258.0;103.0
-17.0;132.0;656.0;243.0;-184.0;962.0;389.0;9.0;88.0;-206.0;138.0
-27.0;140.0;670.0;270.0;-110.0;976.0;421.0;27.0;109.0;-210.0;136.0
-12.0;184.0;677.0;274.0;-177.0;998.0;436.0;-2.0;17.0;-218.0;122.0
26.0;163.0;670.0;285.0;-133.0;1017.0;446.0;61.0;50.0;-170.0;132.0
-9.0;151.0;674.0;214.0;-121.0;985.0;387.0;29.0;89.0;-241.0;125.0
18.0;153.0;667.0;222.0;-132.0;999.0;406.0;-18.0;49.0;-211.0;88.0
14.0;152.0;661.0;241.0;-146.0;1001.0;398.0;32.0;89.0;-217.0;95.0
46.0;140.0;673.0;242.0;-103.0;989.0;385.0;-15.0;42.0;-200.0;135.0
45.0;158.0;693.0;194.0;-79.0;998.0;367.0;22.0;122.0;-173.0;84.0
41.0;163.0;697.0;221.0;-106.0;989.0;415.0;5.0;18.0;-193.0;115.0
17.0;158.0;687.0;235.0;-90.0;997.0;426.0;67.0;105.0;-196.0;118.0
21.0;161.0;668.0;233.0;-101.0;983.0;386.0;34.0;41.0;-206.0;124.0
45.0;158.0;652.0;214.0;-112.0;983.0;377.0;5.0;57.0;-202.0;84.0
93.0;183.0;643.0;232.0;-148.0;981.0;415.0;-14.0;49.0;-204.0;84.0
47.0;182.0;659.0;191.0;-70.0;978.0;352.0;32.0;20.0;-194.0;160.0
74.0;167.0;663.0;190.0;-32.0;945.0;325.0;-6.0;-30.0;-262.0;50.0
53.0;166.0;663.0;173.0;-92.0;971.0;297.0;-11.0;-22.0;-280.0;69.0
37.0;168.0;671.0;177.0;-100.0;988.0;328.0;22.0;55.0;-246.0;124.0
28.0;165.0;665.0;213.0;-106.0;971.0;385.0;20.0;44.0;-236.0;115.0
33.0;152.0;667.0;205.0;-138.0;987.0;379.0;1.0;51.0;-220.0;105.0
30.0;163.0;668.0;219.0;-128.0;992.0;391.0;7.0;59.0;-221.0;108.0
25.0;168.0;670.0;215.0;-138.0;988.0;385.0;7.0;32.0;-250.0;112.0
36.0;132.0;670.0;182.0;-69.0;970.0;348.0;2.0;76.0;-241.0;103.0
37.0;136.0;670.0;229.0;-78.0;951.0;380.0;30.0;102.0;-260.0;97.0
72.0;105.0;668.0;193.0;-99.0;1027.0;365.0;-40.0;115.0;-256.0;87.0
76.0;87.0;664.0;194.0;-30.0;992.0;359.0;-44.0;139.0;-210.0;69.0
59.0;140.0;657.0;216.0;-50.0;977.0;373.0;-39.0;98.0;-250.0;41.0
54.0;95.0;653.0;218.0;-107.0;1049.0;403.0;-69.0;108.0;-183.0;85.0
56.0;128.0;652.0;159.0;-96.0;990.0;340.0;-35.0;51.0;-181.0;65.0
52.0;135.0;657.0;148.0;-69.0;991.0;300.0;-68.0;86.0;-195.0;62.0
62.0;149.0;659.0;185.0;-55.0;987.0;351.0;-38.0;81.0;-202.0;95.0
81.0;114.0;661.0;199.0;-47.0;987.0;368.0;-30.0;96.0;-216.0;95.0
55.0;127.0;657.0;186.0;-44.0;964.0;357.0;-20.0;96.0;-230.0;91.0
71.0;154.0;668.0;193.0;-9.0;965.0;341.0;25.0;33.0;-299.0;95.0
78.0;149.0;669.0;145.0;-13.0;961.0;315.0;43.0;43.0;-311.0;135.0
57.0;127.0;667.0;136.0;-7.0;961.0;308.0;26.0;73.0;-290.0;96.0
85.0;136.0;666.0;174.0;-7.0;970.0;331.0;25.0;79.0;-280.0;106.0
16.0;160.0;668.0;194.0;37.0;984.0;349.0;70.0;50.0;-295.0;131.0
44.0;86.0;604.0;53.0;196.0;761.0;210.0;179.0;97.0;-608.0;170.0
158.0;314.0;636.0;159.0;193.0;1010.0;336.0;55.0;-83.0;-722.0;258.0
0.0;174.0;641.0;183.0;295.0;858.0;338.0;166.0;-15.0;-576.0;251.0
30.0;299.0;642.0;125.0;142.0;788.0;313.0;446.0;-31.0;-415.0;190.0
145.0;145.0;540.0;105.0;216.0;796.0;310.0;174.0;-49.0;-491.0;45.0
45.0;104.0;541.0;215.0;146.0;803.0;378.0;63.0;70.0;-398.0;49.0
79.0;5.0;498.0;42.0;-14.0;840.0;160.0;55.0;72.0;-339.0;9.0
11.0;402.0;589.0;204.0;91.0;968.0;718.0;180.0;-259.0;-286.0;98.0
-23.0;248.0;445.0;-21.0;222.0;680.0;91.0;341.0;-17.0;-561.0;235.0
-47.0;274.0;436.0;131.0;171.0;827.0;200.0;287.0;-260.0;-500.0;250.0
99.0;118.0;470.0;-13.0;374.0;646.0;208.0;192.0;-9.0;-797.0;24.0
10.0;530.0;585.0;278.0;104.0;998.0;557.0;190.0;-280.0;-240.0;106.0
-1.0;488.0;590.0;395.0;124.0;971.0;621.0;196.0;-568.0;-296.0;111.0
39.0;296.0;655.0;243.0;146.0;998.0;773.0;56.0;-575.0;-254.0;66.0
35.0;285.0;663.0;345.0;131.0;979.0;785.0;66.0;-569.0;-284.0;60.0
-1.0;355.0;578.0;629.0;85.0;930.0;463.0;27.0;-553.0;-327.0;-16.0
0.0;344.0;576.0;396.0;96.0;949.0;482.0;19.0;-511.0;-357.0;-7.0
50.0;481.0;570.0;552.0;18.0;932.0;752.0;107.0;-719.0;-395.0;114.0
30.0;360.0;572.0;484.0;85.0;965.0;737.0;56.0;-602.0;-311.0;94.0
20.0;367.0;572.0;485.0;89.0;963.0;756.0;48.0;-589.0;-326.0;104.0
-12.0;436.0;602.0;106.0;105.0;947.0;609.0;158.0;-273.0;-320.0;118.0
-19.0;442.0;601.0;429.0;108.0;961.0;559.0;213.0;-218.0;-316.0;125.0
-21.0;510.0;590.0;392.0;127.0;962.0;800.0;167.0;-346.0;-299.0;116.0
-15.0;439.0;589.0;400.0;118.0;964.0;575.0;198.0;-598.0;-342.0;126.0
-29.0;338.0;587.0;421.0;111.0;970.0;666.0;214.0;-513.0;-315.0;116.0
-28.0;583.0;553.0;323.0;70.0;954.0;459.0;199.0;-725.0;-342.0;152.0
-11.0;537.0;587.0;299.0;-19.0;960.0;526.0;187.0;-506.0;-344.0;109.0
-86.0;279.0;448.0;271.0;-93.0;910.0;112.0;122.0;-370.0;-381.0;164.0
-105.0;300.0;453.0;-38.0;-96.0;945.0;92.0;105.0;-101.0;-389.0;116.0
-110.0;312.0;453.0;-62.0;-93.0;931.0;80.0;93.0;-269.0;-390.0;129.0
-82.0;375.0;442.0;-34.0;-107.0;927.0;152.0;107.0;-248.0;-374.0;137.0
-78.0;21.0;683.0;219.0;285.0;999.0;156.0;86.0;79.0;-522.0;225.0
143.0;98.0;611.0;100.0;18.0;774.0;288.0;170.0;15.0;-502.0;24.0
-59.0;199.0;485.0;118.0;230.0;896.0;357.0;315.0;-98.0;-645.0;423.0
-90.0;384.0;438.0;-17.0;-101.0;932.0;156.0;106.0;-377.0;-387.0;125.0
-41.0;257.0;217.0;-56.0;287.0;848.0;264.0;59.0;-303.0;-384.0;109.0
18.0;202.0;259.0;329.0;78.0;897.0;317.0;100.0;0.0;-308.0;31.0
51.0;89.0;259.0;455.0;3.0;864.0;536.0;60.0;111.0;-269.0;141.0
323.0;98.0;297.0;125.0;205.0;1005.0;395.0;244.0;216.0;-640.0;9.0
259.0;154.0;371.0;292.0;109.0;855.0;364.0;-89.0;-204.0;-312.0;-75.0
224.0;185.0;372.0;258.0;99.0;986.0;431.0;46.0;-208.0;-401.0;61.0
-8.0;232.0;371.0;209.0;92.0;907.0;431.0;143.0;-225.0;-379.0;163.0
241.0;391.0;409.0;255.0;309.0;716.0;397.0;254.0;-204.0;-766.0;128.0
-6.0;163.0;533.0;194.0;84.0;718.0;238.0;169.0;37.0;-258.0;202.0
85.0;90.0;707.0;310.0;121.0;787.0;322.0;97.0;35.0;-341.0;-49.0
143.0;92.0;732.0;407.0;135.0;880.0;498.0;158.0;107.0;-344.0;-34.0
-37.0;370.0;528.0;400.0;7.0;959.0;683.0;148.0;-563.0;-290.0;39.0
90.0;297.0;735.0;552.0;115.0;885.0;818.0;314.0;-22.0;-430.0;288.0
42.0;285.0;736.0;520.0;122.0;899.0;767.0;331.0;-10.0;-381.0;256.0
54.0;261.0;736.0;522.0;87.0;912.0;888.0;299.0;22.0;-396.0;256.0
95.0;270.0;743.0;407.0;104.0;894.0;785.0;314.0;38.0;-349.0;336.0
58.0;301.0;727.0;360.0;74.0;923.0;589.0;314.0;3.0;-400.0;192.0
10.0;319.0;684.0;307.0;137.0;833.0;351.0;350.0;-30.0;-451.0;289.0
-122.0;379.0;612.0;217.0;206.0;781.0;341.0;488.0;-51.0;-499.0;433.0
-120.0;324.0;621.0;287.0;220.0;790.0;422.0;434.0;-71.0;-488.0;413.0
-182.0;280.0;631.0;358.0;233.0;801.0;511.0;388.0;11.0;-558.0;291.0
-59.0;162.0;618.0;169.0;117.0;851.0;420.0;256.0;117.0;-438.0;153.0
4.0;44.0;582.0;368.0;-43.0;1116.0;475.0;14.0;288.0;-406.0;134.0
36.0;161.0;766.0;89.0;196.0;803.0;261.0;102.0;-47.0;-415.0;68.0
150.0;77.0;747.0;150.0;101.0;824.0;224.0;51.0;28.0;-336.0;-5.0
-71.0;444.0;539.0;433.0;43.0;946.0;564.0;161.0;-471.0;-341.0;78.0
52.0;295.0;623.0;345.0;225.0;862.0;573.0;305.0;20.0;-457.0;306.0
2.0;248.0;622.0;42.0;86.0;667.0;310.0;230.0;-63.0;-280.0;277.0
-87.0;159.0;680.0;312.0;279.0;952.0;538.0;265.0;134.0;-447.0;37.0
41.0;143.0;720.0;152.0;38.0;905.0;301.0;69.0;20.0;-323.0;36.0
-21.0;131.0;733.0;219.0;-29.0;892.0;284.0;82.0;-39.0;-316.0;130.0
70.0;120.0;772.0;199.0;155.0;875.0;665.0;117.0;183.0;-606.0;91.0
-165.0;115.0;789.0;104.0;258.0;830.0;369.0;290.0;135.0;-463.0;32.0
-93.0;113.0;787.0;246.0;173.0;904.0;404.0;217.0;64.0;-450.0;125.0
-34.0;127.0;741.0;158.0;217.0;855.0;372.0;158.0;47.0;-468.0;-16.0
105.0;91.0;687.0;8.0;237.0;769.0;301.0;164.0;80.0;-566.0;-37.0
-94.0;442.0;583.0;260.0;44.0;951.0;690.0;101.0;-610.0;-388.0;123.0
108.0;71.0;659.0;-115.0;200.0;825.0;101.0;82.0;5.0;-493.0;-53.0
-12.0;87.0;657.0;-84.0;138.0;826.0;148.0;206.0;126.0;-504.0;118.0
90.0;119.0;655.0;-53.0;163.0;828.0;263.0;241.0;139.0;-462.0;176.0
105.0;129.0;652.0;-169.0;166.0;782.0;260.0;280.0;117.0;-426.0;68.0
5.0;454.0;556.0;327.0;20.0;945.0;619.0;129.0;-610.0;-377.0;78.0
-117.0;147.0;678.0;674.0;201.0;822.0;801.0;377.0;31.0;-477.0;209.0
-98.0;222.0;523.0;490.0;24.0;955.0;594.0;54.0;-525.0;-348.0;171.0
115.0;183.0;528.0;378.0;-39.0;962.0;368.0;220.0;43.0;-390.0;163.0
60.0;-53.0;435.0;-12.0;-21.0;1146.0;296.0;187.0;-84.0;-660.0;339.0
176.0;107.0;424.0;324.0;178.0;855.0;404.0;231.0;14.0;-562.0;150.0
-53.0;335.0;515.0;489.0;39.0;932.0;875.0;209.0;-252.0;-384.0;77.0
34.0;188.0;359.0;-19.0;117.0;851.0;71.0;244.0;63.0;-437.0;126.0
-72.0;132.0;301.0;3.0;1.0;862.0;157.0;96.0;233.0;-314.0;55.0
-170.0;149.0;301.0;325.0;31.0;1015.0;432.0;175.0;109.0;-586.0;1.0
-73.0;147.0;515.0;668.0;52.0;942.0;882.0;162.0;-298.0;-357.0;128.0
1012.0;278.0;-643.0;-249.0;-429.0;710.0;-25.0;-270.0;-131.0;-186.0;-690.0
-41.0;215.0;483.0;273.0;50.0;835.0;337.0;174.0;-43.0;-332.0;170.0
-12.0;231.0;493.0;33.0;-61.0;945.0;259.0;264.0;59.0;-450.0;168.0
-155.0;185.0;531.0;214.0;-5.0;999.0;346.0;243.0;137.0;-633.0;136.0
72.0;119.0;565.0;-42.0;220.0;820.0;190.0;108.0;127.0;-398.0;23.0
-92.0;323.0;604.0;378.0;108.0;1013.0;394.0;397.0;-307.0;-583.0;367.0
-40.0;231.0;564.0;310.0;260.0;737.0;466.0;428.0;-126.0;-586.0;433.0
-57.0;246.0;562.0;280.0;285.0;760.0;479.0;400.0;-152.0;-582.0;361.0
12.0;312.0;521.0;132.0;306.0;753.0;281.0;244.0;-192.0;-681.0;240.0
168.0;471.0;288.0;-26.0;647.0;451.0;165.0;-13.0;-382.0;-911.0;117.0
57.0;246.0;512.0;118.0;349.0;743.0;272.0;201.0;-242.0;-654.0;236.0
54.0;279.0;514.0;151.0;355.0;748.0;286.0;185.0;-253.0;-675.0;222.0
38.0;273.0;520.0;123.0;334.0;742.0;272.0;210.0;-235.0;-661.0;213.0
45.0;215.0;531.0;164.0;312.0;745.0;296.0;172.0;-237.0;-651.0;202.0
30.0;243.0;544.0;120.0;335.0;751.0;280.0;173.0;-243.0;-654.0;195.0
-8.0;301.0;539.0;157.0;338.0;744.0;390.0;192.0;-231.0;-610.0;202.0
28.0;280.0;534.0;252.0;312.0;743.0;397.0;215.0;-291.0;-631.0;248.0
51.0;171.0;530.0;266.0;294.0;732.0;441.0;214.0;-251.0;-622.0;272.0
-112.0;-102.0;517.0;806.0;107.0;932.0;901.0;161.0;51.0;-390.0;165.0
-66.0;340.0;465.0;368.0;322.0;704.0;602.0;451.0;-210.0;-621.0;370.0
-287.0;372.0;236.0;128.0;408.0;575.0;436.0;579.0;-277.0;-690.0;538.0
-10.0;721.0;84.0;182.0;525.0;488.0;354.0;579.0;-535.0;-739.0;398.0
-130.0;246.0;519.0;714.0;77.0;926.0;647.0;287.0;-90.0;-390.0;150.0
-90.0;190.0;518.0;751.0;143.0;933.0;578.0;324.0;-104.0;-392.0;163.0
145.0;90.0;435.0;277.0;473.0;618.0;464.0;66.0;-120.0;-771.0;156.0
146.0;153.0;436.0;357.0;470.0;639.0;482.0;94.0;-168.0;-787.0;137.0
144.0;138.0;467.0;396.0;450.0;641.0;505.0;48.0;-142.0;-771.0;164.0
141.0;84.0;484.0;321.0;442.0;679.0;472.0;17.0;-249.0;-714.0;165.0
29.0;165.0;538.0;371.0;379.0;800.0;683.0;66.0;-442.0;-642.0;147.0
26.0;212.0;546.0;417.0;390.0;735.0;524.0;39.0;-476.0;-650.0;144.0
19.0;262.0;574.0;368.0;352.0;816.0;712.0;34.0;-509.0;-607.0;30.0
-167.0;435.0;492.0;444.0;90.0;916.0;763.0;256.0;-356.0;-359.0;126.0
-97.0;241.0;587.0;334.0;186.0;914.0;340.0;379.0;-89.0;-420.0;202.0
-124.0;223.0;657.0;227.0;198.0;889.0;474.0;330.0;-20.0;-455.0;207.0
-48.0;182.0;593.0;384.0;103.0;944.0;266.0;307.0;66.0;-269.0;254.0
-57.0;203.0;589.0;362.0;-46.0;944.0;394.0;205.0;15.0;-278.0;186.0
-233.0;340.0;607.0;394.0;-20.0;954.0;489.0;264.0;-118.0;-312.0;200.0
-182.0;317.0;615.0;360.0;-61.0;1000.0;502.0;319.0;23.0;-426.0;151.0
41.0;287.0;624.0;201.0;-1.0;819.0;108.0;213.0;191.0;-202.0;277.0
62.0;322.0;575.0;94.0;310.0;881.0;535.0;217.0;124.0;-498.0;3.0
57.0;158.0;514.0;20.0;125.0;725.0;102.0;128.0;232.0;-287.0;51.0
64.0;78.0;530.0;297.0;63.0;832.0;351.0;93.0;141.0;-304.0;37.0
-131.0;352.0;499.0;373.0;143.0;948.0;805.0;411.0;-423.0;-305.0;180.0
-6.0;159.0;871.0;101.0;251.0;946.0;365.0;12.0;36.0;-355.0;118.0
-141.0;423.0;495.0;303.0;141.0;961.0;628.0;418.0;-304.0;-291.0;144.0
-158.0;210.0;495.0;356.0;147.0;974.0;805.0;318.0;-439.0;-315.0;102.0
-156.0;343.0;496.0;221.0;109.0;934.0;655.0;366.0;-465.0;-378.0;104.0
-153.0;334.0;496.0;374.0;146.0;939.0;570.0;368.0;-539.0;-363.0;94.0
-170.0;411.0;475.0;406.0;71.0;921.0;591.0;315.0;-337.0;-372.0;146.0
-170.0;481.0;502.0;293.0;163.0;948.0;607.0;329.0;-550.0;-343.0;87.0
-170.0;362.0;497.0;665.0;122.0;987.0;383.0;369.0;1.0;-279.0;229.0
106.0;151.0;1004.0;44.0;-77.0;875.0;270.0;226.0;182.0;-300.0;92.0
291.0;218.0;970.0;68.0;-17.0;981.0;176.0;3.0;-157.0;-340.0;235.0
119.0;397.0;843.0;168.0;193.0;941.0;278.0;344.0;-12.0;-494.0;313.0
-98.0;227.0;682.0;117.0;185.0;980.0;427.0;33.0;117.0;-577.0;175.0
45.0;66.0;519.0;75.0;66.0;882.0;288.0;55.0;124.0;-341.0;19.0
12.0;158.0;397.0;74.0;24.0;1149.0;317.0;16.0;88.0;-368.0;42.0
33.0;211.0;395.0;271.0;157.0;911.0;362.0;74.0;279.0;-609.0;182.0
53.0;313.0;400.0;243.0;-108.0;1011.0;497.0;207.0;-22.0;-352.0;33.0
-131.0;350.0;520.0;155.0;198.0;922.0;763.0;305.0;-408.0;-351.0;32.0
89.0;121.0;396.0;17.0;191.0;706.0;119.0;69.0;-26.0;-338.0;-17.0
69.0;284.0;395.0;153.0;103.0;872.0;344.0;23.0;353.0;-276.0;-26.0
85.0;215.0;388.0;151.0;42.0;882.0;373.0;78.0;28.0;-289.0;48.0
-131.0;355.0;518.0;393.0;192.0;939.0;519.0;337.0;-312.0;-387.0;71.0
-142.0;398.0;517.0;452.0;172.0;934.0;646.0;355.0;-413.0;-298.0;145.0
-164.0;430.0;523.0;398.0;196.0;937.0;654.0;303.0;-453.0;-376.0;189.0
-142.0;359.0;527.0;428.0;211.0;915.0;554.0;300.0;-337.0;-362.0;123.0
-117.0;394.0;527.0;154.0;210.0;963.0;597.0;315.0;-410.0;-369.0;20.0
-108.0;524.0;510.0;331.0;194.0;959.0;518.0;461.0;-324.0;-327.0;109.0
-97.0;410.0;503.0;571.0;185.0;954.0;873.0;221.0;-325.0;-355.0;280.0
-83.0;458.0;508.0;435.0;209.0;992.0;659.0;221.0;-575.0;-362.0;98.0
-90.0;271.0;509.0;506.0;175.0;931.0;711.0;345.0;-489.0;-367.0;117.0
-108.0;417.0;507.0;355.0;194.0;942.0;750.0;260.0;-488.0;-324.0;47.0
-89.0;295.0;508.0;412.0;198.0;937.0;358.0;296.0;-394.0;-356.0;115.0
-95.0;367.0;509.0;443.0;178.0;941.0;385.0;303.0;-460.0;-359.0;56.0
-129.0;303.0;507.0;393.0;167.0;952.0;645.0;298.0;-492.0;-349.0;91.0
-154.0;374.0;504.0;449.0;198.0;953.0;639.0;300.0;-528.0;-337.0;125.0
-150.0;375.0;491.0;412.0;170.0;942.0;652.0;318.0;-476.0;-363.0;106.0
-168.0;347.0;544.0;400.0;91.0;923.0;687.0;305.0;-597.0;-340.0;154.0
-102.0;318.0;573.0;308.0;82.0;924.0;259.0;120.0;-575.0;-416.0;148.0
-94.0;325.0;557.0;-339.0;39.0;932.0;-148.0;200.0;-314.0;-357.0;0.0
-170.0;-37.0;496.0;-86.0;43.0;950.0;298.0;306.0;9.0;-324.0;131.0
-131.0;230.0;752.0;408.0;20.0;899.0;620.0;362.0;112.0;-421.0;297.0
-5.0;264.0;745.0;405.0;-31.0;857.0;521.0;203.0;-5.0;-267.0;166.0
-94.0;119.0;794.0;483.0;86.0;1023.0;561.0;141.0;-69.0;-569.0;145.0
-54.0;136.0;775.0;352.0;290.0;779.0;668.0;149.0;13.0;-644.0;503.0
-90.0;192.0;689.0;508.0;347.0;636.0;551.0;371.0;-82.0;-544.0;344.0
-71.0;209.0;665.0;503.0;284.0;544.0;677.0;380.0;-103.0;-513.0;403.0
-106.0;230.0;595.0;235.0;167.0;585.0;347.0;391.0;-116.0;-574.0;377.0
-123.0;242.0;575.0;325.0;207.0;603.0;343.0;356.0;-218.0;-525.0;428.0
-152.0;-48.0;539.0;-84.0;67.0;928.0;811.0;160.0;137.0;-364.0;211.0
-148.0;-85.0;554.0;65.0;58.0;946.0;757.0;131.0;178.0;-375.0;194.0
91.0;-33.0;580.0;283.0;-64.0;957.0;950.0;114.0;27.0;-375.0;-18.0
95.0;43.0;583.0;607.0;-13.0;964.0;644.0;67.0;129.0;-281.0;-75.0
71.0;229.0;593.0;-28.0;-49.0;971.0;552.0;12.0;-157.0;-262.0;-111.0
88.0;269.0;542.0;131.0;-48.0;967.0;342.0;-40.0;-365.0;-299.0;-83.0
69.0;429.0;500.0;152.0;-95.0;942.0;496.0;161.0;-349.0;-293.0;-70.0
-207.0;250.0;563.0;573.0;116.0;989.0;678.0;362.0;-293.0;-320.0;18.0
-92.0;240.0;547.0;396.0;43.0;958.0;664.0;316.0;-391.0;-311.0;145.0
-90.0;237.0;546.0;405.0;47.0;956.0;658.0;293.0;-406.0;-321.0;143.0
-42.0;102.0;614.0;659.0;119.0;955.0;728.0;326.0;-99.0;-443.0;106.0
-44.0;114.0;616.0;446.0;100.0;927.0;807.0;315.0;-131.0;-317.0;52.0
70.0;167.0;784.0;248.0;173.0;915.0;509.0;197.0;-103.0;-331.0;133.0
58.0;167.0;852.0;230.0;106.0;941.0;273.0;201.0;-84.0;-293.0;158.0
74.0;223.0;911.0;296.0;62.0;951.0;352.0;130.0;-221.0;-270.0;125.0
164.0;38.0;964.0;133.0;104.0;929.0;380.0;-6.0;123.0;-296.0;-44.0
329.0;71.0;919.0;217.0;34.0;906.0;396.0;8.0;-155.0;-566.0;194.0
38.0;217.0;531.0;40.0;-22.0;965.0;-43.0;322.0;-179.0;-296.0;48.0
-81.0;375.0;805.0;204.0;231.0;761.0;410.0;532.0;-107.0;-312.0;241.0
41.0;284.0;728.0;119.0;144.0;891.0;471.0;327.0;50.0;-608.0;48.0
-249.0;252.0;517.0;328.0;-254.0;1016.0;341.0;176.0;80.0;-669.0;141.0
144.0;148.0;652.0;369.0;-78.0;1060.0;392.0;208.0;104.0;-396.0;68.0
128.0;144.0;1153.0;133.0;-28.0;920.0;297.0;220.0;-20.0;-454.0;-8.0
5.0;240.0;535.0;-140.0;-15.0;976.0;71.0;313.0;-184.0;-244.0;76.0
35.0;222.0;531.0;-128.0;-20.0;988.0;135.0;315.0;-223.0;-250.0;67.0
37.0;215.0;529.0;-73.0;-9.0;987.0;364.0;329.0;-225.0;-220.0;53.0
187.0;146.0;1119.0;49.0;-43.0;891.0;266.0;238.0;-70.0;-351.0;158.0
12.0;190.0;1082.0;16.0;145.0;942.0;435.0;340.0;-69.0;-452.0;113.0
154.0;61.0;999.0;28.0;137.0;888.0;450.0;244.0;85.0;-483.0;10.0
111.0;150.0;995.0;93.0;143.0;904.0;434.0;234.0;-106.0;-470.0;-9.0
123.0;139.0;992.0;182.0;149.0;912.0;441.0;222.0;1.0;-502.0;11.0
121.0;127.0;990.0;120.0;193.0;890.0;398.0;246.0;-19.0;-499.0;7.0
-140.0;284.0;1246.0;550.0;68.0;859.0;875.0;338.0;-52.0;-388.0;231.0
38.0;197.0;703.0;269.0;70.0;924.0;247.0;331.0;-160.0;-301.0;96.0
100.0;218.0;673.0;282.0;-6.0;978.0;351.0;172.0;-136.0;-413.0;97.0
226.0;93.0;541.0;178.0;117.0;852.0;216.0;133.0;-26.0;-366.0;-65.0
26.0;117.0;642.0;273.0;31.0;912.0;238.0;211.0;253.0;-205.0;131.0
121.0;309.0;607.0;121.0;65.0;963.0;443.0;116.0;-6.0;-402.0;-173.0
60.0;382.0;716.0;147.0;95.0;844.0;204.0;241.0;-75.0;-322.0;137.0
2.0;273.0;545.0;127.0;5.0;970.0;378.0;337.0;-242.0;-260.0;106.0
20.0;557.0;593.0;214.0;15.0;976.0;585.0;379.0;-220.0;-265.0;92.0
-66.0;369.0;532.0;584.0;161.0;891.0;695.0;506.0;-75.0;-448.0;186.0
-24.0;411.0;584.0;306.0;42.0;950.0;803.0;154.0;-303.0;-347.0;72.0
-10.0;437.0;584.0;518.0;33.0;951.0;838.0;139.0;-565.0;-379.0;-55.0
-122.0;87.0;514.0;730.0;104.0;923.0;880.0;226.0;-704.0;-350.0;211.0
54.0;186.0;606.0;610.0;74.0;909.0;490.0;400.0;-260.0;-398.0;144.0
-61.0;169.0;740.0;175.0;96.0;850.0;489.0;224.0;38.0;-546.0;138.0
-62.0;343.0;758.0;369.0;230.0;830.0;675.0;344.0;-191.0;-519.0;215.0
-50.0;361.0;765.0;321.0;230.0;857.0;635.0;355.0;-203.0;-488.0;237.0
22.0;201.0;608.0;611.0;80.0;909.0;319.0;409.0;-335.0;-384.0;175.0
77.0;-296.0;651.0;624.0;138.0;943.0;818.0;270.0;470.0;-378.0;100.0
98.0;246.0;723.0;479.0;-57.0;1031.0;598.0;192.0;-129.0;-722.0;209.0
60.0;234.0;724.0;87.0;476.0;762.0;687.0;310.0;4.0;-716.0;223.0
22.0;166.0;728.0;308.0;296.0;807.0;480.0;332.0;90.0;-688.0;147.0
40.0;118.0;621.0;458.0;115.0;894.0;68.0;381.0;54.0;-473.0;110.0
6.0;108.0;622.0;362.0;119.0;897.0;45.0;383.0;92.0;-468.0;70.0
127.0;336.0;1153.0;249.0;131.0;900.0;429.0;319.0;-61.0;-448.0;170.0
190.0;220.0;1378.0;255.0;6.0;941.0;138.0;74.0;-69.0;-279.0;236.0
-71.0;170.0;571.0;-231.0;86.0;868.0;343.0;373.0;192.0;-519.0;26.0
30.0;193.0;618.0;440.0;389.0;587.0;540.0;258.0;-339.0;-733.0;84.0
104.0;132.0;1145.0;282.0;-34.0;849.0;277.0;152.0;96.0;-301.0;116.0
130.0;129.0;1137.0;195.0;-44.0;854.0;296.0;189.0;44.0;-350.0;106.0
180.0;272.0;1001.0;-44.0;98.0;932.0;646.0;92.0;167.0;-471.0;-10.0
-154.0;65.0;696.0;391.0;302.0;762.0;730.0;372.0;-117.0;-503.0;259.0
-136.0;111.0;705.0;352.0;332.0;802.0;493.0;353.0;-10.0;-539.0;106.0
-63.0;207.0;560.0;186.0;-44.0;1072.0;237.0;142.0;-17.0;-349.0;49.0
100.0;223.0;546.0;-107.0;2.0;921.0;432.0;139.0;177.0;-525.0;10.0
162.0;96.0;555.0;215.0;84.0;850.0;256.0;44.0;175.0;-344.0;-85.0
191.0;66.0;573.0;124.0;77.0;829.0;291.0;41.0;131.0;-291.0;-75.0
191.0;221.0;702.0;264.0;4.0;1127.0;336.0;90.0;203.0;-337.0;77.0
-261.0;206.0;724.0;23.0;-173.0;896.0;385.0;49.0;170.0;-519.0;65.0
150.0;-15.0;460.0;199.0;280.0;819.0;456.0;71.0;531.0;-610.0;-139.0
-235.0;313.0;661.0;546.0;251.0;824.0;562.0;211.0;85.0;-601.0;104.0
131.0;97.0;802.0;50.0;-16.0;854.0;272.0;39.0;94.0;-342.0;-65.0
-41.0;175.0;824.0;110.0;81.0;786.0;335.0;262.0;244.0;-246.0;172.0
-200.0;331.0;613.0;401.0;259.0;858.0;669.0;289.0;115.0;-497.0;225.0
196.0;309.0;896.0;188.0;-96.0;1004.0;310.0;167.0;-171.0;-303.0;37.0
-139.0;151.0;587.0;305.0;203.0;847.0;777.0;237.0;-115.0;-510.0;155.0
77.0;226.0;450.0;328.0;334.0;848.0;804.0;52.0;219.0;-480.0;-115.0
4.0;156.0;443.0;136.0;162.0;775.0;878.0;70.0;154.0;-431.0;-132.0
41.0;167.0;408.0;360.0;18.0;963.0;498.0;95.0;12.0;-776.0;-124.0
-54.0;148.0;384.0;631.0;45.0;1002.0;550.0;116.0;13.0;-677.0;135.0
-8.0;62.0;375.0;382.0;54.0;1007.0;501.0;178.0;149.0;-638.0;5.0
-392.0;70.0;384.0;544.0;65.0;936.0;477.0;146.0;62.0;-693.0;26.0
12.0;267.0;978.0;-43.0;227.0;814.0;391.0;236.0;-176.0;-376.0;195.0
22.0;321.0;972.0;90.0;231.0;787.0;231.0;224.0;-110.0;-318.0;218.0
280.0;220.0;918.0;77.0;225.0;822.0;281.0;22.0;-128.0;-376.0;-9.0
10.0;424.0;1176.0;-87.0;283.0;728.0;183.0;179.0;-512.0;-382.0;-58.0
392.0;539.0;976.0;52.0;302.0;769.0;226.0;429.0;-688.0;-629.0;87.0
282.0;126.0;905.0;164.0;265.0;953.0;398.0;100.0;-419.0;-389.0;115.0
115.0;4.0;911.0;277.0;60.0;812.0;437.0;103.0;25.0;-378.0;52.0
130.0;159.0;912.0;174.0;74.0;971.0;364.0;114.0;-178.0;-374.0;25.0
231.0;318.0;826.0;231.0;-31.0;954.0;184.0;262.0;-210.0;-311.0;87.0
125.0;389.0;802.0;268.0;-198.0;956.0;533.0;282.0;-191.0;-665.0;76.0
-181.0;93.0;622.0;223.0;-40.0;1046.0;184.0;104.0;75.0;-468.0;88.0
113.0;240.0;822.0;159.0;125.0;1024.0;566.0;249.0;15.0;-313.0;57.0
2.0;208.0;834.0;403.0;328.0;945.0;621.0;406.0;-107.0;-130.0;102.0
-85.0;1.0;858.0;421.0;203.0;889.0;359.0;117.0;-134.0;-260.0;228.0
70.0;-17.0;952.0;232.0;142.0;921.0;213.0;23.0;96.0;-404.0;-12.0
92.0;-20.0;967.0;230.0;61.0;903.0;390.0;-84.0;-10.0;-427.0;27.0
56.0;255.0;1032.0;183.0;4.0;732.0;100.0;38.0;86.0;-352.0;41.0
-73.0;-51.0;1008.0;300.0;114.0;951.0;518.0;-71.0;132.0;-362.0;8.0
99.0;136.0;1032.0;406.0;142.0;1016.0;218.0;67.0;128.0;-426.0;52.0
-28.0;96.0;1022.0;270.0;43.0;1057.0;379.0;187.0;122.0;-230.0;103.0
-9.0;242.0;1035.0;90.0;115.0;885.0;401.0;8.0;209.0;-626.0;219.0
3.0;91.0;1038.0;-10.0;175.0;802.0;466.0;146.0;264.0;-304.0;194.0
-50.0;107.0;1017.0;282.0;86.0;1026.0;428.0;163.0;156.0;-159.0;98.0
-127.0;190.0;1003.0;221.0;36.0;1022.0;402.0;190.0;148.0;-284.0;238.0
62.0;86.0;1012.0;-30.0;73.0;1008.0;324.0;72.0;-25.0;-329.0;28.0
-54.0;-140.0;597.0;179.0;513.0;729.0;405.0;414.0;-114.0;-243.0;117.0
135.0;208.0;1034.0;218.0;-115.0;1107.0;406.0;202.0;-58.0;-338.0;46.0
-161.0;-11.0;580.0;37.0;66.0;1040.0;407.0;-41.0;36.0;-720.0;155.0
345.0;82.0;1359.0;60.0;-77.0;1098.0;366.0;54.0;215.0;-735.0;325.0
59.0;216.0;979.0;81.0;158.0;731.0;413.0;289.0;222.0;-288.0;174.0
27.0;76.0;590.0;76.0;52.0;1097.0;522.0;214.0;-34.0;-938.0;273.0
-107.0;-167.0;666.0;691.0;52.0;747.0;594.0;162.0;-65.0;-355.0;76.0
-43.0;366.0;562.0;324.0;-40.0;715.0;713.0;468.0;259.0;-291.0;-7.0
-258.0;310.0;606.0;364.0;211.0;873.0;660.0;443.0;-89.0;-389.0;307.0
-82.0;26.0;283.0;421.0;199.0;941.0;521.0;177.0;-144.0;-298.0;-33.0
99.0;-69.0;291.0;64.0;102.0;929.0;498.0;6.0;155.0;-392.0;-22.0
74.0;-3.0;294.0;245.0;23.0;888.0;520.0;130.0;104.0;-351.0;-49.0
149.0;272.0;1022.0;205.0;56.0;689.0;252.0;-92.0;152.0;-285.0;6.0
-18.0;39.0;942.0;118.0;26.0;1127.0;265.0;-12.0;169.0;-375.0;20.0
177.0;56.0;884.0;131.0;65.0;887.0;537.0;304.0;299.0;-291.0;182.0
19.0;298.0;895.0;168.0;-68.0;488.0;385.0;99.0;-92.0;-195.0;140.0
-44.0;9.0;283.0;252.0;210.0;969.0;163.0;295.0;172.0;-422.0;-77.0
250.0;23.0;936.0;217.0;60.0;790.0;171.0;-17.0;152.0;-229.0;194.0
53.0;120.0;937.0;199.0;27.0;669.0;421.0;94.0;142.0;-218.0;146.0
101.0;21.0;950.0;168.0;-87.0;803.0;278.0;19.0;220.0;-340.0;65.0
87.0;36.0;981.0;161.0;13.0;812.0;264.0;76.0;196.0;-272.0;55.0
31.0;185.0;331.0;64.0;331.0;1134.0;269.0;492.0;1.0;-325.0;135.0
-137.0;213.0;657.0;322.0;400.0;929.0;439.0;443.0;-276.0;-470.0;-63.0
-103.0;266.0;667.0;220.0;386.0;941.0;374.0;505.0;-215.0;-419.0;-72.0
-127.0;284.0;669.0;321.0;401.0;901.0;347.0;501.0;-230.0;-444.0;-68.0
-173.0;240.0;680.0;174.0;302.0;891.0;380.0;435.0;-149.0;-439.0;-60.0
200.0;-26.0;963.0;177.0;51.0;825.0;196.0;26.0;151.0;-354.0;157.0
-130.0;31.0;747.0;80.0;148.0;926.0;478.0;205.0;-169.0;-400.0;-56.0
141.0;100.0;1011.0;176.0;-2.0;806.0;326.0;40.0;193.0;-291.0;20.0
101.0;122.0;1023.0;202.0;-91.0;797.0;294.0;92.0;126.0;-236.0;95.0
-134.0;80.0;749.0;89.0;105.0;868.0;453.0;167.0;-150.0;-405.0;-81.0
82.0;61.0;586.0;240.0;193.0;965.0;595.0;211.0;88.0;-356.0;54.0
-29.0;41.0;613.0;467.0;184.0;863.0;463.0;367.0;82.0;-292.0;122.0
-45.0;66.0;611.0;300.0;271.0;871.0;860.0;447.0;47.0;-305.0;177.0
-49.0;-350.0;635.0;1078.0;-9.0;846.0;930.0;67.0;467.0;-445.0;156.0
-44.0;-319.0;592.0;266.0;-48.0;896.0;599.0;99.0;213.0;-540.0;193.0
73.0;-100.0;621.0;483.0;-105.0;998.0;582.0;154.0;13.0;-678.0;282.0
-95.0;-44.0;630.0;412.0;-92.0;1121.0;600.0;201.0;-10.0;-663.0;339.0
-5.0;179.0;609.0;444.0;236.0;799.0;881.0;496.0;153.0;-443.0;171.0
-23.0;175.0;492.0;313.0;31.0;869.0;619.0;366.0;17.0;-745.0;238.0
-58.0;-149.0;594.0;626.0;-81.0;871.0;664.0;149.0;218.0;-423.0;179.0
-207.0;16.0;543.0;672.0;375.0;817.0;710.0;228.0;80.0;-498.0;199.0
-203.0;-24.0;588.0;490.0;467.0;822.0;830.0;157.0;43.0;-536.0;264.0
10.0;186.0;434.0;162.0;219.0;735.0;438.0;140.0;105.0;-428.0;6.0
272.0;282.0;367.0;370.0;107.0;1160.0;309.0;236.0;-9.0;-581.0;63.0
-316.0;205.0;348.0;380.0;174.0;1058.0;467.0;278.0;63.0;-406.0;40.0
127.0;166.0;580.0;203.0;122.0;940.0;257.0;172.0;-6.0;-543.0;243.0
131.0;181.0;573.0;209.0;147.0;1085.0;280.0;234.0;5.0;-874.0;315.0
10.0;194.0;570.0;45.0;121.0;746.0;342.0;209.0;179.0;-787.0;-68.0
81.0;105.0;502.0;201.0;168.0;929.0;234.0;68.0;92.0;-559.0;240.0
99.0;121.0;503.0;213.0;129.0;1081.0;268.0;174.0;219.0;-711.0;256.0
214.0;20.0;544.0;24.0;186.0;706.0;34.0;99.0;76.0;-452.0;-39.0
-89.0;106.0;341.0;295.0;-1.0;921.0;335.0;87.0;111.0;-487.0;18.0
66.0;244.0;539.0;81.0;560.0;731.0;512.0;520.0;-79.0;-475.0;183.0
122.0;235.0;451.0;136.0;414.0;781.0;519.0;442.0;44.0;-365.0;209.0
-78.0;126.0;409.0;188.0;196.0;787.0;242.0;83.0;-123.0;-352.0;193.0
-19.0;260.0;573.0;215.0;102.0;948.0;271.0;206.0;-23.0;-357.0;206.0
212.0;224.0;579.0;247.0;41.0;1183.0;227.0;273.0;85.0;-776.0;-30.0
187.0;10.0;682.0;73.0;115.0;1027.0;115.0;83.0;104.0;-526.0;-50.0
213.0;46.0;691.0;103.0;122.0;959.0;123.0;48.0;62.0;-590.0;-6.0
-86.0;285.0;726.0;92.0;565.0;814.0;477.0;419.0;-1.0;-477.0;264.0
-29.0;228.0;963.0;86.0;188.0;895.0;294.0;316.0;-14.0;-230.0;85.0
-52.0;208.0;964.0;446.0;22.0;948.0;198.0;110.0;-50.0;-436.0;340.0
-138.0;15.0;373.0;132.0;1.0;1020.0;534.0;125.0;-325.0;-523.0;258.0
91.0;149.0;391.0;175.0;399.0;765.0;487.0;195.0;75.0;-343.0;-74.0
-132.0;248.0;385.0;-50.0;-122.0;770.0;300.0;197.0;243.0;-410.0;12.0
3.0;311.0;322.0;248.0;93.0;1216.0;412.0;179.0;-106.0;-391.0;134.0
-16.0;-219.0;506.0;223.0;143.0;783.0;389.0;0.0;-78.0;-484.0;76.0
-38.0;-183.0;518.0;531.0;115.0;818.0;451.0;31.0;-91.0;-480.0;25.0
-32.0;-66.0;536.0;489.0;142.0;924.0;650.0;62.0;-9.0;-480.0;6.0
-47.0;146.0;591.0;266.0;201.0;931.0;657.0;219.0;54.0;-413.0;68.0
-101.0;178.0;541.0;461.0;122.0;872.0;597.0;244.0;186.0;-497.0;29.0
-66.0;127.0;502.0;557.0;109.0;913.0;728.0;225.0;-28.0;-414.0;74.0
10.0;201.0;501.0;421.0;37.0;939.0;292.0;198.0;60.0;-365.0;-29.0
15.0;195.0;503.0;226.0;49.0;1011.0;331.0;171.0;0.0;-397.0;14.0
69.0;197.0;505.0;398.0;25.0;960.0;274.0;174.0;-4.0;-402.0;-15.0
14.0;158.0;508.0;76.0;-40.0;966.0;438.0;157.0;-37.0;-360.0;35.0
-13.0;145.0;527.0;192.0;-112.0;956.0;647.0;162.0;20.0;-327.0;-33.0
62.0;83.0;580.0;318.0;2.0;971.0;387.0;36.0;9.0;-270.0;77.0
-13.0;124.0;612.0;103.0;85.0;974.0;355.0;272.0;121.0;-254.0;5.0
-193.0;286.0;647.0;-28.0;75.0;635.0;633.0;388.0;-99.0;-385.0;153.0
36.0;220.0;661.0;389.0;-70.0;1159.0;599.0;177.0;121.0;-715.0;332.0
-253.0;250.0;649.0;346.0;85.0;1225.0;399.0;185.0;-156.0;-415.0;67.0
114.0;180.0;1004.0;329.0;6.0;1131.0;481.0;118.0;-10.0;-352.0;28.0
-173.0;229.0;726.0;283.0;135.0;732.0;592.0;216.0;-215.0;-259.0;86.0
-21.0;236.0;733.0;401.0;35.0;852.0;532.0;205.0;-224.0;-427.0;109.0
-98.0;325.0;774.0;329.0;307.0;1039.0;608.0;369.0;-76.0;-295.0;126.0
-90.0;336.0;802.0;428.0;420.0;940.0;368.0;488.0;-223.0;-237.0;129.0
-240.0;137.0;816.0;247.0;84.0;882.0;427.0;42.0;-111.0;-573.0;226.0
-52.0;101.0;814.0;209.0;60.0;953.0;466.0;43.0;-172.0;-663.0;211.0
88.0;-53.0;824.0;-109.0;99.0;994.0;395.0;240.0;-274.0;-356.0;106.0
-23.0;229.0;568.0;199.0;100.0;952.0;321.0;136.0;740.0;-336.0;86.0
151.0;72.0;570.0;559.0;310.0;947.0;727.0;223.0;176.0;-700.0;-32.0
217.0;286.0;679.0;411.0;-27.0;996.0;412.0;-60.0;-213.0;-264.0;-53.0
133.0;314.0;655.0;544.0;135.0;961.0;314.0;-5.0;-499.0;-241.0;-67.0
98.0;310.0;694.0;47.0;145.0;995.0;228.0;-1.0;-500.0;-172.0;-1.0
111.0;284.0;709.0;83.0;162.0;1008.0;417.0;-37.0;-508.0;-210.0;-10.0
118.0;271.0;744.0;232.0;151.0;982.0;724.0;-91.0;-509.0;-243.0;-60.0
91.0;363.0;626.0;497.0;165.0;947.0;196.0;66.0;-527.0;-271.0;-24.0
57.0;417.0;617.0;235.0;93.0;988.0;730.0;152.0;-558.0;-235.0;-105.0
65.0;423.0;617.0;425.0;76.0;978.0;558.0;189.0;-550.0;-260.0;143.0
140.0;314.0;683.0;456.0;79.0;982.0;656.0;-18.0;-544.0;-283.0;24.0
42.0;427.0;656.0;228.0;157.0;982.0;754.0;172.0;-550.0;-259.0;-117.0
10.0;239.0;1283.0;67.0;41.0;737.0;255.0;219.0;-5.0;-194.0;111.0
57.0;387.0;647.0;360.0;140.0;990.0;628.0;132.0;-498.0;-275.0;173.0
89.0;389.0;649.0;417.0;139.0;970.0;629.0;126.0;-537.0;-300.0;221.0
159.0;195.0;706.0;270.0;-21.0;1201.0;173.0;65.0;25.0;-439.0;67.0
70.0;388.0;648.0;386.0;134.0;955.0;628.0;135.0;-532.0;-322.0;142.0
158.0;223.0;705.0;495.0;109.0;953.0;771.0;-102.0;-429.0;-259.0;-106.0
137.0;285.0;642.0;292.0;112.0;968.0;220.0;10.0;-471.0;-215.0;-51.0
144.0;282.0;649.0;131.0;93.0;960.0;117.0;-22.0;-473.0;-202.0;-10.0
121.0;240.0;713.0;158.0;158.0;993.0;416.0;-50.0;-439.0;-172.0;-2.0
98.0;363.0;648.0;275.0;150.0;992.0;676.0;105.0;-523.0;-303.0;-52.0
93.0;356.0;650.0;362.0;125.0;939.0;614.0;85.0;-513.0;-319.0;110.0
70.0;363.0;643.0;344.0;143.0;950.0;618.0;86.0;-531.0;-330.0;93.0
64.0;367.0;644.0;350.0;146.0;971.0;619.0;96.0;-509.0;-338.0;117.0
83.0;317.0;625.0;215.0;156.0;974.0;618.0;32.0;-537.0;-314.0;178.0
122.0;247.0;693.0;408.0;49.0;932.0;768.0;-42.0;-466.0;-271.0;-5.0
127.0;294.0;654.0;410.0;103.0;1016.0;209.0;7.0;-446.0;-269.0;-107.0
115.0;308.0;647.0;267.0;56.0;995.0;152.0;22.0;-463.0;-237.0;-69.0
152.0;322.0;655.0;257.0;86.0;955.0;325.0;-8.0;-510.0;-257.0;-95.0
142.0;384.0;656.0;537.0;143.0;944.0;614.0;128.0;-530.0;-307.0;35.0
113.0;387.0;652.0;368.0;128.0;944.0;616.0;125.0;-530.0;-327.0;138.0
111.0;390.0;652.0;355.0;128.0;960.0;621.0;122.0;-541.0;-330.0;123.0
123.0;393.0;652.0;352.0;119.0;970.0;606.0;127.0;-525.0;-330.0;125.0
124.0;393.0;649.0;372.0;119.0;967.0;615.0;130.0;-537.0;-311.0;146.0
121.0;415.0;649.0;361.0;122.0;975.0;655.0;146.0;-552.0;-314.0;137.0
98.0;393.0;649.0;368.0;99.0;956.0;494.0;145.0;-526.0;-307.0;130.0
132.0;364.0;632.0;365.0;111.0;951.0;738.0;81.0;-537.0;-300.0;170.0
116.0;342.0;628.0;235.0;151.0;951.0;445.0;53.0;-523.0;-310.0;192.0
163.0;254.0;709.0;577.0;127.0;934.0;689.0;-82.0;-413.0;-385.0;-123.0
160.0;264.0;686.0;506.0;126.0;939.0;697.0;-64.0;-443.0;-333.0;-114.0
194.0;333.0;644.0;379.0;83.0;1001.0;202.0;58.0;-449.0;-240.0;-89.0
106.0;286.0;658.0;29.0;129.0;989.0;168.0;75.0;-432.0;-222.0;61.0
80.0;161.0;1071.0;172.0;62.0;980.0;411.0;72.0;54.0;-471.0;30.0
14.0;220.0;1071.0;157.0;94.0;990.0;390.0;92.0;293.0;-460.0;31.0
119.0;352.0;694.0;43.0;145.0;980.0;368.0;60.0;-550.0;-299.0;-106.0
83.0;400.0;657.0;410.0;84.0;949.0;663.0;110.0;-601.0;-363.0;135.0
69.0;423.0;669.0;457.0;78.0;940.0;660.0;123.0;-556.0;-349.0;136.0
-150.0;253.0;927.0;191.0;68.0;971.0;231.0;354.0;-157.0;-598.0;-6.0
71.0;269.0;936.0;-50.0;185.0;1059.0;178.0;144.0;-91.0;-532.0;121.0
-202.0;301.0;935.0;260.0;-51.0;765.0;286.0;162.0;30.0;-205.0;272.0
87.0;405.0;673.0;436.0;110.0;933.0;658.0;133.0;-543.0;-342.0;142.0
81.0;421.0;683.0;423.0;127.0;954.0;640.0;141.0;-565.0;-353.0;146.0
-17.0;284.0;697.0;347.0;26.0;852.0;410.0;92.0;100.0;-174.0;158.0
154.0;392.0;270.0;158.0;259.0;675.0;295.0;357.0;-227.0;-227.0;19.0
97.0;470.0;706.0;416.0;129.0;962.0;388.0;295.0;-548.0;-329.0;166.0
14.0;224.0;319.0;51.0;119.0;1055.0;318.0;345.0;251.0;-676.0;64.0
101.0;420.0;704.0;426.0;124.0;952.0;363.0;326.0;-521.0;-341.0;192.0
118.0;160.0;678.0;27.0;364.0;680.0;297.0;270.0;268.0;-292.0;-29.0
92.0;299.0;714.0;236.0;-53.0;1119.0;250.0;246.0;270.0;-503.0;195.0
144.0;264.0;679.0;589.0;111.0;933.0;715.0;-25.0;-415.0;-366.0;-50.0
128.0;92.0;756.0;142.0;75.0;884.0;304.0;115.0;149.0;-289.0;31.0
127.0;53.0;728.0;8.0;-62.0;1155.0;238.0;14.0;206.0;-523.0;172.0
128.0;266.0;670.0;558.0;106.0;948.0;694.0;-21.0;-437.0;-319.0;-45.0
327.0;211.0;615.0;145.0;32.0;1059.0;258.0;190.0;269.0;-664.0;158.0
73.0;-8.0;603.0;13.0;157.0;829.0;224.0;141.0;255.0;-410.0;-125.0
-72.0;104.0;549.0;127.0;74.0;908.0;248.0;133.0;214.0;-613.0;338.0
233.0;243.0;568.0;223.0;-17.0;898.0;582.0;93.0;-75.0;-267.0;164.0
-103.0;133.0;534.0;114.0;-18.0;1149.0;181.0;36.0;61.0;-463.0;104.0
-31.0;149.0;485.0;136.0;239.0;923.0;416.0;56.0;9.0;-439.0;237.0
-51.0;165.0;470.0;156.0;169.0;928.0;484.0;223.0;-47.0;-407.0;235.0
-103.0;215.0;378.0;190.0;78.0;876.0;313.0;217.0;-75.0;-320.0;269.0
5.0;236.0;389.0;16.0;24.0;726.0;291.0;132.0;190.0;-627.0;-35.0
-24.0;113.0;423.0;109.0;114.0;952.0;296.0;91.0;70.0;-303.0;19.0
63.0;70.0;423.0;97.0;95.0;909.0;245.0;-35.0;239.0;-318.0;50.0
181.0;-15.0;397.0;7.0;0.0;924.0;205.0;18.0;88.0;-295.0;9.0
-232.0;272.0;371.0;228.0;240.0;786.0;451.0;323.0;-212.0;-400.0;362.0
120.0;244.0;776.0;306.0;146.0;982.0;663.0;-39.0;-412.0;-262.0;-54.0
225.0;202.0;801.0;475.0;143.0;969.0;715.0;-123.0;-405.0;-259.0;-61.0
104.0;326.0;672.0;304.0;192.0;951.0;675.0;126.0;-449.0;-303.0;-81.0
67.0;46.0;786.0;-115.0;166.0;771.0;274.0;-36.0;36.0;-478.0;121.0
-120.0;104.0;811.0;-169.0;305.0;784.0;319.0;171.0;-195.0;-554.0;60.0
47.0;97.0;802.0;-74.0;152.0;940.0;244.0;74.0;53.0;-524.0;-73.0
118.0;321.0;668.0;385.0;162.0;932.0;656.0;119.0;-494.0;-363.0;-72.0
80.0;334.0;659.0;407.0;137.0;967.0;652.0;146.0;-444.0;-316.0;95.0
7.0;308.0;609.0;-52.0;110.0;818.0;196.0;219.0;-151.0;-550.0;145.0
-61.0;271.0;578.0;-58.0;166.0;711.0;318.0;177.0;-83.0;-580.0;46.0
70.0;333.0;655.0;406.0;132.0;959.0;661.0;132.0;-446.0;-309.0;106.0
67.0;340.0;663.0;397.0;120.0;971.0;627.0;169.0;-326.0;-306.0;140.0
43.0;324.0;661.0;409.0;158.0;969.0;407.0;97.0;-359.0;-283.0;125.0
68.0;191.0;657.0;413.0;189.0;959.0;205.0;80.0;-384.0;-319.0;105.0
-38.0;175.0;464.0;368.0;324.0;808.0;56.0;131.0;4.0;-651.0;161.0
143.0;108.0;675.0;650.0;61.0;970.0;917.0;12.0;-89.0;-263.0;4.0
125.0;105.0;672.0;647.0;41.0;966.0;845.0;11.0;-132.0;-286.0;-40.0
28.0;297.0;582.0;628.0;57.0;1060.0;778.0;307.0;-115.0;-449.0;-35.0
-204.0;304.0;519.0;598.0;-74.0;1045.0;314.0;186.0;-167.0;-714.0;-13.0
-208.0;273.0;534.0;292.0;-168.0;1092.0;247.0;12.0;18.0;-701.0;-8.0
129.0;121.0;665.0;711.0;50.0;946.0;844.0;32.0;-109.0;-332.0;-29.0
268.0;163.0;588.0;206.0;340.0;738.0;446.0;94.0;-30.0;-193.0;4.0
-22.0;87.0;631.0;378.0;-95.0;1205.0;473.0;-29.0;25.0;-520.0;201.0
116.0;120.0;664.0;676.0;39.0;968.0;881.0;50.0;-125.0;-282.0;-37.0
132.0;129.0;666.0;640.0;108.0;970.0;794.0;57.0;-121.0;-283.0;-7.0
74.0;174.0;629.0;396.0;53.0;984.0;305.0;153.0;-132.0;-277.0;46.0
87.0;183.0;636.0;288.0;41.0;979.0;209.0;160.0;-146.0;-268.0;52.0
-262.0;236.0;843.0;37.0;161.0;864.0;627.0;325.0;58.0;-496.0;-37.0
-176.0;95.0;1062.0;233.0;218.0;864.0;359.0;283.0;-290.0;-272.0;216.0
60.0;182.0;643.0;109.0;32.0;986.0;103.0;164.0;-142.0;-240.0;49.0
62.0;195.0;635.0;38.0;34.0;988.0;130.0;172.0;-133.0;-230.0;48.0
78.0;195.0;633.0;46.0;35.0;990.0;136.0;168.0;-133.0;-245.0;49.0
73.0;208.0;625.0;40.0;30.0;982.0;186.0;197.0;-151.0;-253.0;43.0
84.0;213.0;608.0;156.0;23.0;979.0;296.0;168.0;-171.0;-244.0;62.0
67.0;224.0;599.0;200.0;24.0;978.0;386.0;201.0;-161.0;-268.0;59.0
82.0;133.0;680.0;705.0;162.0;953.0;786.0;102.0;-142.0;-398.0;30.0
136.0;107.0;1093.0;92.0;-62.0;867.0;224.0;-3.0;-12.0;-290.0;9.0
45.0;221.0;778.0;36.0;48.0;896.0;451.0;149.0;90.0;-498.0;-67.0
151.0;70.0;695.0;193.0;254.0;819.0;238.0;112.0;130.0;-291.0;-47.0
181.0;50.0;685.0;165.0;148.0;849.0;178.0;91.0;102.0;-260.0;-77.0
224.0;34.0;630.0;178.0;24.0;885.0;196.0;-34.0;-41.0;-292.0;49.0
120.0;65.0;593.0;93.0;-26.0;1088.0;279.0;-44.0;-148.0;-712.0;355.0
161.0;97.0;432.0;195.0;130.0;956.0;252.0;-34.0;50.0;-317.0;-8.0
-33.0;217.0;378.0;181.0;8.0;991.0;273.0;197.0;-189.0;-456.0;177.0
-100.0;106.0;425.0;-19.0;-25.0;1116.0;199.0;26.0;-61.0;-339.0;154.0
215.0;154.0;414.0;359.0;27.0;937.0;217.0;61.0;12.0;-575.0;167.0
-90.0;136.0;444.0;235.0;27.0;1157.0;350.0;201.0;-308.0;-511.0;-50.0
-95.0;278.0;561.0;374.0;178.0;868.0;929.0;339.0;-288.0;-377.0;122.0
172.0;239.0;666.0;57.0;77.0;933.0;380.0;325.0;-191.0;-442.0;-190.0
92.0;207.0;704.0;-90.0;119.0;897.0;296.0;139.0;-133.0;-376.0;-291.0
66.0;101.0;766.0;-138.0;213.0;899.0;200.0;-49.0;-106.0;-417.0;-238.0
80.0;87.0;823.0;-45.0;159.0;901.0;167.0;-1.0;50.0;-415.0;-178.0
109.0;56.0;831.0;31.0;179.0;897.0;159.0;60.0;66.0;-466.0;-126.0
178.0;58.0;672.0;419.0;107.0;931.0;379.0;-30.0;-132.0;-338.0;-197.0
193.0;52.0;671.0;155.0;131.0;963.0;833.0;-53.0;-82.0;-338.0;-104.0
41.0;121.0;804.0;397.0;217.0;955.0;572.0;225.0;-372.0;-301.0;70.0
129.0;253.0;743.0;-304.0;225.0;848.0;746.0;372.0;38.0;-477.0;32.0
97.0;304.0;630.0;275.0;248.0;830.0;171.0;192.0;-530.0;-535.0;289.0
225.0;62.0;665.0;556.0;127.0;920.0;862.0;-34.0;-110.0;-384.0;-147.0
183.0;505.0;744.0;42.0;163.0;943.0;761.0;17.0;-154.0;-340.0;-42.0
181.0;172.0;673.0;639.0;79.0;944.0;839.0;62.0;-94.0;-367.0;-116.0
99.0;124.0;738.0;776.0;243.0;971.0;667.0;171.0;-75.0;-400.0;-46.0
39.0;108.0;742.0;47.0;281.0;951.0;173.0;185.0;-49.0;-353.0;-29.0
29.0;97.0;728.0;63.0;296.0;924.0;323.0;213.0;-44.0;-397.0;-19.0
21.0;95.0;729.0;15.0;303.0;934.0;283.0;208.0;-2.0;-392.0;-27.0
89.0;-69.0;760.0;354.0;201.0;959.0;245.0;-6.0;-152.0;-219.0;22.0
-9.0;102.0;719.0;-30.0;300.0;932.0;341.0;202.0;-22.0;-436.0;-53.0
-8.0;97.0;718.0;-10.0;305.0;944.0;222.0;193.0;-28.0;-442.0;-19.0
17.0;100.0;718.0;-52.0;304.0;918.0;304.0;199.0;-12.0;-436.0;-30.0
11.0;126.0;712.0;50.0;320.0;916.0;412.0;262.0;-62.0;-457.0;-45.0
-3.0;120.0;713.0;26.0;321.0;919.0;348.0;178.0;-62.0;-446.0;-59.0
20.0;155.0;710.0;97.0;322.0;904.0;210.0;237.0;-86.0;-420.0;-10.0
-8.0;245.0;698.0;65.0;290.0;942.0;330.0;190.0;-174.0;-420.0;-58.0
107.0;517.0;718.0;-300.0;239.0;914.0;20.0;422.0;-496.0;-418.0;-106.0
6.0;19.0;718.0;40.0;205.0;971.0;346.0;351.0;-88.0;-312.0;8.0
19.0;140.0;719.0;204.0;250.0;990.0;415.0;336.0;237.0;-322.0;13.0
10.0;188.0;730.0;166.0;295.0;934.0;504.0;233.0;43.0;-397.0;-7.0
31.0;195.0;730.0;208.0;295.0;932.0;472.0;231.0;1.0;-397.0;-4.0
21.0;203.0;730.0;329.0;291.0;932.0;544.0;234.0;13.0;-385.0;-10.0
20.0;206.0;728.0;367.0;291.0;941.0;642.0;242.0;-10.0;-378.0;-1.0
19.0;205.0;730.0;647.0;282.0;935.0;613.0;240.0;-1.0;-384.0;-7.0
19.0;15.0;700.0;256.0;197.0;960.0;455.0;271.0;67.0;-346.0;-8.0
46.0;237.0;694.0;199.0;153.0;961.0;540.0;273.0;91.0;-300.0;-49.0
114.0;161.0;664.0;312.0;129.0;950.0;577.0;242.0;4.0;-289.0;20.0
165.0;178.0;662.0;155.0;108.0;949.0;589.0;223.0;-88.0;-329.0;-6.0
-215.0;93.0;299.0;591.0;162.0;950.0;522.0;195.0;192.0;-235.0;201.0
-4.0;-67.0;221.0;577.0;39.0;945.0;642.0;196.0;-182.0;-263.0;100.0
130.0;196.0;663.0;319.0;103.0;961.0;-67.0;186.0;89.0;-279.0;-19.0
3.0;80.0;305.0;105.0;106.0;917.0;369.0;189.0;4.0;-388.0;37.0
174.0;421.0;639.0;174.0;127.0;896.0;925.0;337.0;-332.0;-423.0;2.0
159.0;406.0;630.0;206.0;134.0;885.0;841.0;335.0;-484.0;-439.0;27.0
23.0;536.0;630.0;219.0;-65.0;960.0;372.0;142.0;-156.0;-317.0;89.0
138.0;651.0;648.0;214.0;115.0;989.0;546.0;352.0;-268.0;-229.0;38.0
73.0;229.0;497.0;446.0;205.0;879.0;950.0;339.0;87.0;-394.0;168.0
297.0;276.0;370.0;462.0;86.0;982.0;703.0;-29.0;-77.0;-332.0;-130.0
155.0;303.0;461.0;576.0;192.0;895.0;663.0;47.0;-215.0;-482.0;-31.0
-114.0;131.0;559.0;581.0;378.0;707.0;777.0;276.0;-250.0;-713.0;156.0
-130.0;174.0;563.0;587.0;377.0;728.0;615.0;301.0;-266.0;-680.0;163.0
-121.0;107.0;565.0;563.0;358.0;726.0;786.0;324.0;-254.0;-712.0;197.0
-60.0;148.0;613.0;768.0;200.0;790.0;701.0;195.0;-34.0;-522.0;336.0
158.0;527.0;305.0;460.0;214.0;948.0;694.0;114.0;-228.0;-308.0;-26.0
11.0;128.0;424.0;345.0;84.0;638.0;724.0;71.0;223.0;-546.0;72.0
25.0;97.0;592.0;439.0;221.0;868.0;457.0;114.0;143.0;-594.0;149.0
78.0;133.0;586.0;368.0;206.0;867.0;475.0;132.0;179.0;-559.0;115.0
134.0;167.0;560.0;366.0;92.0;880.0;424.0;132.0;99.0;-489.0;201.0
-302.0;120.0;842.0;339.0;32.0;936.0;317.0;120.0;158.0;-571.0;318.0
-116.0;190.0;824.0;416.0;128.0;866.0;473.0;115.0;226.0;-468.0;254.0
68.0;154.0;590.0;382.0;-94.0;923.0;642.0;97.0;138.0;-558.0;-11.0
174.0;148.0;543.0;298.0;96.0;867.0;491.0;102.0;100.0;-450.0;218.0
-155.0;162.0;595.0;647.0;215.0;860.0;619.0;265.0;57.0;-517.0;286.0
-178.0;241.0;625.0;544.0;238.0;824.0;854.0;342.0;9.0;-555.0;232.0
-178.0;219.0;635.0;526.0;245.0;811.0;755.0;335.0;17.0;-571.0;219.0
-195.0;206.0;640.0;701.0;249.0;812.0;630.0;328.0;-11.0;-579.0;236.0
-198.0;210.0;644.0;531.0;254.0;801.0;703.0;334.0;-31.0;-570.0;259.0
-149.0;252.0;567.0;417.0;153.0;904.0;570.0;293.0;-123.0;-420.0;241.0
252.0;128.0;501.0;95.0;41.0;916.0;284.0;50.0;132.0;-383.0;105.0
279.0;120.0;502.0;125.0;41.0;933.0;279.0;52.0;142.0;-383.0;125.0
273.0;123.0;498.0;96.0;46.0;942.0;275.0;55.0;123.0;-392.0;107.0
-124.0;240.0;598.0;344.0;145.0;885.0;647.0;297.0;61.0;-474.0;214.0
-164.0;232.0;595.0;376.0;133.0;868.0;604.0;309.0;41.0;-469.0;221.0
-142.0;225.0;596.0;395.0;132.0;903.0;555.0;308.0;51.0;-491.0;221.0
-114.0;254.0;594.0;378.0;119.0;855.0;596.0;293.0;51.0;-507.0;188.0
-118.0;222.0;595.0;281.0;106.0;857.0;584.0;278.0;145.0;-469.0;134.0
-93.0;225.0;595.0;225.0;112.0;880.0;655.0;265.0;-70.0;-428.0;83.0
-41.0;194.0;572.0;96.0;84.0;951.0;363.0;222.0;82.0;-358.0;58.0
-37.0;269.0;557.0;107.0;64.0;927.0;420.0;155.0;-16.0;-363.0;58.0
-12.0;220.0;556.0;69.0;66.0;951.0;395.0;186.0;-57.0;-365.0;69.0
-62.0;149.0;559.0;185.0;78.0;953.0;265.0;179.0;-193.0;-333.0;51.0
-57.0;244.0;565.0;192.0;56.0;959.0;343.0;153.0;-1.0;-362.0;79.0
-96.0;193.0;568.0;164.0;68.0;956.0;382.0;208.0;-147.0;-392.0;140.0
-100.0;193.0;567.0;192.0;84.0;928.0;417.0;214.0;37.0;-447.0;79.0
-71.0;172.0;569.0;233.0;70.0;929.0;372.0;220.0;4.0;-412.0;101.0
-55.0;193.0;569.0;243.0;67.0;920.0;352.0;206.0;-92.0;-400.0;91.0
-81.0;254.0;577.0;236.0;94.0;942.0;462.0;251.0;-182.0;-381.0;88.0
-109.0;226.0;577.0;333.0;92.0;987.0;452.0;222.0;-3.0;-327.0;103.0
-81.0;223.0;575.0;347.0;90.0;987.0;447.0;226.0;7.0;-334.0;108.0
-99.0;229.0;578.0;350.0;93.0;946.0;467.0;230.0;-23.0;-340.0;87.0
-111.0;232.0;581.0;322.0;138.0;891.0;456.0;261.0;-80.0;-416.0;159.0
-101.0;241.0;585.0;270.0;116.0;896.0;620.0;251.0;-42.0;-444.0;144.0
-91.0;231.0;597.0;329.0;156.0;884.0;656.0;271.0;-29.0;-466.0;128.0
-105.0;242.0;598.0;388.0;151.0;914.0;630.0;265.0;-54.0;-491.0;135.0
-119.0;236.0;597.0;370.0;160.0;895.0;633.0;286.0;6.0;-433.0;139.0
-7.0;219.0;584.0;303.0;117.0;924.0;396.0;255.0;278.0;-398.0;51.0
58.0;189.0;491.0;99.0;72.0;951.0;260.0;68.0;126.0;-300.0;163.0
52.0;214.0;416.0;310.0;-63.0;1138.0;371.0;199.0;56.0;-224.0;218.0
75.0;227.0;412.0;104.0;55.0;976.0;426.0;162.0;191.0;-159.0;144.0
17.0;227.0;416.0;157.0;3.0;928.0;460.0;160.0;182.0;-160.0;144.0
162.0;152.0;495.0;130.0;12.0;949.0;272.0;132.0;96.0;-352.0;142.0
207.0;204.0;490.0;136.0;56.0;950.0;295.0;118.0;38.0;-359.0;132.0
217.0;196.0;488.0;87.0;52.0;948.0;306.0;100.0;26.0;-345.0;142.0
192.0;201.0;487.0;84.0;46.0;936.0;300.0;121.0;52.0;-351.0;114.0
176.0;165.0;493.0;154.0;43.0;929.0;314.0;112.0;169.0;-329.0;172.0
150.0;163.0;492.0;134.0;38.0;933.0;339.0;118.0;41.0;-341.0;178.0
166.0;178.0;508.0;142.0;75.0;920.0;325.0;147.0;72.0;-350.0;133.0
181.0;176.0;505.0;136.0;57.0;942.0;300.0;141.0;81.0;-390.0;125.0
215.0;168.0;498.0;144.0;53.0;943.0;297.0;145.0;88.0;-372.0;121.0
216.0;161.0;492.0;114.0;58.0;932.0;298.0;142.0;89.0;-370.0;115.0
217.0;152.0;519.0;152.0;108.0;978.0;246.0;133.0;124.0;-333.0;134.0
223.0;163.0;521.0;125.0;112.0;970.0;205.0;105.0;182.0;-317.0;144.0
186.0;141.0;493.0;113.0;6.0;927.0;248.0;138.0;71.0;-344.0;159.0
194.0;234.0;491.0;89.0;28.0;970.0;258.0;131.0;115.0;-289.0;140.0
247.0;153.0;480.0;74.0;38.0;942.0;309.0;105.0;122.0;-321.0;135.0
230.0;149.0;494.0;100.0;28.0;981.0;257.0;90.0;168.0;-295.0;126.0
218.0;151.0;481.0;149.0;15.0;956.0;339.0;74.0;109.0;-316.0;137.0
219.0;155.0;479.0;69.0;16.0;930.0;327.0;92.0;114.0;-346.0;120.0
210.0;157.0;489.0;126.0;35.0;931.0;277.0;85.0;152.0;-370.0;124.0
216.0;151.0;491.0;125.0;45.0;951.0;284.0;92.0;190.0;-361.0;120.0
240.0;157.0;493.0;116.0;41.0;956.0;298.0;90.0;128.0;-324.0;131.0
215.0;149.0;484.0;117.0;35.0;937.0;304.0;103.0;176.0;-343.0;133.0
225.0;148.0;487.0;127.0;30.0;942.0;275.0;102.0;168.0;-352.0;125.0
149.0;219.0;526.0;141.0;179.0;895.0;384.0;213.0;-55.0;-288.0;17.0
139.0;223.0;534.0;201.0;-46.0;1029.0;320.0;75.0;129.0;-377.0;19.0
101.0;190.0;530.0;181.0;29.0;941.0;212.0;-8.0;221.0;-270.0;51.0
83.0;154.0;539.0;182.0;-23.0;933.0;305.0;74.0;219.0;-303.0;63.0
94.0;136.0;544.0;170.0;-46.0;957.0;351.0;8.0;303.0;-310.0;82.0
78.0;188.0;541.0;89.0;-68.0;948.0;388.0;27.0;311.0;-314.0;30.0
92.0;30.0;533.0;157.0;3.0;1020.0;256.0;26.0;131.0;-299.0;24.0
44.0;243.0;532.0;204.0;6.0;966.0;348.0;39.0;174.0;-343.0;26.0
35.0;154.0;547.0;156.0;67.0;950.0;341.0;101.0;73.0;-362.0;71.0
11.0;192.0;554.0;165.0;77.0;932.0;347.0;112.0;9.0;-390.0;86.0
-16.0;160.0;568.0;145.0;97.0;933.0;285.0;140.0;29.0;-431.0;58.0
-59.0;287.0;576.0;180.0;109.0;903.0;279.0;144.0;70.0;-416.0;98.0
-17.0;186.0;568.0;166.0;146.0;895.0;342.0;46.0;-179.0;-420.0;86.0
-17.0;192.0;571.0;116.0;114.0;915.0;308.0;134.0;47.0;-418.0;78.0
41.0;146.0;566.0;148.0;118.0;942.0;294.0;51.0;144.0;-380.0;48.0
-1.0;204.0;556.0;169.0;80.0;958.0;340.0;68.0;46.0;-353.0;69.0
20.0;174.0;555.0;180.0;64.0;962.0;339.0;78.0;57.0;-357.0;86.0
-16.0;243.0;569.0;162.0;104.0;920.0;312.0;118.0;134.0;-401.0;84.0
279.0;124.0;503.0;94.0;51.0;931.0;274.0;56.0;143.0;-379.0;106.0
-13.0;-117.0;545.0;240.0;-31.0;973.0;272.0;181.0;77.0;-305.0;71.0
-51.0;-43.0;536.0;220.0;31.0;944.0;350.0;150.0;274.0;-337.0;55.0
-35.0;-67.0;540.0;165.0;40.0;967.0;355.0;48.0;-90.0;-297.0;78.0
-13.0;35.0;528.0;167.0;18.0;937.0;330.0;53.0;-296.0;-264.0;150.0
269.0;120.0;505.0;91.0;52.0;931.0;266.0;50.0;136.0;-378.0;116.0
128.0;712.0;539.0;216.0;6.0;971.0;448.0;268.0;74.0;-253.0;47.0
147.0;94.0;476.0;99.0;57.0;888.0;342.0;-29.0;91.0;-428.0;71.0
303.0;137.0;516.0;52.0;93.0;953.0;380.0;47.0;88.0;-405.0;34.0
-34.0;101.0;521.0;210.0;-10.0;1108.0;365.0;2.0;328.0;-214.0;-3.0
64.0;120.0;510.0;101.0;-19.0;969.0;266.0;-19.0;189.0;-252.0;-49.0
78.0;155.0;495.0;221.0;2.0;1007.0;350.0;22.0;78.0;-277.0;91.0
9.0;137.0;514.0;196.0;32.0;954.0;334.0;32.0;54.0;-306.0;58.0
25.0;143.0;523.0;167.0;47.0;963.0;326.0;36.0;121.0;-309.0;59.0
5.0;156.0;527.0;174.0;52.0;970.0;318.0;38.0;142.0;-311.0;38.0
5.0;154.0;532.0;189.0;48.0;978.0;343.0;53.0;128.0;-305.0;59.0
-11.0;142.0;533.0;176.0;54.0;970.0;340.0;39.0;132.0;-311.0;66.0
-1.0;149.0;532.0;170.0;50.0;968.0;324.0;45.0;99.0;-303.0;67.0
0.0;148.0;532.0;173.0;54.0;962.0;323.0;43.0;116.0;-303.0;63.0
0.0;142.0;533.0;156.0;52.0;974.0;322.0;44.0;116.0;-305.0;61.0
-38.0;148.0;531.0;194.0;56.0;968.0;328.0;48.0;115.0;-317.0;84.0
-36.0;164.0;532.0;165.0;56.0;963.0;329.0;57.0;112.0;-344.0;64.0
0.0;150.0;529.0;184.0;46.0;953.0;323.0;51.0;99.0;-326.0;67.0
-20.0;144.0;529.0;177.0;50.0;970.0;319.0;60.0;111.0;-319.0;58.0
-21.0;156.0;526.0;168.0;48.0;970.0;327.0;61.0;99.0;-318.0;67.0
-32.0;157.0;527.0;160.0;47.0;980.0;326.0;62.0;111.0;-311.0;66.0
-37.0;167.0;526.0;190.0;50.0;966.0;328.0;63.0;99.0;-317.0;87.0
-30.0;148.0;525.0;173.0;42.0;953.0;327.0;45.0;96.0;-317.0;79.0
-71.0;157.0;530.0;165.0;58.0;956.0;323.0;64.0;87.0;-314.0;85.0
-59.0;151.0;535.0;184.0;68.0;953.0;324.0;59.0;90.0;-316.0;80.0
-44.0;155.0;537.0;185.0;73.0;960.0;319.0;65.0;84.0;-323.0;79.0
-31.0;152.0;537.0;180.0;75.0;960.0;320.0;64.0;95.0;-337.0;94.0
-41.0;152.0;535.0;174.0;70.0;970.0;319.0;67.0;131.0;-350.0;86.0
-21.0;171.0;535.0;166.0;69.0;949.0;322.0;71.0;80.0;-335.0;85.0
-63.0;210.0;524.0;172.0;57.0;951.0;347.0;89.0;121.0;-359.0;77.0
-41.0;191.0;526.0;164.0;64.0;952.0;346.0;89.0;142.0;-350.0;66.0
-50.0;145.0;526.0;159.0;68.0;954.0;343.0;59.0;93.0;-339.0;81.0
-51.0;162.0;527.0;145.0;45.0;954.0;345.0;65.0;141.0;-304.0;75.0
-44.0;147.0;526.0;183.0;61.0;940.0;374.0;61.0;120.0;-334.0;83.0
-44.0;164.0;529.0;146.0;74.0;970.0;319.0;61.0;116.0;-323.0;65.0
-52.0;164.0;512.0;208.0;-3.0;963.0;375.0;46.0;91.0;-270.0;114.0
-11.0;171.0;516.0;204.0;8.0;1019.0;360.0;49.0;107.0;-275.0;131.0
60.0;68.0;502.0;174.0;45.0;969.0;371.0;-1.0;40.0;-307.0;27.0
-1.0;118.0;490.0;207.0;31.0;836.0;341.0;31.0;180.0;-228.0;105.0
203.0;244.0;505.0;263.0;-74.0;978.0;376.0;34.0;108.0;-299.0;234.0
152.0;154.0;518.0;85.0;19.0;923.0;359.0;31.0;112.0;-319.0;153.0
159.0;166.0;505.0;182.0;24.0;954.0;300.0;78.0;81.0;-320.0;165.0
60.0;180.0;500.0;218.0;69.0;845.0;304.0;97.0;66.0;-500.0;195.0
-78.0;137.0;599.0;37.0;253.0;697.0;252.0;212.0;59.0;-681.0;231.0
240.0;119.0;505.0;87.0;54.0;926.0;275.0;57.0;122.0;-409.0;106.0
258.0;113.0;506.0;97.0;54.0;921.0;258.0;44.0;170.0;-389.0;95.0
263.0;111.0;507.0;96.0;55.0;932.0;260.0;45.0;150.0;-381.0;106.0
271.0;112.0;507.0;92.0;55.0;917.0;263.0;40.0;146.0;-388.0;89.0
265.0;123.0;508.0;109.0;53.0;928.0;279.0;48.0;171.0;-379.0;92.0
262.0;119.0;508.0;88.0;53.0;926.0;262.0;47.0;132.0;-390.0;108.0
253.0;119.0;504.0;103.0;54.0;931.0;269.0;53.0;144.0;-388.0;106.0
248.0;118.0;507.0;98.0;51.0;921.0;275.0;50.0;155.0;-393.0;117.0
241.0;118.0;507.0;104.0;55.0;932.0;270.0;57.0;114.0;-391.0;105.0
262.0;117.0;508.0;87.0;59.0;925.0;263.0;51.0;134.0;-390.0;109.0
-151.0;91.0;641.0;-87.0;555.0;512.0;75.0;298.0;119.0;-829.0;266.0
93.0;113.0;587.0;158.0;288.0;1019.0;246.0;156.0;160.0;-429.0;158.0
109.0;124.0;514.0;297.0;106.0;946.0;276.0;112.0;57.0;-265.0;184.0
226.0;120.0;488.0;136.0;38.0;943.0;443.0;58.0;165.0;-341.0;174.0
221.0;166.0;515.0;97.0;6.0;980.0;272.0;72.0;114.0;-337.0;131.0
217.0;155.0;520.0;128.0;55.0;940.0;341.0;64.0;130.0;-395.0;187.0
193.0;135.0;525.0;101.0;25.0;943.0;396.0;74.0;32.0;-368.0;181.0
209.0;154.0;547.0;129.0;25.0;933.0;302.0;95.0;104.0;-365.0;128.0
255.0;108.0;517.0;162.0;26.0;937.0;340.0;31.0;120.0;-350.0;130.0
239.0;118.0;516.0;111.0;61.0;920.0;267.0;43.0;125.0;-377.0;117.0
262.0;120.0;519.0;125.0;45.0;943.0;274.0;52.0;110.0;-380.0;117.0
254.0;129.0;516.0;110.0;48.0;953.0;291.0;33.0;122.0;-350.0;133.0
266.0;134.0;514.0;89.0;44.0;947.0;288.0;56.0;128.0;-387.0;122.0
253.0;132.0;503.0;105.0;46.0;935.0;309.0;54.0;133.0;-383.0;113.0
273.0;128.0;499.0;117.0;44.0;931.0;275.0;48.0;127.0;-375.0;116.0
264.0;125.0;506.0;107.0;43.0;941.0;272.0;48.0;144.0;-401.0;105.0
253.0;131.0;508.0;116.0;44.0;938.0;269.0;51.0;150.0;-378.0;117.0
264.0;131.0;508.0;116.0;55.0;947.0;286.0;60.0;123.0;-374.0;127.0
262.0;135.0;506.0;111.0;53.0;940.0;278.0;59.0;150.0;-395.0;103.0
262.0;122.0;506.0;95.0;52.0;930.0;286.0;49.0;134.0;-378.0;129.0
263.0;125.0;506.0;117.0;51.0;925.0;282.0;52.0;142.0;-365.0;124.0
253.0;131.0;505.0;102.0;49.0;937.0;275.0;56.0;145.0;-411.0;110.0
19.0;474.0;580.0;590.0;114.0;965.0;713.0;349.0;-480.0;-296.0;111.0
210.0;-52.0;306.0;202.0;-12.0;1299.0;291.0;166.0;-112.0;-438.0;288.0
-27.0;520.0;406.0;-77.0;-205.0;922.0;54.0;177.0;-672.0;-425.0;61.0
-33.0;352.0;616.0;631.0;80.0;938.0;515.0;53.0;-595.0;-327.0;23.0
124.0;-219.0;672.0;387.0;-44.0;978.0;517.0;-93.0;252.0;-111.0;122.0
212.0;150.0;980.0;22.0;6.0;869.0;395.0;107.0;322.0;-676.0;52.0
-15.0;501.0;475.0;465.0;-145.0;920.0;848.0;107.0;-657.0;-419.0;-17.0
132.0;340.0;1022.0;139.0;135.0;682.0;316.0;-131.0;150.0;-238.0;38.0
-48.0;307.0;587.0;362.0;18.0;957.0;994.0;388.0;-344.0;-364.0;65.0
-125.0;312.0;508.0;-78.0;173.0;819.0;-17.0;371.0;-58.0;-414.0;292.0
41.0;219.0;536.0;-155.0;-36.0;1008.0;-65.0;331.0;-191.0;-240.0;77.0
204.0;18.0;558.0;113.0;198.0;1046.0;100.0;-80.0;167.0;-669.0;-43.0
121.0;124.0;949.0;13.0;6.0;429.0;161.0;32.0;214.0;-259.0;-58.0
-165.0;272.0;623.0;909.0;196.0;844.0;868.0;363.0;0.0;-545.0;298.0
-122.0;440.0;345.0;70.0;440.0;769.0;740.0;234.0;-61.0;-227.0;122.0
67.0;-62.0;582.0;242.0;-69.0;964.0;1021.0;92.0;115.0;-378.0;-5.0
-65.0;325.0;567.0;322.0;77.0;915.0;-43.0;172.0;-541.0;-403.0;77.0
-280.0;105.0;666.0;778.0;199.0;964.0;685.0;283.0;-164.0;-449.0;351.0
320.0;47.0;841.0;122.0;303.0;612.0;136.0;66.0;276.0;-248.0;10.0
-147.0;-547.0;328.0;347.0;479.0;650.0;644.0;306.0;783.0;-730.0;268.0
566.0;94.0;796.0;47.0;-8.0;939.0;247.0;65.0;19.0;-402.0;187.0
-114.0;114.0;615.0;824.0;215.0;780.0;802.0;242.0;-38.0;-519.0;350.0
-207.0;748.0;364.0;441.0;-71.0;930.0;576.0;227.0;248.0;-276.0;212.0
241.0;0.0;902.0;-139.0;289.0;812.0;19.0;47.0;197.0;-631.0;-69.0
-286.0;204.0;759.0;249.0;309.0;718.0;543.0;564.0;-117.0;-643.0;355.0
-162.0;216.0;557.0;565.0;350.0;994.0;886.0;475.0;166.0;-371.0;93.0
135.0;66.0;894.0;-20.0;121.0;886.0;-68.0;114.0;51.0;-289.0;-63.0
-87.0;157.0;666.0;784.0;299.0;752.0;988.0;299.0;97.0;-605.0;305.0
92.0;174.0;1015.0;-61.0;408.0;694.0;244.0;287.0;86.0;-323.0;27.0
-461.0;277.0;748.0;407.0;59.0;882.0;414.0;172.0;-96.0;-810.0;-133.0
180.0;151.0;419.0;659.0;225.0;908.0;905.0;320.0;-274.0;-492.0;41.0
-127.0;228.0;1013.0;251.0;53.0;995.0;230.0;384.0;106.0;-746.0;292.0
-215.0;361.0;495.0;479.0;301.0;630.0;778.0;577.0;-264.0;-707.0;439.0
67.0;246.0;853.0;248.0;8.0;952.0;202.0;208.0;431.0;-235.0;200.0
38.0;239.0;976.0;-24.0;220.0;921.0;327.0;396.0;366.0;-317.0;11.0
-215.0;-429.0;496.0;213.0;4.0;926.0;479.0;54.0;530.0;-346.0;249.0
40.0;349.0;579.0;515.0;100.0;960.0;778.0;46.0;-597.0;-271.0;125.0
-48.0;309.0;627.0;581.0;117.0;935.0;912.0;21.0;-573.0;-368.0;46.0
178.0;93.0;1377.0;232.0;-65.0;1143.0;188.0;-137.0;131.0;-365.0;35.0
-164.0;190.0;545.0;643.0;385.0;661.0;763.0;279.0;-194.0;-738.0;30.0
69.0;112.0;1167.0;224.0;-66.0;937.0;211.0;96.0;144.0;-258.0;169.0
-149.0;302.0;504.0;554.0;229.0;793.0;817.0;-36.0;-328.0;-687.0;-63.0
-34.0;150.0;410.0;191.0;-61.0;1234.0;343.0;110.0;207.0;-732.0;-59.0
102.0;369.0;729.0;444.0;208.0;988.0;816.0;-28.0;-732.0;-338.0;4.0
-171.0;268.0;496.0;409.0;123.0;977.0;1061.0;309.0;-320.0;-369.0;131.0
90.0;83.0;606.0;120.0;510.0;1133.0;186.0;222.0;122.0;-806.0;166.0
-24.0;347.0;581.0;709.0;112.0;951.0;514.0;28.0;-518.0;-396.0;-37.0
286.0;170.0;1062.0;285.0;2.0;941.0;329.0;144.0;-264.0;-748.0;104.0
-189.0;536.0;487.0;486.0;17.0;972.0;602.0;364.0;-645.0;-195.0;299.0
60.0;-280.0;677.0;795.0;54.0;987.0;742.0;87.0;82.0;-747.0;251.0
-196.0;317.0;122.0;507.0;642.0;394.0;756.0;326.0;-628.0;-858.0;201.0
69.0;173.0;1137.0;-177.0;144.0;906.0;186.0;122.0;-22.0;-423.0;69.0
132.0;496.0;641.0;355.0;132.0;961.0;600.0;305.0;-608.0;-274.0;66.0
142.0;717.0;636.0;413.0;138.0;968.0;543.0;408.0;-506.0;-280.0;79.0
-160.0;255.0;810.0;496.0;-25.0;1308.0;722.0;230.0;67.0;-590.0;-66.0
-168.0;233.0;920.0;248.0;-35.0;1290.0;126.0;16.0;85.0;-360.0;67.0
132.0;317.0;684.0;554.0;81.0;988.0;796.0;-15.0;-513.0;-233.0;-8.0
105.0;272.0;704.0;568.0;125.0;977.0;788.0;-63.0;-503.0;-273.0;-84.0
-232.0;-133.0;595.0;514.0;486.0;771.0;850.0;72.0;-21.0;-591.0;260.0
54.0;397.0;655.0;278.0;132.0;1007.0;796.0;94.0;-562.0;-219.0;-48.0
454.0;80.0;1016.0;185.0;-45.0;1111.0;311.0;140.0;80.0;-391.0;134.0
-119.0;91.0;373.0;232.0;432.0;672.0;273.0;57.0;-427.0;-630.0;37.0
7.0;187.0;645.0;110.0;-146.0;1166.0;302.0;178.0;282.0;-735.0;81.0
-7.0;364.0;593.0;370.0;-16.0;970.0;194.0;198.0;-609.0;-240.0;106.0
-80.0;119.0;1023.0;269.0;84.0;1249.0;162.0;9.0;97.0;-434.0;-7.0
-144.0;463.0;366.0;580.0;426.0;705.0;216.0;-52.0;-271.0;-718.0;98.0
172.0;224.0;704.0;575.0;104.0;969.0;787.0;-93.0;-435.0;-298.0;-137.0
135.0;279.0;653.0;11.0;79.0;999.0;51.0;-12.0;-438.0;-218.0;-18.0
107.0;285.0;665.0;-29.0;115.0;1003.0;120.0;-10.0;-459.0;-216.0;-19.0
-33.0;525.0;611.0;604.0;54.0;992.0;720.0;459.0;-489.0;-206.0;145.0
-7.0;538.0;364.0;738.0;-148.0;897.0;812.0;364.0;-593.0;-428.0;240.0
-287.0;189.0;219.0;115.0;452.0;610.0;796.0;443.0;-64.0;-674.0;421.0
114.0;280.0;667.0;-23.0;104.0;1001.0;105.0;-5.0;-451.0;-215.0;-7.0
-48.0;280.0;273.0;-128.0;113.0;818.0;848.0;197.0;-120.0;-340.0;57.0
-61.0;-191.0;658.0;411.0;632.0;546.0;635.0;40.0;82.0;-850.0;-54.0
-93.0;-151.0;-39.0;295.0;751.0;426.0;557.0;355.0;397.0;-811.0;375.0
-128.0;-395.0;551.0;620.0;380.0;726.0;782.0;24.0;520.0;-710.0;34.0
112.0;286.0;666.0;-26.0;106.0;1010.0;122.0;-17.0;-455.0;-201.0;-16.0
56.0;418.0;606.0;371.0;80.0;948.0;707.0;46.0;-796.0;-271.0;89.0
-94.0;60.0;510.0;267.0;406.0;787.0;846.0;534.0;-206.0;-625.0;172.0
21.0;582.0;591.0;88.0;104.0;970.0;333.0;145.0;-756.0;-292.0;96.0
-2.0;41.0;479.0;486.0;319.0;909.0;626.0;308.0;433.0;-398.0;-181.0
-271.0;105.0;590.0;815.0;232.0;749.0;514.0;268.0;-189.0;-401.0;346.0
116.0;87.0;1127.0;-17.0;90.0;820.0;260.0;26.0;141.0;-362.0;-95.0
149.0;194.0;320.0;-218.0;133.0;961.0;342.0;102.0;92.0;-541.0;-56.0
-55.0;204.0;516.0;720.0;45.0;935.0;887.0;179.0;-353.0;-378.0;141.0
-18.0;424.0;505.0;13.0;-27.0;929.0;479.0;233.0;-645.0;-447.0;94.0
-18.0;573.0;592.0;121.0;115.0;939.0;492.0;187.0;-794.0;-347.0;137.0
153.0;219.0;713.0;625.0;143.0;991.0;823.0;-90.0;-410.0;-226.0;10.0
123.0;260.0;701.0;661.0;126.0;939.0;829.0;-41.0;-435.0;-333.0;-113.0
225.0;120.0;1035.0;397.0;128.0;877.0;15.0;-41.0;35.0;-377.0;28.0
-165.0;-583.0;581.0;858.0;242.0;878.0;925.0;257.0;719.0;-511.0;229.0
85.0;312.0;641.0;94.0;51.0;1012.0;16.0;27.0;-455.0;-204.0;-32.0
-72.0;439.0;536.0;215.0;18.0;948.0;326.0;195.0;-704.0;-403.0;24.0
7.0;302.0;1127.0;130.0;-285.0;888.0;113.0;45.0;592.0;-619.0;310.0
121.0;309.0;657.0;12.0;75.0;990.0;113.0;15.0;-458.0;-144.0;-14.0
290.0;492.0;466.0;101.0;15.0;1009.0;464.0;226.0;-882.0;-290.0;-10.0
51.0;224.0;750.0;79.0;152.0;939.0;-79.0;138.0;-218.0;-362.0;-188.0
180.0;130.0;711.0;787.0;152.0;940.0;718.0;61.0;-130.0;-313.0;-124.0
52.0;62.0;748.0;-183.0;105.0;946.0;80.0;53.0;-188.0;-353.0;-132.0
224.0;95.0;666.0;682.0;81.0;929.0;861.0;8.0;-61.0;-395.0;-158.0
-19.0;94.0;618.0;-350.0;133.0;872.0;-60.0;408.0;143.0;-501.0;11.0
188.0;117.0;797.0;451.0;257.0;934.0;-33.0;-18.0;109.0;-236.0;40.0
-102.0;217.0;1153.0;305.0;155.0;851.0;92.0;125.0;9.0;-575.0;18.0
-37.0;64.0;370.0;37.0;-29.0;1168.0;140.0;163.0;112.0;-664.0;187.0
195.0;87.0;725.0;764.0;153.0;953.0;754.0;-16.0;-144.0;-339.0;-69.0
172.0;128.0;706.0;685.0;140.0;951.0;944.0;11.0;-143.0;-319.0;-71.0
173.0;110.0;711.0;657.0;155.0;952.0;923.0;-5.0;-113.0;-341.0;-117.0
127.0;105.0;716.0;725.0;160.0;950.0;819.0;-24.0;-129.0;-341.0;-99.0
118.0;95.0;724.0;638.0;173.0;942.0;995.0;-12.0;-119.0;-410.0;-67.0
-80.0;422.0;436.0;-29.0;-122.0;929.0;175.0;118.0;-405.0;-368.0;133.0
14.0;265.0;1306.0;237.0;-9.0;950.0;307.0;112.0;107.0;-506.0;77.0
-49.0;299.0;1223.0;278.0;253.0;943.0;187.0;208.0;-69.0;-483.0;5.0
445.0;261.0;1042.0;253.0;-45.0;1204.0;201.0;97.0;-90.0;-367.0;100.0
188.0;50.0;1136.0;26.0;291.0;825.0;362.0;171.0;164.0;-328.0;-38.0
141.0;326.0;648.0;13.0;62.0;980.0;67.0;78.0;-490.0;-270.0;29.0
152.0;326.0;650.0;17.0;61.0;969.0;52.0;77.0;-480.0;-239.0;28.0
-109.0;86.0;793.0;258.0;-47.0;1182.0;642.0;56.0;26.0;-736.0;-216.0
-150.0;120.0;682.0;473.0;190.0;751.0;1147.0;232.0;-4.0;-269.0;299.0
130.0;330.0;648.0;-1.0;59.0;990.0;50.0;71.0;-478.0;-254.0;26.0
112.0;333.0;646.0;-30.0;60.0;970.0;42.0;80.0;-468.0;-250.0;29.0
133.0;336.0;643.0;-10.0;67.0;982.0;59.0;87.0;-465.0;-242.0;38.0
90.0;338.0;642.0;0.0;62.0;988.0;80.0;92.0;-472.0;-256.0;43.0
111.0;337.0;634.0;-1.0;52.0;983.0;70.0;95.0;-466.0;-253.0;54.0
158.0;102.0;676.0;761.0;69.0;1026.0;807.0;17.0;-77.0;-255.0;-18.0
126.0;324.0;633.0;30.0;86.0;989.0;51.0;91.0;-490.0;-220.0;89.0
108.0;325.0;630.0;-1.0;89.0;1005.0;62.0;90.0;-456.0;-231.0;44.0
-92.0;532.0;461.0;260.0;-82.0;909.0;607.0;231.0;-740.0;-434.0;144.0
168.0;269.0;752.0;387.0;143.0;980.0;805.0;-92.0;-505.0;-270.0;-37.0
175.0;264.0;758.0;566.0;172.0;941.0;666.0;-116.0;-535.0;-309.0;-95.0
368.0;222.0;1058.0;200.0;129.0;1013.0;353.0;235.0;-197.0;-765.0;90.0
243.0;62.0;891.0;-205.0;375.0;736.0;-31.0;-91.0;84.0;-644.0;-259.0
17.0;20.0;727.0;515.0;-30.0;951.0;1026.0;4.0;10.0;-436.0;29.0
173.0;200.0;805.0;641.0;180.0;950.0;601.0;-148.0;-388.0;-309.0;-115.0
204.0;212.0;806.0;485.0;162.0;971.0;662.0;-125.0;-444.0;-250.0;-74.0
-59.0;101.0;724.0;499.0;-35.0;1107.0;1022.0;16.0;-6.0;-348.0;30.0
200.0;192.0;799.0;507.0;155.0;998.0;817.0;-104.0;-383.0;-250.0;-48.0
-75.0;462.0;701.0;810.0;-17.0;1014.0;683.0;76.0;39.0;-320.0;133.0
110.0;336.0;677.0;-65.0;98.0;998.0;121.0;25.0;-507.0;-198.0;1.0
91.0;324.0;638.0;-69.0;51.0;1003.0;92.0;86.0;-436.0;-201.0;22.0
20.0;635.0;663.0;-232.0;-235.0;1012.0;-69.0;312.0;-632.0;10.0;36.0
110.0;309.0;645.0;-58.0;34.0;989.0;49.0;69.0;-430.0;-218.0;1.0
85.0;356.0;636.0;-100.0;43.0;997.0;-21.0;35.0;-521.0;-140.0;-10.0
131.0;307.0;643.0;-44.0;40.0;997.0;57.0;70.0;-426.0;-223.0;5.0
338.0;310.0;921.0;-36.0;-2.0;1069.0;497.0;197.0;-127.0;-727.0;241.0
-56.0;248.0;718.0;-22.0;-216.0;914.0;336.0;212.0;380.0;-659.0;95.0
-385.0;304.0;921.0;-20.0;-59.0;1055.0;363.0;223.0;139.0;-553.0;84.0
-291.0;118.0;816.0;-154.0;121.0;883.0;383.0;-41.0;89.0;-600.0;291.0
-171.0;482.0;409.0;-61.0;269.0;683.0;365.0;402.0;-202.0;-301.0;5.0
62.0;118.0;780.0;201.0;-32.0;1362.0;476.0;206.0;-170.0;-465.0;-324.0
150.0;227.0;760.0;495.0;155.0;977.0;866.0;-116.0;-455.0;-249.0;-75.0
172.0;225.0;729.0;585.0;151.0;925.0;880.0;-74.0;-447.0;-379.0;-106.0
12.0;106.0;714.0;-43.0;8.0;1130.0;215.0;31.0;176.0;-693.0;425.0
990.0;431.0;-592.0;-622.0;-433.0;563.0;-373.0;-329.0;-517.0;34.0;-776.0
-79.0;-584.0;520.0;308.0;94.0;953.0;559.0;22.0;865.0;-354.0;59.0
-65.0;-68.0;203.0;318.0;346.0;989.0;700.0;437.0;188.0;-250.0;86.0
164.0;275.0;751.0;509.0;138.0;990.0;795.0;-111.0;-511.0;-264.0;-58.0
-84.0;417.0;495.0;836.0;66.0;940.0;786.0;270.0;-204.0;-329.0;161.0
120.0;313.0;683.0;646.0;41.0;952.0;759.0;-45.0;-511.0;-308.0;-80.0
-263.0;260.0;754.0;487.0;335.0;689.0;651.0;506.0;-254.0;-548.0;434.0
179.0;229.0;1053.0;214.0;-49.0;1287.0;191.0;97.0;-113.0;-451.0;-31.0
-109.0;-135.0;660.0;446.0;700.0;383.0;669.0;74.0;470.0;-929.0;61.0
224.0;306.0;939.0;-104.0;269.0;584.0;294.0;351.0;5.0;-261.0;38.0
141.0;94.0;979.0;186.0;-47.0;1337.0;300.0;53.0;166.0;-526.0;-8.0
-113.0;623.0;565.0;402.0;189.0;943.0;662.0;237.0;-892.0;-356.0;31.0
-220.0;110.0;-38.0;324.0;822.0;9.0;471.0;536.0;-395.0;-900.0;423.0
-160.0;-69.0;203.0;566.0;29.0;1089.0;652.0;54.0;157.0;-321.0;-2.0
-156.0;509.0;501.0;266.0;139.0;970.0;740.0;403.0;-575.0;-314.0;177.0
-97.0;754.0;474.0;205.0;-48.0;942.0;709.0;173.0;-898.0;-375.0;142.0
9.0;513.0;560.0;518.0;212.0;960.0;930.0;259.0;-385.0;-240.0;190.0
-270.0;-363.0;576.0;782.0;448.0;576.0;733.0;37.0;247.0;-814.0;329.0
81.0;413.0;652.0;126.0;66.0;951.0;30.0;14.0;-712.0;-357.0;34.0
31.0;521.0;651.0;212.0;129.0;991.0;514.0;401.0;-661.0;-231.0;-27.0
-446.0;731.0;-36.0;357.0;834.0;10.0;621.0;816.0;-765.0;-870.0;547.0
195.0;214.0;738.0;440.0;130.0;965.0;767.0;-150.0;-478.0;-286.0;-174.0
-275.0;37.0;-116.0;322.0;948.0;-119.0;569.0;166.0;-371.0;-948.0;249.0
106.0;432.0;638.0;-115.0;34.0;978.0;43.0;41.0;-735.0;-252.0;38.0
-97.0;354.0;700.0;21.0;368.0;807.0;128.0;402.0;-373.0;-627.0;-108.0
-22.0;337.0;536.0;557.0;-12.0;950.0;903.0;107.0;-534.0;-327.0;77.0
-30.0;387.0;528.0;776.0;-20.0;939.0;761.0;107.0;-421.0;-387.0;37.0
9.0;522.0;643.0;-101.0;404.0;974.0;519.0;429.0;226.0;-488.0;84.0
40.0;584.0;589.0;484.0;31.0;979.0;790.0;175.0;-829.0;-307.0;32.0
41.0;272.0;562.0;121.0;102.0;976.0;1058.0;272.0;-598.0;-252.0;43.0
123.0;274.0;696.0;553.0;121.0;969.0;819.0;-71.0;-516.0;-217.0;0.0
135.0;-121.0;683.0;768.0;-90.0;693.0;710.0;285.0;-115.0;-309.0;60.0
-35.0;31.0;545.0;-270.0;2.0;875.0;454.0;330.0;318.0;-529.0;30.0
193.0;228.0;709.0;538.0;109.0;995.0;925.0;-77.0;-425.0;-269.0;-67.0
-221.0;260.0;1056.0;155.0;37.0;1103.0;302.0;267.0;257.0;-651.0;161.0
-94.0;494.0;846.0;263.0;292.0;850.0;304.0;490.0;-545.0;-423.0;157.0
-82.0;456.0;463.0;161.0;-71.0;928.0;467.0;171.0;-887.0;-375.0;129.0
84.0;307.0;655.0;-85.0;55.0;989.0;11.0;16.0;-466.0;-152.0;-16.0
-136.0;56.0;453.0;-62.0;350.0;738.0;49.0;86.0;-120.0;-730.0;-67.0
